[2026-07-31 03:16:11] local.ERROR: The D:\KULIAH\BERAU COAL INTERN\logbook\bootstrap\cache directory must be present and writable. {"exception":"[object] (Exception(code: 0): The D:\\KULIAH\\BERAU COAL INTERN\\logbook\\bootstrap\\cache directory must be present and writable. at D:/KULIAH/BERAU COAL INTERN/logbook/vendor/laravel/framework/src/Illuminate/Foundation/PackageManifest.php:179)
[stacktrace]
#0 D:/KULIAH/BERAU COAL INTERN/logbook/vendor/laravel/framework/src/Illuminate/Foundation/PackageManifest.php(132): Illuminate/Foundation/PackageManifest->write(Array)
#1 D:/KULIAH/BERAU COAL INTERN/logbook/vendor/laravel/framework/src/Illuminate/Foundation/PackageManifest.php(108): Illuminate/Foundation/PackageManifest->build()
#2 D:/KULIAH/BERAU COAL INTERN/logbook/vendor/laravel/framework/src/Illuminate/Foundation/PackageManifest.php(90): Illuminate/Foundation/PackageManifest->getManifest()
#3 D:/KULIAH/BERAU COAL INTERN/logbook/vendor/laravel/framework/src/Illuminate/Foundation/PackageManifest.php(79): Illuminate/Foundation/PackageManifest->config('aliases')
#4 D:/KULIAH/BERAU COAL INTERN/logbook/vendor/laravel/framework/src/Illuminate/Foundation/Bootstrap/RegisterFacades.php(26): Illuminate/Foundation/PackageManifest->aliases()
#5 D:/KULIAH/BERAU COAL INTERN/logbook/vendor/laravel/framework/src/Illuminate/Foundation/Application.php(342): Illuminate/Foundation/Bootstrap/RegisterFacades->bootstrap(Object(Illuminate/Foundation/Application))
#6 D:/KULIAH/BERAU COAL INTERN/logbook/vendor/laravel/framework/src/Illuminate/Foundation/Console/Kernel.php(494): Illuminate/Foundation/Application->bootstrapWith(Array)
#7 D:/KULIAH/BERAU COAL INTERN/logbook/vendor/laravel/framework/src/Illuminate/Foundation/Console/Kernel.php(196): Illuminate/Foundation/Console/Kernel->bootstrap()
#8 D:/KULIAH/BERAU COAL INTERN/logbook/vendor/laravel/framework/src/Illuminate/Foundation/Application.php(1235): Illuminate/Foundation/Console/Kernel->handle(Object(Symfony/Component/Console/Input/ArgvInput), Object(Symfony/Component/Console/Output/ConsoleOutput))
#9 D:/KULIAH/BERAU COAL INTERN/logbook/artisan(11): Illuminate/Foundation/Application->handleCommand(Object(Symfony/Component/Console/Input/ArgvInput))
#10 {main}
"} 
[2026-07-31 11:21:04] local.ERROR: SQLSTATE[HY000]: General error: 1 no such table: main.equipment (Connection: sqlite, Database: database/database.sqlite, SQL: insert into "ojt_logbooks" ("logbook_number", "trainee_id", "trainer_id", "supervisor_id", "department_id", "equipment_category_id", "equipment_id", "date", "shift", "location", "start_time", "finish_time", "hm_start", "hm_end", "total_hm", "daily_activity", "status", "submitted_at", "verified_at", "approved_at", "updated_at", "created_at") values (LOG-202607-0001, 1, 2, 3, 1, 1, 1, 2026-07-26 00:00:00, day, Pit H1 East - Bench 45, 07:00, 17:00, 4520.5, 4529, 8.5, 1. Pre-Operational Check & P2H Inspection on Komatsu PC2000-8 unit.
2. Inspection of hydraulic oil levels, bucket teeth wear, and track tension.
3. Digging and loading overburden into HT-7042 haul trucks (35 passes).
4. Maintaining clean loading pit layout and bench face angle safety.
5. End of shift housekeeping and refueling log registration., approved, 2026-07-26 21:21:04, 2026-07-27 13:21:04, 2026-07-28 15:21:04, 2026-07-31 11:21:04, 2026-07-31 11:21:04)) {"exception":"[object] (Illuminate\\Database\\QueryException(code: HY000): SQLSTATE[HY000]: General error: 1 no such table: main.equipment (Connection: sqlite, Database: database/database.sqlite, SQL: insert into \"ojt_logbooks\" (\"logbook_number\", \"trainee_id\", \"trainer_id\", \"supervisor_id\", \"department_id\", \"equipment_category_id\", \"equipment_id\", \"date\", \"shift\", \"location\", \"start_time\", \"finish_time\", \"hm_start\", \"hm_end\", \"total_hm\", \"daily_activity\", \"status\", \"submitted_at\", \"verified_at\", \"approved_at\", \"updated_at\", \"created_at\") values (LOG-202607-0001, 1, 2, 3, 1, 1, 1, 2026-07-26 00:00:00, day, Pit H1 East - Bench 45, 07:00, 17:00, 4520.5, 4529, 8.5, 1. Pre-Operational Check & P2H Inspection on Komatsu PC2000-8 unit.
2. Inspection of hydraulic oil levels, bucket teeth wear, and track tension.
3. Digging and loading overburden into HT-7042 haul trucks (35 passes).
4. Maintaining clean loading pit layout and bench face angle safety.
5. End of shift housekeeping and refueling log registration., approved, 2026-07-26 21:21:04, 2026-07-27 13:21:04, 2026-07-28 15:21:04, 2026-07-31 11:21:04, 2026-07-31 11:21:04)) at D:/KULIAH/BERAU COAL INTERN/logbook/vendor/laravel/framework/src/Illuminate/Database/Connection.php:838)
[stacktrace]
#0 D:/KULIAH/BERAU COAL INTERN/logbook/vendor/laravel/framework/src/Illuminate/Database/Connection.php(794): Illuminate/Database/Connection->runQueryCallback('insert into \"oj...', Array, Object(Closure))
#1 D:/KULIAH/BERAU COAL INTERN/logbook/vendor/laravel/framework/src/Illuminate/Database/Connection.php(573): Illuminate/Database/Connection->run('insert into \"oj...', Array, Object(Closure))
#2 D:/KULIAH/BERAU COAL INTERN/logbook/vendor/laravel/framework/src/Illuminate/Database/Connection.php(537): Illuminate/Database/Connection->statement('insert into \"oj...', Array)
#3 D:/KULIAH/BERAU COAL INTERN/logbook/vendor/laravel/framework/src/Illuminate/Database/Query/Processors/Processor.php(32): Illuminate/Database/Connection->insert('insert into \"oj...', Array)
#4 D:/KULIAH/BERAU COAL INTERN/logbook/vendor/laravel/framework/src/Illuminate/Database/Query/Builder.php(4170): Illuminate/Database/Query/Processors/Processor->processInsertGetId(Object(Illuminate/Database/Query/Builder), 'insert into \"oj...', Array, 'id')
#5 D:/KULIAH/BERAU COAL INTERN/logbook/vendor/laravel/framework/src/Illuminate/Database/Eloquent/Builder.php(2237): Illuminate/Database/Query/Builder->insertGetId(Array, 'id')
#6 D:/KULIAH/BERAU COAL INTERN/logbook/vendor/laravel/framework/src/Illuminate/Database/Eloquent/Model.php(1436): Illuminate/Database/Eloquent/Builder->__call('insertGetId', Array)
#7 D:/KULIAH/BERAU COAL INTERN/logbook/vendor/laravel/framework/src/Illuminate/Database/Eloquent/Model.php(1401): Illuminate/Database/Eloquent/Model->insertAndSetId(Object(Illuminate/Database/Eloquent/Builder), Array)
#8 D:/KULIAH/BERAU COAL INTERN/logbook/vendor/laravel/framework/src/Illuminate/Database/Eloquent/Model.php(1240): Illuminate/Database/Eloquent/Model->performInsert(Object(Illuminate/Database/Eloquent/Builder))
#9 D:/KULIAH/BERAU COAL INTERN/logbook/vendor/laravel/framework/src/Illuminate/Database/Eloquent/Builder.php(1219): Illuminate/Database/Eloquent/Model->save()
#10 D:/KULIAH/BERAU COAL INTERN/logbook/vendor/laravel/framework/src/Illuminate/Support/helpers.php(393): Illuminate/Database/Eloquent/Builder->Illuminate/Database/Eloquent/{closure}(Object(App/Models/OjtLogbook))
#11 D:/KULIAH/BERAU COAL INTERN/logbook/vendor/laravel/framework/src/Illuminate/Database/Eloquent/Builder.php(1218): tap(Object(App/Models/OjtLogbook), Object(Closure))
#12 D:/KULIAH/BERAU COAL INTERN/logbook/vendor/laravel/framework/src/Illuminate/Support/Traits/ForwardsCalls.php(23): Illuminate/Database/Eloquent/Builder->create(Array)
#13 D:/KULIAH/BERAU COAL INTERN/logbook/vendor/laravel/framework/src/Illuminate/Database/Eloquent/Model.php(2544): Illuminate/Database/Eloquent/Model->forwardCallTo(Object(Illuminate/Database/Eloquent/Builder), 'create', Array)
#14 D:/KULIAH/BERAU COAL INTERN/logbook/vendor/laravel/framework/src/Illuminate/Database/Eloquent/Model.php(2560): Illuminate/Database/Eloquent/Model->__call('create', Array)
#15 D:/KULIAH/BERAU COAL INTERN/logbook/database/seeders/OjtSeeder.php(131): Illuminate/Database/Eloquent/Model::__callStatic('create', Array)
#16 D:/KULIAH/BERAU COAL INTERN/logbook/vendor/laravel/framework/src/Illuminate/Container/BoundMethod.php(36): Database/Seeders/OjtSeeder->run()
#17 D:/KULIAH/BERAU COAL INTERN/logbook/vendor/laravel/framework/src/Illuminate/Container/Util.php(43): Illuminate/Container/BoundMethod::Illuminate/Container/{closure}()
#18 D:/KULIAH/BERAU COAL INTERN/logbook/vendor/laravel/framework/src/Illuminate/Container/BoundMethod.php(96): Illuminate/Container/Util::unwrapIfClosure(Object(Closure))
#19 D:/KULIAH/BERAU COAL INTERN/logbook/vendor/laravel/framework/src/Illuminate/Container/BoundMethod.php(35): Illuminate/Container/BoundMethod::callBoundMethod(Object(Illuminate/Foundation/Application), Array, Object(Closure))
#20 D:/KULIAH/BERAU COAL INTERN/logbook/vendor/laravel/framework/src/Illuminate/Container/Container.php(799): Illuminate/Container/BoundMethod::call(Object(Illuminate/Foundation/Application), Array, Array, NULL)
#21 D:/KULIAH/BERAU COAL INTERN/logbook/vendor/laravel/framework/src/Illuminate/Database/Seeder.php(184): Illuminate/Container/Container->call(Array, Array)
#22 D:/KULIAH/BERAU COAL INTERN/logbook/vendor/laravel/framework/src/Illuminate/Database/Seeder.php(193): Illuminate/Database/Seeder->Illuminate/Database/{closure}()
#23 D:/KULIAH/BERAU COAL INTERN/logbook/vendor/laravel/framework/src/Illuminate/Database/Seeder.php(59): Illuminate/Database/Seeder->__invoke(Array)
#24 D:/KULIAH/BERAU COAL INTERN/logbook/database/seeders/DatabaseSeeder.php(11): Illuminate/Database/Seeder->call('Database//Seeder...')
#25 D:/KULIAH/BERAU COAL INTERN/logbook/vendor/laravel/framework/src/Illuminate/Container/BoundMethod.php(36): Database/Seeders/DatabaseSeeder->run()
#26 D:/KULIAH/BERAU COAL INTERN/logbook/vendor/laravel/framework/src/Illuminate/Container/Util.php(43): Illuminate/Container/BoundMethod::Illuminate/Container/{closure}()
#27 D:/KULIAH/BERAU COAL INTERN/logbook/vendor/laravel/framework/src/Illuminate/Container/BoundMethod.php(96): Illuminate/Container/Util::unwrapIfClosure(Object(Closure))
#28 D:/KULIAH/BERAU COAL INTERN/logbook/vendor/laravel/framework/src/Illuminate/Container/BoundMethod.php(35): Illuminate/Container/BoundMethod::callBoundMethod(Object(Illuminate/Foundation/Application), Array, Object(Closure))
#29 D:/KULIAH/BERAU COAL INTERN/logbook/vendor/laravel/framework/src/Illuminate/Container/Container.php(799): Illuminate/Container/BoundMethod::call(Object(Illuminate/Foundation/Application), Array, Array, NULL)
#30 D:/KULIAH/BERAU COAL INTERN/logbook/vendor/laravel/framework/src/Illuminate/Database/Seeder.php(184): Illuminate/Container/Container->call(Array, Array)
#31 D:/KULIAH/BERAU COAL INTERN/logbook/vendor/laravel/framework/src/Illuminate/Database/Seeder.php(193): Illuminate/Database/Seeder->Illuminate/Database/{closure}()
#32 D:/KULIAH/BERAU COAL INTERN/logbook/vendor/laravel/framework/src/Illuminate/Database/Console/Seeds/SeedCommand.php(71): Illuminate/Database/Seeder->__invoke()
#33 D:/KULIAH/BERAU COAL INTERN/logbook/vendor/laravel/framework/src/Illuminate/Database/Eloquent/Concerns/GuardsAttributes.php(157): Illuminate/Database/Console/Seeds/SeedCommand->Illuminate/Database/Console/Seeds/{closure}()
#34 D:/KULIAH/BERAU COAL INTERN/logbook/vendor/laravel/framework/src/Illuminate/Database/Console/Seeds/SeedCommand.php(70): Illuminate/Database/Eloquent/Model::unguarded(Object(Closure))
#35 D:/KULIAH/BERAU COAL INTERN/logbook/vendor/laravel/framework/src/Illuminate/Container/BoundMethod.php(36): Illuminate/Database/Console/Seeds/SeedCommand->handle()
#36 D:/KULIAH/BERAU COAL INTERN/logbook/vendor/laravel/framework/src/Illuminate/Container/Util.php(43): Illuminate/Container/BoundMethod::Illuminate/Container/{closure}()
#37 D:/KULIAH/BERAU COAL INTERN/logbook/vendor/laravel/framework/src/Illuminate/Container/BoundMethod.php(96): Illuminate/Container/Util::unwrapIfClosure(Object(Closure))
#38 D:/KULIAH/BERAU COAL INTERN/logbook/vendor/laravel/framework/src/Illuminate/Container/BoundMethod.php(35): Illuminate/Container/BoundMethod::callBoundMethod(Object(Illuminate/Foundation/Application), Array, Object(Closure))
#39 D:/KULIAH/BERAU COAL INTERN/logbook/vendor/laravel/framework/src/Illuminate/Container/Container.php(799): Illuminate/Container/BoundMethod::call(Object(Illuminate/Foundation/Application), Array, Array, NULL)
#40 D:/KULIAH/BERAU COAL INTERN/logbook/vendor/laravel/framework/src/Illuminate/Console/Command.php(211): Illuminate/Container/Container->call(Array)
#41 D:/KULIAH/BERAU COAL INTERN/logbook/vendor/symfony/console/Command/Command.php(341): Illuminate/Console/Command->execute(Object(Symfony/Component/Console/Input/ArrayInput), Object(Illuminate/Console/OutputStyle))
#42 D:/KULIAH/BERAU COAL INTERN/logbook/vendor/laravel/framework/src/Illuminate/Console/Command.php(180): Symfony/Component/Console/Command/Command->run(Object(Symfony/Component/Console/Input/ArrayInput), Object(Illuminate/Console/OutputStyle))
#43 D:/KULIAH/BERAU COAL INTERN/logbook/vendor/laravel/framework/src/Illuminate/Console/Concerns/CallsCommands.php(68): Illuminate/Console/Command->run(Object(Symfony/Component/Console/Input/ArrayInput), Object(Illuminate/Console/OutputStyle))
#44 D:/KULIAH/BERAU COAL INTERN/logbook/vendor/laravel/framework/src/Illuminate/Console/Concerns/CallsCommands.php(29): Illuminate/Console/Command->runCommand('db:seed', Array, Object(Illuminate/Console/OutputStyle))
#45 D:/KULIAH/BERAU COAL INTERN/logbook/vendor/laravel/framework/src/Illuminate/Database/Console/Migrations/FreshCommand.php(128): Illuminate/Console/Command->call('db:seed', Array)
#46 D:/KULIAH/BERAU COAL INTERN/logbook/vendor/laravel/framework/src/Illuminate/Database/Console/Migrations/FreshCommand.php(104): Illuminate/Database/Console/Migrations/FreshCommand->runSeeder(NULL)
#47 D:/KULIAH/BERAU COAL INTERN/logbook/vendor/laravel/framework/src/Illuminate/Container/BoundMethod.php(36): Illuminate/Database/Console/Migrations/FreshCommand->handle()
#48 D:/KULIAH/BERAU COAL INTERN/logbook/vendor/laravel/framework/src/Illuminate/Container/Util.php(43): Illuminate/Container/BoundMethod::Illuminate/Container/{closure}()
#49 D:/KULIAH/BERAU COAL INTERN/logbook/vendor/laravel/framework/src/Illuminate/Container/BoundMethod.php(96): Illuminate/Container/Util::unwrapIfClosure(Object(Closure))
#50 D:/KULIAH/BERAU COAL INTERN/logbook/vendor/laravel/framework/src/Illuminate/Container/BoundMethod.php(35): Illuminate/Container/BoundMethod::callBoundMethod(Object(Illuminate/Foundation/Application), Array, Object(Closure))
#51 D:/KULIAH/BERAU COAL INTERN/logbook/vendor/laravel/framework/src/Illuminate/Container/Container.php(799): Illuminate/Container/BoundMethod::call(Object(Illuminate/Foundation/Application), Array, Array, NULL)
#52 D:/KULIAH/BERAU COAL INTERN/logbook/vendor/laravel/framework/src/Illuminate/Console/Command.php(211): Illuminate/Container/Container->call(Array)
#53 D:/KULIAH/BERAU COAL INTERN/logbook/vendor/symfony/console/Command/Command.php(341): Illuminate/Console/Command->execute(Object(Symfony/Component/Console/Input/ArgvInput), Object(Illuminate/Console/OutputStyle))
#54 D:/KULIAH/BERAU COAL INTERN/logbook/vendor/laravel/framework/src/Illuminate/Console/Command.php(180): Symfony/Component/Console/Command/Command->run(Object(Symfony/Component/Console/Input/ArgvInput), Object(Illuminate/Console/OutputStyle))
#55 D:/KULIAH/BERAU COAL INTERN/logbook/vendor/symfony/console/Application.php(1117): Illuminate/Console/Command->run(Object(Symfony/Component/Console/Input/ArgvInput), Object(Symfony/Component/Console/Output/ConsoleOutput))
#56 D:/KULIAH/BERAU COAL INTERN/logbook/vendor/symfony/console/Application.php(356): Symfony/Component/Console/Application->doRunCommand(Object(Illuminate/Database/Console/Migrations/FreshCommand), Object(Symfony/Component/Console/Input/ArgvInput), Object(Symfony/Component/Console/Output/ConsoleOutput))
#57 D:/KULIAH/BERAU COAL INTERN/logbook/vendor/symfony/console/Application.php(195): Symfony/Component/Console/Application->doRun(Object(Symfony/Component/Console/Input/ArgvInput), Object(Symfony/Component/Console/Output/ConsoleOutput))
#58 D:/KULIAH/BERAU COAL INTERN/logbook/vendor/laravel/framework/src/Illuminate/Foundation/Console/Kernel.php(198): Symfony/Component/Console/Application->run(Object(Symfony/Component/Console/Input/ArgvInput), Object(Symfony/Component/Console/Output/ConsoleOutput))
#59 D:/KULIAH/BERAU COAL INTERN/logbook/vendor/laravel/framework/src/Illuminate/Foundation/Application.php(1235): Illuminate/Foundation/Console/Kernel->handle(Object(Symfony/Component/Console/Input/ArgvInput), Object(Symfony/Component/Console/Output/ConsoleOutput))
#60 D:/KULIAH/BERAU COAL INTERN/logbook/artisan(16): Illuminate/Foundation/Application->handleCommand(Object(Symfony/Component/Console/Input/ArgvInput))
#61 {main}

[previous exception] [object] (PDOException(code: HY000): SQLSTATE[HY000]: General error: 1 no such table: main.equipment at D:/KULIAH/BERAU COAL INTERN/logbook/vendor/laravel/framework/src/Illuminate/Database/Connection.php:578)
[stacktrace]
#0 D:/KULIAH/BERAU COAL INTERN/logbook/vendor/laravel/framework/src/Illuminate/Database/Connection.php(578): PDO->prepare('insert into \"oj...')
#1 D:/KULIAH/BERAU COAL INTERN/logbook/vendor/laravel/framework/src/Illuminate/Database/Connection.php(827): Illuminate/Database/Connection->Illuminate/Database/{closure}('insert into \"oj...', Array)
#2 D:/KULIAH/BERAU COAL INTERN/logbook/vendor/laravel/framework/src/Illuminate/Database/Connection.php(794): Illuminate/Database/Connection->runQueryCallback('insert into \"oj...', Array, Object(Closure))
#3 D:/KULIAH/BERAU COAL INTERN/logbook/vendor/laravel/framework/src/Illuminate/Database/Connection.php(573): Illuminate/Database/Connection->run('insert into \"oj...', Array, Object(Closure))
#4 D:/KULIAH/BERAU COAL INTERN/logbook/vendor/laravel/framework/src/Illuminate/Database/Connection.php(537): Illuminate/Database/Connection->statement('insert into \"oj...', Array)
#5 D:/KULIAH/BERAU COAL INTERN/logbook/vendor/laravel/framework/src/Illuminate/Database/Query/Processors/Processor.php(32): Illuminate/Database/Connection->insert('insert into \"oj...', Array)
#6 D:/KULIAH/BERAU COAL INTERN/logbook/vendor/laravel/framework/src/Illuminate/Database/Query/Builder.php(4170): Illuminate/Database/Query/Processors/Processor->processInsertGetId(Object(Illuminate/Database/Query/Builder), 'insert into \"oj...', Array, 'id')
#7 D:/KULIAH/BERAU COAL INTERN/logbook/vendor/laravel/framework/src/Illuminate/Database/Eloquent/Builder.php(2237): Illuminate/Database/Query/Builder->insertGetId(Array, 'id')
#8 D:/KULIAH/BERAU COAL INTERN/logbook/vendor/laravel/framework/src/Illuminate/Database/Eloquent/Model.php(1436): Illuminate/Database/Eloquent/Builder->__call('insertGetId', Array)
#9 D:/KULIAH/BERAU COAL INTERN/logbook/vendor/laravel/framework/src/Illuminate/Database/Eloquent/Model.php(1401): Illuminate/Database/Eloquent/Model->insertAndSetId(Object(Illuminate/Database/Eloquent/Builder), Array)
#10 D:/KULIAH/BERAU COAL INTERN/logbook/vendor/laravel/framework/src/Illuminate/Database/Eloquent/Model.php(1240): Illuminate/Database/Eloquent/Model->performInsert(Object(Illuminate/Database/Eloquent/Builder))
#11 D:/KULIAH/BERAU COAL INTERN/logbook/vendor/laravel/framework/src/Illuminate/Database/Eloquent/Builder.php(1219): Illuminate/Database/Eloquent/Model->save()
#12 D:/KULIAH/BERAU COAL INTERN/logbook/vendor/laravel/framework/src/Illuminate/Support/helpers.php(393): Illuminate/Database/Eloquent/Builder->Illuminate/Database/Eloquent/{closure}(Object(App/Models/OjtLogbook))
#13 D:/KULIAH/BERAU COAL INTERN/logbook/vendor/laravel/framework/src/Illuminate/Database/Eloquent/Builder.php(1218): tap(Object(App/Models/OjtLogbook), Object(Closure))
#14 D:/KULIAH/BERAU COAL INTERN/logbook/vendor/laravel/framework/src/Illuminate/Support/Traits/ForwardsCalls.php(23): Illuminate/Database/Eloquent/Builder->create(Array)
#15 D:/KULIAH/BERAU COAL INTERN/logbook/vendor/laravel/framework/src/Illuminate/Database/Eloquent/Model.php(2544): Illuminate/Database/Eloquent/Model->forwardCallTo(Object(Illuminate/Database/Eloquent/Builder), 'create', Array)
#16 D:/KULIAH/BERAU COAL INTERN/logbook/vendor/laravel/framework/src/Illuminate/Database/Eloquent/Model.php(2560): Illuminate/Database/Eloquent/Model->__call('create', Array)
#17 D:/KULIAH/BERAU COAL INTERN/logbook/database/seeders/OjtSeeder.php(131): Illuminate/Database/Eloquent/Model::__callStatic('create', Array)
#18 D:/KULIAH/BERAU COAL INTERN/logbook/vendor/laravel/framework/src/Illuminate/Container/BoundMethod.php(36): Database/Seeders/OjtSeeder->run()
#19 D:/KULIAH/BERAU COAL INTERN/logbook/vendor/laravel/framework/src/Illuminate/Container/Util.php(43): Illuminate/Container/BoundMethod::Illuminate/Container/{closure}()
#20 D:/KULIAH/BERAU COAL INTERN/logbook/vendor/laravel/framework/src/Illuminate/Container/BoundMethod.php(96): Illuminate/Container/Util::unwrapIfClosure(Object(Closure))
#21 D:/KULIAH/BERAU COAL INTERN/logbook/vendor/laravel/framework/src/Illuminate/Container/BoundMethod.php(35): Illuminate/Container/BoundMethod::callBoundMethod(Object(Illuminate/Foundation/Application), Array, Object(Closure))
#22 D:/KULIAH/BERAU COAL INTERN/logbook/vendor/laravel/framework/src/Illuminate/Container/Container.php(799): Illuminate/Container/BoundMethod::call(Object(Illuminate/Foundation/Application), Array, Array, NULL)
#23 D:/KULIAH/BERAU COAL INTERN/logbook/vendor/laravel/framework/src/Illuminate/Database/Seeder.php(184): Illuminate/Container/Container->call(Array, Array)
#24 D:/KULIAH/BERAU COAL INTERN/logbook/vendor/laravel/framework/src/Illuminate/Database/Seeder.php(193): Illuminate/Database/Seeder->Illuminate/Database/{closure}()
#25 D:/KULIAH/BERAU COAL INTERN/logbook/vendor/laravel/framework/src/Illuminate/Database/Seeder.php(59): Illuminate/Database/Seeder->__invoke(Array)
#26 D:/KULIAH/BERAU COAL INTERN/logbook/database/seeders/DatabaseSeeder.php(11): Illuminate/Database/Seeder->call('Database//Seeder...')
#27 D:/KULIAH/BERAU COAL INTERN/logbook/vendor/laravel/framework/src/Illuminate/Container/BoundMethod.php(36): Database/Seeders/DatabaseSeeder->run()
#28 D:/KULIAH/BERAU COAL INTERN/logbook/vendor/laravel/framework/src/Illuminate/Container/Util.php(43): Illuminate/Container/BoundMethod::Illuminate/Container/{closure}()
#29 D:/KULIAH/BERAU COAL INTERN/logbook/vendor/laravel/framework/src/Illuminate/Container/BoundMethod.php(96): Illuminate/Container/Util::unwrapIfClosure(Object(Closure))
#30 D:/KULIAH/BERAU COAL INTERN/logbook/vendor/laravel/framework/src/Illuminate/Container/BoundMethod.php(35): Illuminate/Container/BoundMethod::callBoundMethod(Object(Illuminate/Foundation/Application), Array, Object(Closure))
#31 D:/KULIAH/BERAU COAL INTERN/logbook/vendor/laravel/framework/src/Illuminate/Container/Container.php(799): Illuminate/Container/BoundMethod::call(Object(Illuminate/Foundation/Application), Array, Array, NULL)
#32 D:/KULIAH/BERAU COAL INTERN/logbook/vendor/laravel/framework/src/Illuminate/Database/Seeder.php(184): Illuminate/Container/Container->call(Array, Array)
#33 D:/KULIAH/BERAU COAL INTERN/logbook/vendor/laravel/framework/src/Illuminate/Database/Seeder.php(193): Illuminate/Database/Seeder->Illuminate/Database/{closure}()
#34 D:/KULIAH/BERAU COAL INTERN/logbook/vendor/laravel/framework/src/Illuminate/Database/Console/Seeds/SeedCommand.php(71): Illuminate/Database/Seeder->__invoke()
#35 D:/KULIAH/BERAU COAL INTERN/logbook/vendor/laravel/framework/src/Illuminate/Database/Eloquent/Concerns/GuardsAttributes.php(157): Illuminate/Database/Console/Seeds/SeedCommand->Illuminate/Database/Console/Seeds/{closure}()
#36 D:/KULIAH/BERAU COAL INTERN/logbook/vendor/laravel/framework/src/Illuminate/Database/Console/Seeds/SeedCommand.php(70): Illuminate/Database/Eloquent/Model::unguarded(Object(Closure))
#37 D:/KULIAH/BERAU COAL INTERN/logbook/vendor/laravel/framework/src/Illuminate/Container/BoundMethod.php(36): Illuminate/Database/Console/Seeds/SeedCommand->handle()
#38 D:/KULIAH/BERAU COAL INTERN/logbook/vendor/laravel/framework/src/Illuminate/Container/Util.php(43): Illuminate/Container/BoundMethod::Illuminate/Container/{closure}()
#39 D:/KULIAH/BERAU COAL INTERN/logbook/vendor/laravel/framework/src/Illuminate/Container/BoundMethod.php(96): Illuminate/Container/Util::unwrapIfClosure(Object(Closure))
#40 D:/KULIAH/BERAU COAL INTERN/logbook/vendor/laravel/framework/src/Illuminate/Container/BoundMethod.php(35): Illuminate/Container/BoundMethod::callBoundMethod(Object(Illuminate/Foundation/Application), Array, Object(Closure))
#41 D:/KULIAH/BERAU COAL INTERN/logbook/vendor/laravel/framework/src/Illuminate/Container/Container.php(799): Illuminate/Container/BoundMethod::call(Object(Illuminate/Foundation/Application), Array, Array, NULL)
#42 D:/KULIAH/BERAU COAL INTERN/logbook/vendor/laravel/framework/src/Illuminate/Console/Command.php(211): Illuminate/Container/Container->call(Array)
#43 D:/KULIAH/BERAU COAL INTERN/logbook/vendor/symfony/console/Command/Command.php(341): Illuminate/Console/Command->execute(Object(Symfony/Component/Console/Input/ArrayInput), Object(Illuminate/Console/OutputStyle))
#44 D:/KULIAH/BERAU COAL INTERN/logbook/vendor/laravel/framework/src/Illuminate/Console/Command.php(180): Symfony/Component/Console/Command/Command->run(Object(Symfony/Component/Console/Input/ArrayInput), Object(Illuminate/Console/OutputStyle))
#45 D:/KULIAH/BERAU COAL INTERN/logbook/vendor/laravel/framework/src/Illuminate/Console/Concerns/CallsCommands.php(68): Illuminate/Console/Command->run(Object(Symfony/Component/Console/Input/ArrayInput), Object(Illuminate/Console/OutputStyle))
#46 D:/KULIAH/BERAU COAL INTERN/logbook/vendor/laravel/framework/src/Illuminate/Console/Concerns/CallsCommands.php(29): Illuminate/Console/Command->runCommand('db:seed', Array, Object(Illuminate/Console/OutputStyle))
#47 D:/KULIAH/BERAU COAL INTERN/logbook/vendor/laravel/framework/src/Illuminate/Database/Console/Migrations/FreshCommand.php(128): Illuminate/Console/Command->call('db:seed', Array)
#48 D:/KULIAH/BERAU COAL INTERN/logbook/vendor/laravel/framework/src/Illuminate/Database/Console/Migrations/FreshCommand.php(104): Illuminate/Database/Console/Migrations/FreshCommand->runSeeder(NULL)
#49 D:/KULIAH/BERAU COAL INTERN/logbook/vendor/laravel/framework/src/Illuminate/Container/BoundMethod.php(36): Illuminate/Database/Console/Migrations/FreshCommand->handle()
#50 D:/KULIAH/BERAU COAL INTERN/logbook/vendor/laravel/framework/src/Illuminate/Container/Util.php(43): Illuminate/Container/BoundMethod::Illuminate/Container/{closure}()
#51 D:/KULIAH/BERAU COAL INTERN/logbook/vendor/laravel/framework/src/Illuminate/Container/BoundMethod.php(96): Illuminate/Container/Util::unwrapIfClosure(Object(Closure))
#52 D:/KULIAH/BERAU COAL INTERN/logbook/vendor/laravel/framework/src/Illuminate/Container/BoundMethod.php(35): Illuminate/Container/BoundMethod::callBoundMethod(Object(Illuminate/Foundation/Application), Array, Object(Closure))
#53 D:/KULIAH/BERAU COAL INTERN/logbook/vendor/laravel/framework/src/Illuminate/Container/Container.php(799): Illuminate/Container/BoundMethod::call(Object(Illuminate/Foundation/Application), Array, Array, NULL)
#54 D:/KULIAH/BERAU COAL INTERN/logbook/vendor/laravel/framework/src/Illuminate/Console/Command.php(211): Illuminate/Container/Container->call(Array)
#55 D:/KULIAH/BERAU COAL INTERN/logbook/vendor/symfony/console/Command/Command.php(341): Illuminate/Console/Command->execute(Object(Symfony/Component/Console/Input/ArgvInput), Object(Illuminate/Console/OutputStyle))
#56 D:/KULIAH/BERAU COAL INTERN/logbook/vendor/laravel/framework/src/Illuminate/Console/Command.php(180): Symfony/Component/Console/Command/Command->run(Object(Symfony/Component/Console/Input/ArgvInput), Object(Illuminate/Console/OutputStyle))
#57 D:/KULIAH/BERAU COAL INTERN/logbook/vendor/symfony/console/Application.php(1117): Illuminate/Console/Command->run(Object(Symfony/Component/Console/Input/ArgvInput), Object(Symfony/Component/Console/Output/ConsoleOutput))
#58 D:/KULIAH/BERAU COAL INTERN/logbook/vendor/symfony/console/Application.php(356): Symfony/Component/Console/Application->doRunCommand(Object(Illuminate/Database/Console/Migrations/FreshCommand), Object(Symfony/Component/Console/Input/ArgvInput), Object(Symfony/Component/Console/Output/ConsoleOutput))
#59 D:/KULIAH/BERAU COAL INTERN/logbook/vendor/symfony/console/Application.php(195): Symfony/Component/Console/Application->doRun(Object(Symfony/Component/Console/Input/ArgvInput), Object(Symfony/Component/Console/Output/ConsoleOutput))
#60 D:/KULIAH/BERAU COAL INTERN/logbook/vendor/laravel/framework/src/Illuminate/Foundation/Console/Kernel.php(198): Symfony/Component/Console/Application->run(Object(Symfony/Component/Console/Input/ArgvInput), Object(Symfony/Component/Console/Output/ConsoleOutput))
#61 D:/KULIAH/BERAU COAL INTERN/logbook/vendor/laravel/framework/src/Illuminate/Foundation/Application.php(1235): Illuminate/Foundation/Console/Kernel->handle(Object(Symfony/Component/Console/Input/ArgvInput), Object(Symfony/Component/Console/Output/ConsoleOutput))
#62 D:/KULIAH/BERAU COAL INTERN/logbook/artisan(16): Illuminate/Foundation/Application->handleCommand(Object(Symfony/Component/Console/Input/ArgvInput))
#63 {main}
"} 
[2026-07-31 11:28:30] local.ERROR: SQLSTATE[23000]: Integrity constraint violation: 19 UNIQUE constraint failed: departments.code (Connection: sqlite, Database: database/database.sqlite, SQL: insert into "departments" ("code", "name", "description", "updated_at", "created_at") values (MIN-OPS, Mining Operations, Mine Operation & Production Division, 2026-07-31 11:28:30, 2026-07-31 11:28:30)) {"exception":"[object] (Illuminate\\Database\\UniqueConstraintViolationException(code: 23000): SQLSTATE[23000]: Integrity constraint violation: 19 UNIQUE constraint failed: departments.code (Connection: sqlite, Database: database/database.sqlite, SQL: insert into \"departments\" (\"code\", \"name\", \"description\", \"updated_at\", \"created_at\") values (MIN-OPS, Mining Operations, Mine Operation & Production Division, 2026-07-31 11:28:30, 2026-07-31 11:28:30)) at D:/KULIAH/BERAU COAL INTERN/logbook/vendor/laravel/framework/src/Illuminate/Database/Connection.php:838)
[stacktrace]
#0 D:/KULIAH/BERAU COAL INTERN/logbook/vendor/laravel/framework/src/Illuminate/Database/Connection.php(794): Illuminate/Database/Connection->runQueryCallback('insert into \"de...', Array, Object(Closure))
#1 D:/KULIAH/BERAU COAL INTERN/logbook/vendor/laravel/framework/src/Illuminate/Database/Connection.php(573): Illuminate/Database/Connection->run('insert into \"de...', Array, Object(Closure))
#2 D:/KULIAH/BERAU COAL INTERN/logbook/vendor/laravel/framework/src/Illuminate/Database/Connection.php(537): Illuminate/Database/Connection->statement('insert into \"de...', Array)
#3 D:/KULIAH/BERAU COAL INTERN/logbook/vendor/laravel/framework/src/Illuminate/Database/Query/Processors/Processor.php(32): Illuminate/Database/Connection->insert('insert into \"de...', Array)
#4 D:/KULIAH/BERAU COAL INTERN/logbook/vendor/laravel/framework/src/Illuminate/Database/Query/Builder.php(4170): Illuminate/Database/Query/Processors/Processor->processInsertGetId(Object(Illuminate/Database/Query/Builder), 'insert into \"de...', Array, 'id')
#5 D:/KULIAH/BERAU COAL INTERN/logbook/vendor/laravel/framework/src/Illuminate/Database/Eloquent/Builder.php(2237): Illuminate/Database/Query/Builder->insertGetId(Array, 'id')
#6 D:/KULIAH/BERAU COAL INTERN/logbook/vendor/laravel/framework/src/Illuminate/Database/Eloquent/Model.php(1436): Illuminate/Database/Eloquent/Builder->__call('insertGetId', Array)
#7 D:/KULIAH/BERAU COAL INTERN/logbook/vendor/laravel/framework/src/Illuminate/Database/Eloquent/Model.php(1401): Illuminate/Database/Eloquent/Model->insertAndSetId(Object(Illuminate/Database/Eloquent/Builder), Array)
#8 D:/KULIAH/BERAU COAL INTERN/logbook/vendor/laravel/framework/src/Illuminate/Database/Eloquent/Model.php(1240): Illuminate/Database/Eloquent/Model->performInsert(Object(Illuminate/Database/Eloquent/Builder))
#9 D:/KULIAH/BERAU COAL INTERN/logbook/vendor/laravel/framework/src/Illuminate/Database/Eloquent/Builder.php(1219): Illuminate/Database/Eloquent/Model->save()
#10 D:/KULIAH/BERAU COAL INTERN/logbook/vendor/laravel/framework/src/Illuminate/Support/helpers.php(393): Illuminate/Database/Eloquent/Builder->Illuminate/Database/Eloquent/{closure}(Object(App/Models/Department))
#11 D:/KULIAH/BERAU COAL INTERN/logbook/vendor/laravel/framework/src/Illuminate/Database/Eloquent/Builder.php(1218): tap(Object(App/Models/Department), Object(Closure))
#12 D:/KULIAH/BERAU COAL INTERN/logbook/vendor/laravel/framework/src/Illuminate/Support/Traits/ForwardsCalls.php(23): Illuminate/Database/Eloquent/Builder->create(Array)
#13 D:/KULIAH/BERAU COAL INTERN/logbook/vendor/laravel/framework/src/Illuminate/Database/Eloquent/Model.php(2544): Illuminate/Database/Eloquent/Model->forwardCallTo(Object(Illuminate/Database/Eloquent/Builder), 'create', Array)
#14 D:/KULIAH/BERAU COAL INTERN/logbook/vendor/laravel/framework/src/Illuminate/Database/Eloquent/Model.php(2560): Illuminate/Database/Eloquent/Model->__call('create', Array)
#15 D:/KULIAH/BERAU COAL INTERN/logbook/database/seeders/OjtSeeder.php(21): Illuminate/Database/Eloquent/Model::__callStatic('create', Array)
#16 D:/KULIAH/BERAU COAL INTERN/logbook/vendor/laravel/framework/src/Illuminate/Container/BoundMethod.php(36): Database/Seeders/OjtSeeder->run()
#17 D:/KULIAH/BERAU COAL INTERN/logbook/vendor/laravel/framework/src/Illuminate/Container/Util.php(43): Illuminate/Container/BoundMethod::Illuminate/Container/{closure}()
#18 D:/KULIAH/BERAU COAL INTERN/logbook/vendor/laravel/framework/src/Illuminate/Container/BoundMethod.php(96): Illuminate/Container/Util::unwrapIfClosure(Object(Closure))
#19 D:/KULIAH/BERAU COAL INTERN/logbook/vendor/laravel/framework/src/Illuminate/Container/BoundMethod.php(35): Illuminate/Container/BoundMethod::callBoundMethod(Object(Illuminate/Foundation/Application), Array, Object(Closure))
#20 D:/KULIAH/BERAU COAL INTERN/logbook/vendor/laravel/framework/src/Illuminate/Container/Container.php(799): Illuminate/Container/BoundMethod::call(Object(Illuminate/Foundation/Application), Array, Array, NULL)
#21 D:/KULIAH/BERAU COAL INTERN/logbook/vendor/laravel/framework/src/Illuminate/Database/Seeder.php(184): Illuminate/Container/Container->call(Array, Array)
#22 D:/KULIAH/BERAU COAL INTERN/logbook/vendor/laravel/framework/src/Illuminate/Database/Seeder.php(193): Illuminate/Database/Seeder->Illuminate/Database/{closure}()
#23 D:/KULIAH/BERAU COAL INTERN/logbook/vendor/laravel/framework/src/Illuminate/Database/Seeder.php(59): Illuminate/Database/Seeder->__invoke(Array)
#24 D:/KULIAH/BERAU COAL INTERN/logbook/database/seeders/DatabaseSeeder.php(11): Illuminate/Database/Seeder->call('Database//Seeder...')
#25 D:/KULIAH/BERAU COAL INTERN/logbook/vendor/laravel/framework/src/Illuminate/Container/BoundMethod.php(36): Database/Seeders/DatabaseSeeder->run()
#26 D:/KULIAH/BERAU COAL INTERN/logbook/vendor/laravel/framework/src/Illuminate/Container/Util.php(43): Illuminate/Container/BoundMethod::Illuminate/Container/{closure}()
#27 D:/KULIAH/BERAU COAL INTERN/logbook/vendor/laravel/framework/src/Illuminate/Container/BoundMethod.php(96): Illuminate/Container/Util::unwrapIfClosure(Object(Closure))
#28 D:/KULIAH/BERAU COAL INTERN/logbook/vendor/laravel/framework/src/Illuminate/Container/BoundMethod.php(35): Illuminate/Container/BoundMethod::callBoundMethod(Object(Illuminate/Foundation/Application), Array, Object(Closure))
#29 D:/KULIAH/BERAU COAL INTERN/logbook/vendor/laravel/framework/src/Illuminate/Container/Container.php(799): Illuminate/Container/BoundMethod::call(Object(Illuminate/Foundation/Application), Array, Array, NULL)
#30 D:/KULIAH/BERAU COAL INTERN/logbook/vendor/laravel/framework/src/Illuminate/Database/Seeder.php(184): Illuminate/Container/Container->call(Array, Array)
#31 D:/KULIAH/BERAU COAL INTERN/logbook/vendor/laravel/framework/src/Illuminate/Database/Seeder.php(193): Illuminate/Database/Seeder->Illuminate/Database/{closure}()
#32 D:/KULIAH/BERAU COAL INTERN/logbook/vendor/laravel/framework/src/Illuminate/Database/Console/Seeds/SeedCommand.php(71): Illuminate/Database/Seeder->__invoke()
#33 D:/KULIAH/BERAU COAL INTERN/logbook/vendor/laravel/framework/src/Illuminate/Database/Eloquent/Concerns/GuardsAttributes.php(157): Illuminate/Database/Console/Seeds/SeedCommand->Illuminate/Database/Console/Seeds/{closure}()
#34 D:/KULIAH/BERAU COAL INTERN/logbook/vendor/laravel/framework/src/Illuminate/Database/Console/Seeds/SeedCommand.php(70): Illuminate/Database/Eloquent/Model::unguarded(Object(Closure))
#35 D:/KULIAH/BERAU COAL INTERN/logbook/vendor/laravel/framework/src/Illuminate/Container/BoundMethod.php(36): Illuminate/Database/Console/Seeds/SeedCommand->handle()
#36 D:/KULIAH/BERAU COAL INTERN/logbook/vendor/laravel/framework/src/Illuminate/Container/Util.php(43): Illuminate/Container/BoundMethod::Illuminate/Container/{closure}()
#37 D:/KULIAH/BERAU COAL INTERN/logbook/vendor/laravel/framework/src/Illuminate/Container/BoundMethod.php(96): Illuminate/Container/Util::unwrapIfClosure(Object(Closure))
#38 D:/KULIAH/BERAU COAL INTERN/logbook/vendor/laravel/framework/src/Illuminate/Container/BoundMethod.php(35): Illuminate/Container/BoundMethod::callBoundMethod(Object(Illuminate/Foundation/Application), Array, Object(Closure))
#39 D:/KULIAH/BERAU COAL INTERN/logbook/vendor/laravel/framework/src/Illuminate/Container/Container.php(799): Illuminate/Container/BoundMethod::call(Object(Illuminate/Foundation/Application), Array, Array, NULL)
#40 D:/KULIAH/BERAU COAL INTERN/logbook/vendor/laravel/framework/src/Illuminate/Console/Command.php(211): Illuminate/Container/Container->call(Array)
#41 D:/KULIAH/BERAU COAL INTERN/logbook/vendor/symfony/console/Command/Command.php(341): Illuminate/Console/Command->execute(Object(Symfony/Component/Console/Input/ArrayInput), Object(Illuminate/Console/OutputStyle))
#42 D:/KULIAH/BERAU COAL INTERN/logbook/vendor/laravel/framework/src/Illuminate/Console/Command.php(180): Symfony/Component/Console/Command/Command->run(Object(Symfony/Component/Console/Input/ArrayInput), Object(Illuminate/Console/OutputStyle))
#43 D:/KULIAH/BERAU COAL INTERN/logbook/vendor/laravel/framework/src/Illuminate/Console/Concerns/CallsCommands.php(68): Illuminate/Console/Command->run(Object(Symfony/Component/Console/Input/ArrayInput), Object(Illuminate/Console/OutputStyle))
#44 D:/KULIAH/BERAU COAL INTERN/logbook/vendor/laravel/framework/src/Illuminate/Console/Concerns/CallsCommands.php(29): Illuminate/Console/Command->runCommand('db:seed', Array, Object(Illuminate/Console/OutputStyle))
#45 D:/KULIAH/BERAU COAL INTERN/logbook/vendor/laravel/framework/src/Illuminate/Database/Console/Migrations/MigrateCommand.php(125): Illuminate/Console/Command->call('db:seed', Array)
#46 D:/KULIAH/BERAU COAL INTERN/logbook/vendor/laravel/framework/src/Illuminate/Database/Migrations/Migrator.php(671): Illuminate/Database/Console/Migrations/MigrateCommand->Illuminate/Database/Console/Migrations/{closure}()
#47 D:/KULIAH/BERAU COAL INTERN/logbook/vendor/laravel/framework/src/Illuminate/Database/Console/Migrations/MigrateCommand.php(109): Illuminate/Database/Migrations/Migrator->usingConnection(NULL, Object(Closure))
#48 D:/KULIAH/BERAU COAL INTERN/logbook/vendor/laravel/framework/src/Illuminate/Database/Console/Migrations/MigrateCommand.php(88): Illuminate/Database/Console/Migrations/MigrateCommand->runMigrations()
#49 D:/KULIAH/BERAU COAL INTERN/logbook/vendor/laravel/framework/src/Illuminate/Container/BoundMethod.php(36): Illuminate/Database/Console/Migrations/MigrateCommand->handle()
#50 D:/KULIAH/BERAU COAL INTERN/logbook/vendor/laravel/framework/src/Illuminate/Container/Util.php(43): Illuminate/Container/BoundMethod::Illuminate/Container/{closure}()
#51 D:/KULIAH/BERAU COAL INTERN/logbook/vendor/laravel/framework/src/Illuminate/Container/BoundMethod.php(96): Illuminate/Container/Util::unwrapIfClosure(Object(Closure))
#52 D:/KULIAH/BERAU COAL INTERN/logbook/vendor/laravel/framework/src/Illuminate/Container/BoundMethod.php(35): Illuminate/Container/BoundMethod::callBoundMethod(Object(Illuminate/Foundation/Application), Array, Object(Closure))
#53 D:/KULIAH/BERAU COAL INTERN/logbook/vendor/laravel/framework/src/Illuminate/Container/Container.php(799): Illuminate/Container/BoundMethod::call(Object(Illuminate/Foundation/Application), Array, Array, NULL)
#54 D:/KULIAH/BERAU COAL INTERN/logbook/vendor/laravel/framework/src/Illuminate/Console/Command.php(211): Illuminate/Container/Container->call(Array)
#55 D:/KULIAH/BERAU COAL INTERN/logbook/vendor/symfony/console/Command/Command.php(341): Illuminate/Console/Command->execute(Object(Symfony/Component/Console/Input/ArgvInput), Object(Illuminate/Console/OutputStyle))
#56 D:/KULIAH/BERAU COAL INTERN/logbook/vendor/laravel/framework/src/Illuminate/Console/Command.php(180): Symfony/Component/Console/Command/Command->run(Object(Symfony/Component/Console/Input/ArgvInput), Object(Illuminate/Console/OutputStyle))
#57 D:/KULIAH/BERAU COAL INTERN/logbook/vendor/symfony/console/Application.php(1117): Illuminate/Console/Command->run(Object(Symfony/Component/Console/Input/ArgvInput), Object(Symfony/Component/Console/Output/ConsoleOutput))
#58 D:/KULIAH/BERAU COAL INTERN/logbook/vendor/symfony/console/Application.php(356): Symfony/Component/Console/Application->doRunCommand(Object(Illuminate/Database/Console/Migrations/MigrateCommand), Object(Symfony/Component/Console/Input/ArgvInput), Object(Symfony/Component/Console/Output/ConsoleOutput))
#59 D:/KULIAH/BERAU COAL INTERN/logbook/vendor/symfony/console/Application.php(195): Symfony/Component/Console/Application->doRun(Object(Symfony/Component/Console/Input/ArgvInput), Object(Symfony/Component/Console/Output/ConsoleOutput))
#60 D:/KULIAH/BERAU COAL INTERN/logbook/vendor/laravel/framework/src/Illuminate/Foundation/Console/Kernel.php(198): Symfony/Component/Console/Application->run(Object(Symfony/Component/Console/Input/ArgvInput), Object(Symfony/Component/Console/Output/ConsoleOutput))
#61 D:/KULIAH/BERAU COAL INTERN/logbook/vendor/laravel/framework/src/Illuminate/Foundation/Application.php(1235): Illuminate/Foundation/Console/Kernel->handle(Object(Symfony/Component/Console/Input/ArgvInput), Object(Symfony/Component/Console/Output/ConsoleOutput))
#62 D:/KULIAH/BERAU COAL INTERN/logbook/artisan(16): Illuminate/Foundation/Application->handleCommand(Object(Symfony/Component/Console/Input/ArgvInput))
#63 {main}

[previous exception] [object] (PDOException(code: 23000): SQLSTATE[23000]: Integrity constraint violation: 19 UNIQUE constraint failed: departments.code at D:/KULIAH/BERAU COAL INTERN/logbook/vendor/laravel/framework/src/Illuminate/Database/Connection.php:584)
[stacktrace]
#0 D:/KULIAH/BERAU COAL INTERN/logbook/vendor/laravel/framework/src/Illuminate/Database/Connection.php(584): PDOStatement->execute()
#1 D:/KULIAH/BERAU COAL INTERN/logbook/vendor/laravel/framework/src/Illuminate/Database/Connection.php(827): Illuminate/Database/Connection->Illuminate/Database/{closure}('insert into \"de...', Array)
#2 D:/KULIAH/BERAU COAL INTERN/logbook/vendor/laravel/framework/src/Illuminate/Database/Connection.php(794): Illuminate/Database/Connection->runQueryCallback('insert into \"de...', Array, Object(Closure))
#3 D:/KULIAH/BERAU COAL INTERN/logbook/vendor/laravel/framework/src/Illuminate/Database/Connection.php(573): Illuminate/Database/Connection->run('insert into \"de...', Array, Object(Closure))
#4 D:/KULIAH/BERAU COAL INTERN/logbook/vendor/laravel/framework/src/Illuminate/Database/Connection.php(537): Illuminate/Database/Connection->statement('insert into \"de...', Array)
#5 D:/KULIAH/BERAU COAL INTERN/logbook/vendor/laravel/framework/src/Illuminate/Database/Query/Processors/Processor.php(32): Illuminate/Database/Connection->insert('insert into \"de...', Array)
#6 D:/KULIAH/BERAU COAL INTERN/logbook/vendor/laravel/framework/src/Illuminate/Database/Query/Builder.php(4170): Illuminate/Database/Query/Processors/Processor->processInsertGetId(Object(Illuminate/Database/Query/Builder), 'insert into \"de...', Array, 'id')
#7 D:/KULIAH/BERAU COAL INTERN/logbook/vendor/laravel/framework/src/Illuminate/Database/Eloquent/Builder.php(2237): Illuminate/Database/Query/Builder->insertGetId(Array, 'id')
#8 D:/KULIAH/BERAU COAL INTERN/logbook/vendor/laravel/framework/src/Illuminate/Database/Eloquent/Model.php(1436): Illuminate/Database/Eloquent/Builder->__call('insertGetId', Array)
#9 D:/KULIAH/BERAU COAL INTERN/logbook/vendor/laravel/framework/src/Illuminate/Database/Eloquent/Model.php(1401): Illuminate/Database/Eloquent/Model->insertAndSetId(Object(Illuminate/Database/Eloquent/Builder), Array)
#10 D:/KULIAH/BERAU COAL INTERN/logbook/vendor/laravel/framework/src/Illuminate/Database/Eloquent/Model.php(1240): Illuminate/Database/Eloquent/Model->performInsert(Object(Illuminate/Database/Eloquent/Builder))
#11 D:/KULIAH/BERAU COAL INTERN/logbook/vendor/laravel/framework/src/Illuminate/Database/Eloquent/Builder.php(1219): Illuminate/Database/Eloquent/Model->save()
#12 D:/KULIAH/BERAU COAL INTERN/logbook/vendor/laravel/framework/src/Illuminate/Support/helpers.php(393): Illuminate/Database/Eloquent/Builder->Illuminate/Database/Eloquent/{closure}(Object(App/Models/Department))
#13 D:/KULIAH/BERAU COAL INTERN/logbook/vendor/laravel/framework/src/Illuminate/Database/Eloquent/Builder.php(1218): tap(Object(App/Models/Department), Object(Closure))
#14 D:/KULIAH/BERAU COAL INTERN/logbook/vendor/laravel/framework/src/Illuminate/Support/Traits/ForwardsCalls.php(23): Illuminate/Database/Eloquent/Builder->create(Array)
#15 D:/KULIAH/BERAU COAL INTERN/logbook/vendor/laravel/framework/src/Illuminate/Database/Eloquent/Model.php(2544): Illuminate/Database/Eloquent/Model->forwardCallTo(Object(Illuminate/Database/Eloquent/Builder), 'create', Array)
#16 D:/KULIAH/BERAU COAL INTERN/logbook/vendor/laravel/framework/src/Illuminate/Database/Eloquent/Model.php(2560): Illuminate/Database/Eloquent/Model->__call('create', Array)
#17 D:/KULIAH/BERAU COAL INTERN/logbook/database/seeders/OjtSeeder.php(21): Illuminate/Database/Eloquent/Model::__callStatic('create', Array)
#18 D:/KULIAH/BERAU COAL INTERN/logbook/vendor/laravel/framework/src/Illuminate/Container/BoundMethod.php(36): Database/Seeders/OjtSeeder->run()
#19 D:/KULIAH/BERAU COAL INTERN/logbook/vendor/laravel/framework/src/Illuminate/Container/Util.php(43): Illuminate/Container/BoundMethod::Illuminate/Container/{closure}()
#20 D:/KULIAH/BERAU COAL INTERN/logbook/vendor/laravel/framework/src/Illuminate/Container/BoundMethod.php(96): Illuminate/Container/Util::unwrapIfClosure(Object(Closure))
#21 D:/KULIAH/BERAU COAL INTERN/logbook/vendor/laravel/framework/src/Illuminate/Container/BoundMethod.php(35): Illuminate/Container/BoundMethod::callBoundMethod(Object(Illuminate/Foundation/Application), Array, Object(Closure))
#22 D:/KULIAH/BERAU COAL INTERN/logbook/vendor/laravel/framework/src/Illuminate/Container/Container.php(799): Illuminate/Container/BoundMethod::call(Object(Illuminate/Foundation/Application), Array, Array, NULL)
#23 D:/KULIAH/BERAU COAL INTERN/logbook/vendor/laravel/framework/src/Illuminate/Database/Seeder.php(184): Illuminate/Container/Container->call(Array, Array)
#24 D:/KULIAH/BERAU COAL INTERN/logbook/vendor/laravel/framework/src/Illuminate/Database/Seeder.php(193): Illuminate/Database/Seeder->Illuminate/Database/{closure}()
#25 D:/KULIAH/BERAU COAL INTERN/logbook/vendor/laravel/framework/src/Illuminate/Database/Seeder.php(59): Illuminate/Database/Seeder->__invoke(Array)
#26 D:/KULIAH/BERAU COAL INTERN/logbook/database/seeders/DatabaseSeeder.php(11): Illuminate/Database/Seeder->call('Database//Seeder...')
#27 D:/KULIAH/BERAU COAL INTERN/logbook/vendor/laravel/framework/src/Illuminate/Container/BoundMethod.php(36): Database/Seeders/DatabaseSeeder->run()
#28 D:/KULIAH/BERAU COAL INTERN/logbook/vendor/laravel/framework/src/Illuminate/Container/Util.php(43): Illuminate/Container/BoundMethod::Illuminate/Container/{closure}()
#29 D:/KULIAH/BERAU COAL INTERN/logbook/vendor/laravel/framework/src/Illuminate/Container/BoundMethod.php(96): Illuminate/Container/Util::unwrapIfClosure(Object(Closure))
#30 D:/KULIAH/BERAU COAL INTERN/logbook/vendor/laravel/framework/src/Illuminate/Container/BoundMethod.php(35): Illuminate/Container/BoundMethod::callBoundMethod(Object(Illuminate/Foundation/Application), Array, Object(Closure))
#31 D:/KULIAH/BERAU COAL INTERN/logbook/vendor/laravel/framework/src/Illuminate/Container/Container.php(799): Illuminate/Container/BoundMethod::call(Object(Illuminate/Foundation/Application), Array, Array, NULL)
#32 D:/KULIAH/BERAU COAL INTERN/logbook/vendor/laravel/framework/src/Illuminate/Database/Seeder.php(184): Illuminate/Container/Container->call(Array, Array)
#33 D:/KULIAH/BERAU COAL INTERN/logbook/vendor/laravel/framework/src/Illuminate/Database/Seeder.php(193): Illuminate/Database/Seeder->Illuminate/Database/{closure}()
#34 D:/KULIAH/BERAU COAL INTERN/logbook/vendor/laravel/framework/src/Illuminate/Database/Console/Seeds/SeedCommand.php(71): Illuminate/Database/Seeder->__invoke()
#35 D:/KULIAH/BERAU COAL INTERN/logbook/vendor/laravel/framework/src/Illuminate/Database/Eloquent/Concerns/GuardsAttributes.php(157): Illuminate/Database/Console/Seeds/SeedCommand->Illuminate/Database/Console/Seeds/{closure}()
#36 D:/KULIAH/BERAU COAL INTERN/logbook/vendor/laravel/framework/src/Illuminate/Database/Console/Seeds/SeedCommand.php(70): Illuminate/Database/Eloquent/Model::unguarded(Object(Closure))
#37 D:/KULIAH/BERAU COAL INTERN/logbook/vendor/laravel/framework/src/Illuminate/Container/BoundMethod.php(36): Illuminate/Database/Console/Seeds/SeedCommand->handle()
#38 D:/KULIAH/BERAU COAL INTERN/logbook/vendor/laravel/framework/src/Illuminate/Container/Util.php(43): Illuminate/Container/BoundMethod::Illuminate/Container/{closure}()
#39 D:/KULIAH/BERAU COAL INTERN/logbook/vendor/laravel/framework/src/Illuminate/Container/BoundMethod.php(96): Illuminate/Container/Util::unwrapIfClosure(Object(Closure))
#40 D:/KULIAH/BERAU COAL INTERN/logbook/vendor/laravel/framework/src/Illuminate/Container/BoundMethod.php(35): Illuminate/Container/BoundMethod::callBoundMethod(Object(Illuminate/Foundation/Application), Array, Object(Closure))
#41 D:/KULIAH/BERAU COAL INTERN/logbook/vendor/laravel/framework/src/Illuminate/Container/Container.php(799): Illuminate/Container/BoundMethod::call(Object(Illuminate/Foundation/Application), Array, Array, NULL)
#42 D:/KULIAH/BERAU COAL INTERN/logbook/vendor/laravel/framework/src/Illuminate/Console/Command.php(211): Illuminate/Container/Container->call(Array)
#43 D:/KULIAH/BERAU COAL INTERN/logbook/vendor/symfony/console/Command/Command.php(341): Illuminate/Console/Command->execute(Object(Symfony/Component/Console/Input/ArrayInput), Object(Illuminate/Console/OutputStyle))
#44 D:/KULIAH/BERAU COAL INTERN/logbook/vendor/laravel/framework/src/Illuminate/Console/Command.php(180): Symfony/Component/Console/Command/Command->run(Object(Symfony/Component/Console/Input/ArrayInput), Object(Illuminate/Console/OutputStyle))
#45 D:/KULIAH/BERAU COAL INTERN/logbook/vendor/laravel/framework/src/Illuminate/Console/Concerns/CallsCommands.php(68): Illuminate/Console/Command->run(Object(Symfony/Component/Console/Input/ArrayInput), Object(Illuminate/Console/OutputStyle))
#46 D:/KULIAH/BERAU COAL INTERN/logbook/vendor/laravel/framework/src/Illuminate/Console/Concerns/CallsCommands.php(29): Illuminate/Console/Command->runCommand('db:seed', Array, Object(Illuminate/Console/OutputStyle))
#47 D:/KULIAH/BERAU COAL INTERN/logbook/vendor/laravel/framework/src/Illuminate/Database/Console/Migrations/MigrateCommand.php(125): Illuminate/Console/Command->call('db:seed', Array)
#48 D:/KULIAH/BERAU COAL INTERN/logbook/vendor/laravel/framework/src/Illuminate/Database/Migrations/Migrator.php(671): Illuminate/Database/Console/Migrations/MigrateCommand->Illuminate/Database/Console/Migrations/{closure}()
#49 D:/KULIAH/BERAU COAL INTERN/logbook/vendor/laravel/framework/src/Illuminate/Database/Console/Migrations/MigrateCommand.php(109): Illuminate/Database/Migrations/Migrator->usingConnection(NULL, Object(Closure))
#50 D:/KULIAH/BERAU COAL INTERN/logbook/vendor/laravel/framework/src/Illuminate/Database/Console/Migrations/MigrateCommand.php(88): Illuminate/Database/Console/Migrations/MigrateCommand->runMigrations()
#51 D:/KULIAH/BERAU COAL INTERN/logbook/vendor/laravel/framework/src/Illuminate/Container/BoundMethod.php(36): Illuminate/Database/Console/Migrations/MigrateCommand->handle()
#52 D:/KULIAH/BERAU COAL INTERN/logbook/vendor/laravel/framework/src/Illuminate/Container/Util.php(43): Illuminate/Container/BoundMethod::Illuminate/Container/{closure}()
#53 D:/KULIAH/BERAU COAL INTERN/logbook/vendor/laravel/framework/src/Illuminate/Container/BoundMethod.php(96): Illuminate/Container/Util::unwrapIfClosure(Object(Closure))
#54 D:/KULIAH/BERAU COAL INTERN/logbook/vendor/laravel/framework/src/Illuminate/Container/BoundMethod.php(35): Illuminate/Container/BoundMethod::callBoundMethod(Object(Illuminate/Foundation/Application), Array, Object(Closure))
#55 D:/KULIAH/BERAU COAL INTERN/logbook/vendor/laravel/framework/src/Illuminate/Container/Container.php(799): Illuminate/Container/BoundMethod::call(Object(Illuminate/Foundation/Application), Array, Array, NULL)
#56 D:/KULIAH/BERAU COAL INTERN/logbook/vendor/laravel/framework/src/Illuminate/Console/Command.php(211): Illuminate/Container/Container->call(Array)
#57 D:/KULIAH/BERAU COAL INTERN/logbook/vendor/symfony/console/Command/Command.php(341): Illuminate/Console/Command->execute(Object(Symfony/Component/Console/Input/ArgvInput), Object(Illuminate/Console/OutputStyle))
#58 D:/KULIAH/BERAU COAL INTERN/logbook/vendor/laravel/framework/src/Illuminate/Console/Command.php(180): Symfony/Component/Console/Command/Command->run(Object(Symfony/Component/Console/Input/ArgvInput), Object(Illuminate/Console/OutputStyle))
#59 D:/KULIAH/BERAU COAL INTERN/logbook/vendor/symfony/console/Application.php(1117): Illuminate/Console/Command->run(Object(Symfony/Component/Console/Input/ArgvInput), Object(Symfony/Component/Console/Output/ConsoleOutput))
#60 D:/KULIAH/BERAU COAL INTERN/logbook/vendor/symfony/console/Application.php(356): Symfony/Component/Console/Application->doRunCommand(Object(Illuminate/Database/Console/Migrations/MigrateCommand), Object(Symfony/Component/Console/Input/ArgvInput), Object(Symfony/Component/Console/Output/ConsoleOutput))
#61 D:/KULIAH/BERAU COAL INTERN/logbook/vendor/symfony/console/Application.php(195): Symfony/Component/Console/Application->doRun(Object(Symfony/Component/Console/Input/ArgvInput), Object(Symfony/Component/Console/Output/ConsoleOutput))
#62 D:/KULIAH/BERAU COAL INTERN/logbook/vendor/laravel/framework/src/Illuminate/Foundation/Console/Kernel.php(198): Symfony/Component/Console/Application->run(Object(Symfony/Component/Console/Input/ArgvInput), Object(Symfony/Component/Console/Output/ConsoleOutput))
#63 D:/KULIAH/BERAU COAL INTERN/logbook/vendor/laravel/framework/src/Illuminate/Foundation/Application.php(1235): Illuminate/Foundation/Console/Kernel->handle(Object(Symfony/Component/Console/Input/ArgvInput), Object(Symfony/Component/Console/Output/ConsoleOutput))
#64 D:/KULIAH/BERAU COAL INTERN/logbook/artisan(16): Illuminate/Foundation/Application->handleCommand(Object(Symfony/Component/Console/Input/ArgvInput))
#65 {main}
"} 
[2026-07-31 11:29:02] local.ERROR: Class "App\Http\Controllers\Controller" not found {"exception":"[object] (Error(code: 0): Class \"App\\Http\\Controllers\\Controller\" not found at D:/KULIAH/BERAU COAL INTERN/logbook/app/Http/Controllers/DashboardController.php:9)
[stacktrace]
#0 D:/KULIAH/BERAU COAL INTERN/logbook/vendor/composer/ClassLoader.php(576): include()
#1 D:/KULIAH/BERAU COAL INTERN/logbook/vendor/composer/ClassLoader.php(427): Composer/Autoload/{closure}('D://KULIAH//BERAU...')
#2 [internal function]: Composer/Autoload/ClassLoader->loadClass('App//Http//Contro...')
#3 D:/KULIAH/BERAU COAL INTERN/logbook/vendor/laravel/framework/src/Illuminate/Routing/Route.php(1125): is_a('App//Http//Contro...', 'Illuminate//Rout...', true)
#4 D:/KULIAH/BERAU COAL INTERN/logbook/vendor/laravel/framework/src/Illuminate/Routing/Route.php(1062): Illuminate/Routing/Route->controllerMiddleware()
#5 D:/KULIAH/BERAU COAL INTERN/logbook/vendor/laravel/framework/src/Illuminate/Routing/Router.php(834): Illuminate/Routing/Route->gatherMiddleware()
#6 D:/KULIAH/BERAU COAL INTERN/logbook/vendor/laravel/framework/src/Illuminate/Routing/Router.php(816): Illuminate/Routing/Router->gatherRouteMiddleware(Object(Illuminate/Routing/Route))
#7 D:/KULIAH/BERAU COAL INTERN/logbook/vendor/laravel/framework/src/Illuminate/Routing/Router.php(800): Illuminate/Routing/Router->runRouteWithinStack(Object(Illuminate/Routing/Route), Object(Illuminate/Http/Request))
#8 D:/KULIAH/BERAU COAL INTERN/logbook/vendor/laravel/framework/src/Illuminate/Routing/Router.php(764): Illuminate/Routing/Router->runRoute(Object(Illuminate/Http/Request), Object(Illuminate/Routing/Route))
#9 D:/KULIAH/BERAU COAL INTERN/logbook/vendor/laravel/framework/src/Illuminate/Routing/Router.php(753): Illuminate/Routing/Router->dispatchToRoute(Object(Illuminate/Http/Request))
#10 D:/KULIAH/BERAU COAL INTERN/logbook/vendor/laravel/framework/src/Illuminate/Foundation/Http/Kernel.php(200): Illuminate/Routing/Router->dispatch(Object(Illuminate/Http/Request))
#11 D:/KULIAH/BERAU COAL INTERN/logbook/vendor/laravel/framework/src/Illuminate/Pipeline/Pipeline.php(180): Illuminate/Foundation/Http/Kernel->Illuminate/Foundation/Http/{closure}(Object(Illuminate/Http/Request))
#12 D:/KULIAH/BERAU COAL INTERN/logbook/vendor/laravel/framework/src/Illuminate/Foundation/Http/Middleware/TransformsRequest.php(21): Illuminate/Pipeline/Pipeline->Illuminate/Pipeline/{closure}(Object(Illuminate/Http/Request))
#13 D:/KULIAH/BERAU COAL INTERN/logbook/vendor/laravel/framework/src/Illuminate/Foundation/Http/Middleware/ConvertEmptyStringsToNull.php(31): Illuminate/Foundation/Http/Middleware/TransformsRequest->handle(Object(Illuminate/Http/Request), Object(Closure))
#14 D:/KULIAH/BERAU COAL INTERN/logbook/vendor/laravel/framework/src/Illuminate/Pipeline/Pipeline.php(219): Illuminate/Foundation/Http/Middleware/ConvertEmptyStringsToNull->handle(Object(Illuminate/Http/Request), Object(Closure))
#15 D:/KULIAH/BERAU COAL INTERN/logbook/vendor/laravel/framework/src/Illuminate/Foundation/Http/Middleware/TransformsRequest.php(21): Illuminate/Pipeline/Pipeline->Illuminate/Pipeline/{closure}(Object(Illuminate/Http/Request))
#16 D:/KULIAH/BERAU COAL INTERN/logbook/vendor/laravel/framework/src/Illuminate/Foundation/Http/Middleware/TrimStrings.php(51): Illuminate/Foundation/Http/Middleware/TransformsRequest->handle(Object(Illuminate/Http/Request), Object(Closure))
#17 D:/KULIAH/BERAU COAL INTERN/logbook/vendor/laravel/framework/src/Illuminate/Pipeline/Pipeline.php(219): Illuminate/Foundation/Http/Middleware/TrimStrings->handle(Object(Illuminate/Http/Request), Object(Closure))
#18 D:/KULIAH/BERAU COAL INTERN/logbook/vendor/laravel/framework/src/Illuminate/Http/Middleware/ValidatePostSize.php(27): Illuminate/Pipeline/Pipeline->Illuminate/Pipeline/{closure}(Object(Illuminate/Http/Request))
#19 D:/KULIAH/BERAU COAL INTERN/logbook/vendor/laravel/framework/src/Illuminate/Pipeline/Pipeline.php(219): Illuminate/Http/Middleware/ValidatePostSize->handle(Object(Illuminate/Http/Request), Object(Closure))
#20 D:/KULIAH/BERAU COAL INTERN/logbook/vendor/laravel/framework/src/Illuminate/Foundation/Http/Middleware/PreventRequestsDuringMaintenance.php(109): Illuminate/Pipeline/Pipeline->Illuminate/Pipeline/{closure}(Object(Illuminate/Http/Request))
#21 D:/KULIAH/BERAU COAL INTERN/logbook/vendor/laravel/framework/src/Illuminate/Pipeline/Pipeline.php(219): Illuminate/Foundation/Http/Middleware/PreventRequestsDuringMaintenance->handle(Object(Illuminate/Http/Request), Object(Closure))
#22 D:/KULIAH/BERAU COAL INTERN/logbook/vendor/laravel/framework/src/Illuminate/Http/Middleware/HandleCors.php(61): Illuminate/Pipeline/Pipeline->Illuminate/Pipeline/{closure}(Object(Illuminate/Http/Request))
#23 D:/KULIAH/BERAU COAL INTERN/logbook/vendor/laravel/framework/src/Illuminate/Pipeline/Pipeline.php(219): Illuminate/Http/Middleware/HandleCors->handle(Object(Illuminate/Http/Request), Object(Closure))
#24 D:/KULIAH/BERAU COAL INTERN/logbook/vendor/laravel/framework/src/Illuminate/Http/Middleware/TrustProxies.php(58): Illuminate/Pipeline/Pipeline->Illuminate/Pipeline/{closure}(Object(Illuminate/Http/Request))
#25 D:/KULIAH/BERAU COAL INTERN/logbook/vendor/laravel/framework/src/Illuminate/Pipeline/Pipeline.php(219): Illuminate/Http/Middleware/TrustProxies->handle(Object(Illuminate/Http/Request), Object(Closure))
#26 D:/KULIAH/BERAU COAL INTERN/logbook/vendor/laravel/framework/src/Illuminate/Foundation/Http/Middleware/InvokeDeferredCallbacks.php(22): Illuminate/Pipeline/Pipeline->Illuminate/Pipeline/{closure}(Object(Illuminate/Http/Request))
#27 D:/KULIAH/BERAU COAL INTERN/logbook/vendor/laravel/framework/src/Illuminate/Pipeline/Pipeline.php(219): Illuminate/Foundation/Http/Middleware/InvokeDeferredCallbacks->handle(Object(Illuminate/Http/Request), Object(Closure))
#28 D:/KULIAH/BERAU COAL INTERN/logbook/vendor/laravel/framework/src/Illuminate/Http/Middleware/ValidatePathEncoding.php(26): Illuminate/Pipeline/Pipeline->Illuminate/Pipeline/{closure}(Object(Illuminate/Http/Request))
#29 D:/KULIAH/BERAU COAL INTERN/logbook/vendor/laravel/framework/src/Illuminate/Pipeline/Pipeline.php(219): Illuminate/Http/Middleware/ValidatePathEncoding->handle(Object(Illuminate/Http/Request), Object(Closure))
#30 D:/KULIAH/BERAU COAL INTERN/logbook/vendor/laravel/framework/src/Illuminate/Pipeline/Pipeline.php(137): Illuminate/Pipeline/Pipeline->Illuminate/Pipeline/{closure}(Object(Illuminate/Http/Request))
#31 D:/KULIAH/BERAU COAL INTERN/logbook/vendor/laravel/framework/src/Illuminate/Foundation/Http/Kernel.php(175): Illuminate/Pipeline/Pipeline->then(Object(Closure))
#32 D:/KULIAH/BERAU COAL INTERN/logbook/vendor/laravel/framework/src/Illuminate/Foundation/Http/Kernel.php(144): Illuminate/Foundation/Http/Kernel->sendRequestThroughRouter(Object(Illuminate/Http/Request))
#33 D:/KULIAH/BERAU COAL INTERN/logbook/public/index.php(13): Illuminate/Foundation/Http/Kernel->handle(Object(Illuminate/Http/Request))
#34 D:/KULIAH/BERAU COAL INTERN/logbook/vendor/laravel/framework/src/Illuminate/Foundation/resources/server.php(23): require_once('D://KULIAH//BERAU...')
#35 {main}
"} 
[2026-07-31 11:30:05] local.ERROR: SQLSTATE[HY000]: General error: 1 no such table: cache (Connection: sqlite, Database: database/database.sqlite, SQL: delete from "cache") {"exception":"[object] (Illuminate\\Database\\QueryException(code: HY000): SQLSTATE[HY000]: General error: 1 no such table: cache (Connection: sqlite, Database: database/database.sqlite, SQL: delete from \"cache\") at D:/KULIAH/BERAU COAL INTERN/logbook/vendor/laravel/framework/src/Illuminate/Database/Connection.php:838)
[stacktrace]
#0 D:/KULIAH/BERAU COAL INTERN/logbook/vendor/laravel/framework/src/Illuminate/Database/Connection.php(794): Illuminate/Database/Connection->runQueryCallback('delete from \"ca...', Array, Object(Closure))
#1 D:/KULIAH/BERAU COAL INTERN/logbook/vendor/laravel/framework/src/Illuminate/Database/Connection.php(597): Illuminate/Database/Connection->run('delete from \"ca...', Array, Object(Closure))
#2 D:/KULIAH/BERAU COAL INTERN/logbook/vendor/laravel/framework/src/Illuminate/Database/Connection.php(561): Illuminate/Database/Connection->affectingStatement('delete from \"ca...', Array)
#3 D:/KULIAH/BERAU COAL INTERN/logbook/vendor/laravel/framework/src/Illuminate/Database/Query/Builder.php(4426): Illuminate/Database/Connection->delete('delete from \"ca...', Array)
#4 D:/KULIAH/BERAU COAL INTERN/logbook/vendor/laravel/framework/src/Illuminate/Cache/DatabaseStore.php(433): Illuminate/Database/Query/Builder->delete()
#5 D:/KULIAH/BERAU COAL INTERN/logbook/vendor/laravel/framework/src/Illuminate/Cache/Repository.php(979): Illuminate/Cache/DatabaseStore->flush()
#6 D:/KULIAH/BERAU COAL INTERN/logbook/vendor/laravel/framework/src/Illuminate/Cache/Console/ClearCommand.php(68): Illuminate/Cache/Repository->__call('flush', Array)
#7 D:/KULIAH/BERAU COAL INTERN/logbook/vendor/laravel/framework/src/Illuminate/Container/BoundMethod.php(36): Illuminate/Cache/Console/ClearCommand->handle()
#8 D:/KULIAH/BERAU COAL INTERN/logbook/vendor/laravel/framework/src/Illuminate/Container/Util.php(43): Illuminate/Container/BoundMethod::Illuminate/Container/{closure}()
#9 D:/KULIAH/BERAU COAL INTERN/logbook/vendor/laravel/framework/src/Illuminate/Container/BoundMethod.php(96): Illuminate/Container/Util::unwrapIfClosure(Object(Closure))
#10 D:/KULIAH/BERAU COAL INTERN/logbook/vendor/laravel/framework/src/Illuminate/Container/BoundMethod.php(35): Illuminate/Container/BoundMethod::callBoundMethod(Object(Illuminate/Foundation/Application), Array, Object(Closure))
#11 D:/KULIAH/BERAU COAL INTERN/logbook/vendor/laravel/framework/src/Illuminate/Container/Container.php(799): Illuminate/Container/BoundMethod::call(Object(Illuminate/Foundation/Application), Array, Array, NULL)
#12 D:/KULIAH/BERAU COAL INTERN/logbook/vendor/laravel/framework/src/Illuminate/Console/Command.php(211): Illuminate/Container/Container->call(Array)
#13 D:/KULIAH/BERAU COAL INTERN/logbook/vendor/symfony/console/Command/Command.php(341): Illuminate/Console/Command->execute(Object(Symfony/Component/Console/Input/ArrayInput), Object(Illuminate/Console/OutputStyle))
#14 D:/KULIAH/BERAU COAL INTERN/logbook/vendor/laravel/framework/src/Illuminate/Console/Command.php(180): Symfony/Component/Console/Command/Command->run(Object(Symfony/Component/Console/Input/ArrayInput), Object(Illuminate/Console/OutputStyle))
#15 D:/KULIAH/BERAU COAL INTERN/logbook/vendor/laravel/framework/src/Illuminate/Console/Concerns/CallsCommands.php(68): Illuminate/Console/Command->run(Object(Symfony/Component/Console/Input/ArrayInput), Object(Symfony/Component/Console/Output/NullOutput))
#16 D:/KULIAH/BERAU COAL INTERN/logbook/vendor/laravel/framework/src/Illuminate/Console/Concerns/CallsCommands.php(41): Illuminate/Console/Command->runCommand('cache:clear', Array, Object(Symfony/Component/Console/Output/NullOutput))
#17 D:/KULIAH/BERAU COAL INTERN/logbook/vendor/laravel/framework/src/Illuminate/Console/Concerns/CallsCommands.php(53): Illuminate/Console/Command->callSilent('cache:clear', Array)
#18 D:/KULIAH/BERAU COAL INTERN/logbook/vendor/laravel/framework/src/Illuminate/Foundation/Console/OptimizeClearCommand.php(48): Illuminate/Console/Command->callSilently('cache:clear')
#19 D:/KULIAH/BERAU COAL INTERN/logbook/vendor/laravel/framework/src/Illuminate/Console/View/Components/Task.php(41): Illuminate/Foundation/Console/OptimizeClearCommand->Illuminate/Foundation/Console/{closure}()
#20 D:/KULIAH/BERAU COAL INTERN/logbook/vendor/laravel/framework/src/Illuminate/Console/View/Components/Factory.php(59): Illuminate/Console/View/Components/Task->render('cache', Object(Closure))
#21 D:/KULIAH/BERAU COAL INTERN/logbook/vendor/laravel/framework/src/Illuminate/Foundation/Console/OptimizeClearCommand.php(48): Illuminate/Console/View/Components/Factory->__call('task', Array)
#22 D:/KULIAH/BERAU COAL INTERN/logbook/vendor/laravel/framework/src/Illuminate/Container/BoundMethod.php(36): Illuminate/Foundation/Console/OptimizeClearCommand->handle()
#23 D:/KULIAH/BERAU COAL INTERN/logbook/vendor/laravel/framework/src/Illuminate/Container/Util.php(43): Illuminate/Container/BoundMethod::Illuminate/Container/{closure}()
#24 D:/KULIAH/BERAU COAL INTERN/logbook/vendor/laravel/framework/src/Illuminate/Container/BoundMethod.php(96): Illuminate/Container/Util::unwrapIfClosure(Object(Closure))
#25 D:/KULIAH/BERAU COAL INTERN/logbook/vendor/laravel/framework/src/Illuminate/Container/BoundMethod.php(35): Illuminate/Container/BoundMethod::callBoundMethod(Object(Illuminate/Foundation/Application), Array, Object(Closure))
#26 D:/KULIAH/BERAU COAL INTERN/logbook/vendor/laravel/framework/src/Illuminate/Container/Container.php(799): Illuminate/Container/BoundMethod::call(Object(Illuminate/Foundation/Application), Array, Array, NULL)
#27 D:/KULIAH/BERAU COAL INTERN/logbook/vendor/laravel/framework/src/Illuminate/Console/Command.php(211): Illuminate/Container/Container->call(Array)
#28 D:/KULIAH/BERAU COAL INTERN/logbook/vendor/symfony/console/Command/Command.php(341): Illuminate/Console/Command->execute(Object(Symfony/Component/Console/Input/ArgvInput), Object(Illuminate/Console/OutputStyle))
#29 D:/KULIAH/BERAU COAL INTERN/logbook/vendor/laravel/framework/src/Illuminate/Console/Command.php(180): Symfony/Component/Console/Command/Command->run(Object(Symfony/Component/Console/Input/ArgvInput), Object(Illuminate/Console/OutputStyle))
#30 D:/KULIAH/BERAU COAL INTERN/logbook/vendor/symfony/console/Application.php(1117): Illuminate/Console/Command->run(Object(Symfony/Component/Console/Input/ArgvInput), Object(Symfony/Component/Console/Output/ConsoleOutput))
#31 D:/KULIAH/BERAU COAL INTERN/logbook/vendor/symfony/console/Application.php(356): Symfony/Component/Console/Application->doRunCommand(Object(Illuminate/Foundation/Console/OptimizeClearCommand), Object(Symfony/Component/Console/Input/ArgvInput), Object(Symfony/Component/Console/Output/ConsoleOutput))
#32 D:/KULIAH/BERAU COAL INTERN/logbook/vendor/symfony/console/Application.php(195): Symfony/Component/Console/Application->doRun(Object(Symfony/Component/Console/Input/ArgvInput), Object(Symfony/Component/Console/Output/ConsoleOutput))
#33 D:/KULIAH/BERAU COAL INTERN/logbook/vendor/laravel/framework/src/Illuminate/Foundation/Console/Kernel.php(198): Symfony/Component/Console/Application->run(Object(Symfony/Component/Console/Input/ArgvInput), Object(Symfony/Component/Console/Output/ConsoleOutput))
#34 D:/KULIAH/BERAU COAL INTERN/logbook/vendor/laravel/framework/src/Illuminate/Foundation/Application.php(1235): Illuminate/Foundation/Console/Kernel->handle(Object(Symfony/Component/Console/Input/ArgvInput), Object(Symfony/Component/Console/Output/ConsoleOutput))
#35 D:/KULIAH/BERAU COAL INTERN/logbook/artisan(16): Illuminate/Foundation/Application->handleCommand(Object(Symfony/Component/Console/Input/ArgvInput))
#36 {main}

[previous exception] [object] (PDOException(code: HY000): SQLSTATE[HY000]: General error: 1 no such table: cache at D:/KULIAH/BERAU COAL INTERN/logbook/vendor/laravel/framework/src/Illuminate/Database/Connection.php:605)
[stacktrace]
#0 D:/KULIAH/BERAU COAL INTERN/logbook/vendor/laravel/framework/src/Illuminate/Database/Connection.php(605): PDO->prepare('delete from \"ca...')
#1 D:/KULIAH/BERAU COAL INTERN/logbook/vendor/laravel/framework/src/Illuminate/Database/Connection.php(827): Illuminate/Database/Connection->Illuminate/Database/{closure}('delete from \"ca...', Array)
#2 D:/KULIAH/BERAU COAL INTERN/logbook/vendor/laravel/framework/src/Illuminate/Database/Connection.php(794): Illuminate/Database/Connection->runQueryCallback('delete from \"ca...', Array, Object(Closure))
#3 D:/KULIAH/BERAU COAL INTERN/logbook/vendor/laravel/framework/src/Illuminate/Database/Connection.php(597): Illuminate/Database/Connection->run('delete from \"ca...', Array, Object(Closure))
#4 D:/KULIAH/BERAU COAL INTERN/logbook/vendor/laravel/framework/src/Illuminate/Database/Connection.php(561): Illuminate/Database/Connection->affectingStatement('delete from \"ca...', Array)
#5 D:/KULIAH/BERAU COAL INTERN/logbook/vendor/laravel/framework/src/Illuminate/Database/Query/Builder.php(4426): Illuminate/Database/Connection->delete('delete from \"ca...', Array)
#6 D:/KULIAH/BERAU COAL INTERN/logbook/vendor/laravel/framework/src/Illuminate/Cache/DatabaseStore.php(433): Illuminate/Database/Query/Builder->delete()
#7 D:/KULIAH/BERAU COAL INTERN/logbook/vendor/laravel/framework/src/Illuminate/Cache/Repository.php(979): Illuminate/Cache/DatabaseStore->flush()
#8 D:/KULIAH/BERAU COAL INTERN/logbook/vendor/laravel/framework/src/Illuminate/Cache/Console/ClearCommand.php(68): Illuminate/Cache/Repository->__call('flush', Array)
#9 D:/KULIAH/BERAU COAL INTERN/logbook/vendor/laravel/framework/src/Illuminate/Container/BoundMethod.php(36): Illuminate/Cache/Console/ClearCommand->handle()
#10 D:/KULIAH/BERAU COAL INTERN/logbook/vendor/laravel/framework/src/Illuminate/Container/Util.php(43): Illuminate/Container/BoundMethod::Illuminate/Container/{closure}()
#11 D:/KULIAH/BERAU COAL INTERN/logbook/vendor/laravel/framework/src/Illuminate/Container/BoundMethod.php(96): Illuminate/Container/Util::unwrapIfClosure(Object(Closure))
#12 D:/KULIAH/BERAU COAL INTERN/logbook/vendor/laravel/framework/src/Illuminate/Container/BoundMethod.php(35): Illuminate/Container/BoundMethod::callBoundMethod(Object(Illuminate/Foundation/Application), Array, Object(Closure))
#13 D:/KULIAH/BERAU COAL INTERN/logbook/vendor/laravel/framework/src/Illuminate/Container/Container.php(799): Illuminate/Container/BoundMethod::call(Object(Illuminate/Foundation/Application), Array, Array, NULL)
#14 D:/KULIAH/BERAU COAL INTERN/logbook/vendor/laravel/framework/src/Illuminate/Console/Command.php(211): Illuminate/Container/Container->call(Array)
#15 D:/KULIAH/BERAU COAL INTERN/logbook/vendor/symfony/console/Command/Command.php(341): Illuminate/Console/Command->execute(Object(Symfony/Component/Console/Input/ArrayInput), Object(Illuminate/Console/OutputStyle))
#16 D:/KULIAH/BERAU COAL INTERN/logbook/vendor/laravel/framework/src/Illuminate/Console/Command.php(180): Symfony/Component/Console/Command/Command->run(Object(Symfony/Component/Console/Input/ArrayInput), Object(Illuminate/Console/OutputStyle))
#17 D:/KULIAH/BERAU COAL INTERN/logbook/vendor/laravel/framework/src/Illuminate/Console/Concerns/CallsCommands.php(68): Illuminate/Console/Command->run(Object(Symfony/Component/Console/Input/ArrayInput), Object(Symfony/Component/Console/Output/NullOutput))
#18 D:/KULIAH/BERAU COAL INTERN/logbook/vendor/laravel/framework/src/Illuminate/Console/Concerns/CallsCommands.php(41): Illuminate/Console/Command->runCommand('cache:clear', Array, Object(Symfony/Component/Console/Output/NullOutput))
#19 D:/KULIAH/BERAU COAL INTERN/logbook/vendor/laravel/framework/src/Illuminate/Console/Concerns/CallsCommands.php(53): Illuminate/Console/Command->callSilent('cache:clear', Array)
#20 D:/KULIAH/BERAU COAL INTERN/logbook/vendor/laravel/framework/src/Illuminate/Foundation/Console/OptimizeClearCommand.php(48): Illuminate/Console/Command->callSilently('cache:clear')
#21 D:/KULIAH/BERAU COAL INTERN/logbook/vendor/laravel/framework/src/Illuminate/Console/View/Components/Task.php(41): Illuminate/Foundation/Console/OptimizeClearCommand->Illuminate/Foundation/Console/{closure}()
#22 D:/KULIAH/BERAU COAL INTERN/logbook/vendor/laravel/framework/src/Illuminate/Console/View/Components/Factory.php(59): Illuminate/Console/View/Components/Task->render('cache', Object(Closure))
#23 D:/KULIAH/BERAU COAL INTERN/logbook/vendor/laravel/framework/src/Illuminate/Foundation/Console/OptimizeClearCommand.php(48): Illuminate/Console/View/Components/Factory->__call('task', Array)
#24 D:/KULIAH/BERAU COAL INTERN/logbook/vendor/laravel/framework/src/Illuminate/Container/BoundMethod.php(36): Illuminate/Foundation/Console/OptimizeClearCommand->handle()
#25 D:/KULIAH/BERAU COAL INTERN/logbook/vendor/laravel/framework/src/Illuminate/Container/Util.php(43): Illuminate/Container/BoundMethod::Illuminate/Container/{closure}()
#26 D:/KULIAH/BERAU COAL INTERN/logbook/vendor/laravel/framework/src/Illuminate/Container/BoundMethod.php(96): Illuminate/Container/Util::unwrapIfClosure(Object(Closure))
#27 D:/KULIAH/BERAU COAL INTERN/logbook/vendor/laravel/framework/src/Illuminate/Container/BoundMethod.php(35): Illuminate/Container/BoundMethod::callBoundMethod(Object(Illuminate/Foundation/Application), Array, Object(Closure))
#28 D:/KULIAH/BERAU COAL INTERN/logbook/vendor/laravel/framework/src/Illuminate/Container/Container.php(799): Illuminate/Container/BoundMethod::call(Object(Illuminate/Foundation/Application), Array, Array, NULL)
#29 D:/KULIAH/BERAU COAL INTERN/logbook/vendor/laravel/framework/src/Illuminate/Console/Command.php(211): Illuminate/Container/Container->call(Array)
#30 D:/KULIAH/BERAU COAL INTERN/logbook/vendor/symfony/console/Command/Command.php(341): Illuminate/Console/Command->execute(Object(Symfony/Component/Console/Input/ArgvInput), Object(Illuminate/Console/OutputStyle))
#31 D:/KULIAH/BERAU COAL INTERN/logbook/vendor/laravel/framework/src/Illuminate/Console/Command.php(180): Symfony/Component/Console/Command/Command->run(Object(Symfony/Component/Console/Input/ArgvInput), Object(Illuminate/Console/OutputStyle))
#32 D:/KULIAH/BERAU COAL INTERN/logbook/vendor/symfony/console/Application.php(1117): Illuminate/Console/Command->run(Object(Symfony/Component/Console/Input/ArgvInput), Object(Symfony/Component/Console/Output/ConsoleOutput))
#33 D:/KULIAH/BERAU COAL INTERN/logbook/vendor/symfony/console/Application.php(356): Symfony/Component/Console/Application->doRunCommand(Object(Illuminate/Foundation/Console/OptimizeClearCommand), Object(Symfony/Component/Console/Input/ArgvInput), Object(Symfony/Component/Console/Output/ConsoleOutput))
#34 D:/KULIAH/BERAU COAL INTERN/logbook/vendor/symfony/console/Application.php(195): Symfony/Component/Console/Application->doRun(Object(Symfony/Component/Console/Input/ArgvInput), Object(Symfony/Component/Console/Output/ConsoleOutput))
#35 D:/KULIAH/BERAU COAL INTERN/logbook/vendor/laravel/framework/src/Illuminate/Foundation/Console/Kernel.php(198): Symfony/Component/Console/Application->run(Object(Symfony/Component/Console/Input/ArgvInput), Object(Symfony/Component/Console/Output/ConsoleOutput))
#36 D:/KULIAH/BERAU COAL INTERN/logbook/vendor/laravel/framework/src/Illuminate/Foundation/Application.php(1235): Illuminate/Foundation/Console/Kernel->handle(Object(Symfony/Component/Console/Input/ArgvInput), Object(Symfony/Component/Console/Output/ConsoleOutput))
#37 D:/KULIAH/BERAU COAL INTERN/logbook/artisan(16): Illuminate/Foundation/Application->handleCommand(Object(Symfony/Component/Console/Input/ArgvInput))
#38 {main}
"} 
[2026-07-31 11:30:32] local.ERROR: Class "App\Http\Controllers\Controller" not found {"exception":"[object] (Error(code: 0): Class \"App\\Http\\Controllers\\Controller\" not found at D:/KULIAH/BERAU COAL INTERN/logbook/app/Http/Controllers/DashboardController.php:9)
[stacktrace]
#0 D:/KULIAH/BERAU COAL INTERN/logbook/vendor/composer/ClassLoader.php(576): include()
#1 D:/KULIAH/BERAU COAL INTERN/logbook/vendor/composer/ClassLoader.php(427): Composer/Autoload/{closure}('D://KULIAH//BERAU...')
#2 [internal function]: Composer/Autoload/ClassLoader->loadClass('App//Http//Contro...')
#3 D:/KULIAH/BERAU COAL INTERN/logbook/vendor/laravel/framework/src/Illuminate/Routing/Route.php(1125): is_a('App//Http//Contro...', 'Illuminate//Rout...', true)
#4 D:/KULIAH/BERAU COAL INTERN/logbook/vendor/laravel/framework/src/Illuminate/Routing/Route.php(1062): Illuminate/Routing/Route->controllerMiddleware()
#5 D:/KULIAH/BERAU COAL INTERN/logbook/vendor/laravel/framework/src/Illuminate/Routing/Router.php(834): Illuminate/Routing/Route->gatherMiddleware()
#6 D:/KULIAH/BERAU COAL INTERN/logbook/vendor/laravel/framework/src/Illuminate/Routing/Router.php(816): Illuminate/Routing/Router->gatherRouteMiddleware(Object(Illuminate/Routing/Route))
#7 D:/KULIAH/BERAU COAL INTERN/logbook/vendor/laravel/framework/src/Illuminate/Routing/Router.php(800): Illuminate/Routing/Router->runRouteWithinStack(Object(Illuminate/Routing/Route), Object(Illuminate/Http/Request))
#8 D:/KULIAH/BERAU COAL INTERN/logbook/vendor/laravel/framework/src/Illuminate/Routing/Router.php(764): Illuminate/Routing/Router->runRoute(Object(Illuminate/Http/Request), Object(Illuminate/Routing/Route))
#9 D:/KULIAH/BERAU COAL INTERN/logbook/vendor/laravel/framework/src/Illuminate/Routing/Router.php(753): Illuminate/Routing/Router->dispatchToRoute(Object(Illuminate/Http/Request))
#10 D:/KULIAH/BERAU COAL INTERN/logbook/vendor/laravel/framework/src/Illuminate/Foundation/Http/Kernel.php(200): Illuminate/Routing/Router->dispatch(Object(Illuminate/Http/Request))
#11 D:/KULIAH/BERAU COAL INTERN/logbook/vendor/laravel/framework/src/Illuminate/Pipeline/Pipeline.php(180): Illuminate/Foundation/Http/Kernel->Illuminate/Foundation/Http/{closure}(Object(Illuminate/Http/Request))
#12 D:/KULIAH/BERAU COAL INTERN/logbook/vendor/laravel/framework/src/Illuminate/Foundation/Http/Middleware/TransformsRequest.php(21): Illuminate/Pipeline/Pipeline->Illuminate/Pipeline/{closure}(Object(Illuminate/Http/Request))
#13 D:/KULIAH/BERAU COAL INTERN/logbook/vendor/laravel/framework/src/Illuminate/Foundation/Http/Middleware/ConvertEmptyStringsToNull.php(31): Illuminate/Foundation/Http/Middleware/TransformsRequest->handle(Object(Illuminate/Http/Request), Object(Closure))
#14 D:/KULIAH/BERAU COAL INTERN/logbook/vendor/laravel/framework/src/Illuminate/Pipeline/Pipeline.php(219): Illuminate/Foundation/Http/Middleware/ConvertEmptyStringsToNull->handle(Object(Illuminate/Http/Request), Object(Closure))
#15 D:/KULIAH/BERAU COAL INTERN/logbook/vendor/laravel/framework/src/Illuminate/Foundation/Http/Middleware/TransformsRequest.php(21): Illuminate/Pipeline/Pipeline->Illuminate/Pipeline/{closure}(Object(Illuminate/Http/Request))
#16 D:/KULIAH/BERAU COAL INTERN/logbook/vendor/laravel/framework/src/Illuminate/Foundation/Http/Middleware/TrimStrings.php(51): Illuminate/Foundation/Http/Middleware/TransformsRequest->handle(Object(Illuminate/Http/Request), Object(Closure))
#17 D:/KULIAH/BERAU COAL INTERN/logbook/vendor/laravel/framework/src/Illuminate/Pipeline/Pipeline.php(219): Illuminate/Foundation/Http/Middleware/TrimStrings->handle(Object(Illuminate/Http/Request), Object(Closure))
#18 D:/KULIAH/BERAU COAL INTERN/logbook/vendor/laravel/framework/src/Illuminate/Http/Middleware/ValidatePostSize.php(27): Illuminate/Pipeline/Pipeline->Illuminate/Pipeline/{closure}(Object(Illuminate/Http/Request))
#19 D:/KULIAH/BERAU COAL INTERN/logbook/vendor/laravel/framework/src/Illuminate/Pipeline/Pipeline.php(219): Illuminate/Http/Middleware/ValidatePostSize->handle(Object(Illuminate/Http/Request), Object(Closure))
#20 D:/KULIAH/BERAU COAL INTERN/logbook/vendor/laravel/framework/src/Illuminate/Foundation/Http/Middleware/PreventRequestsDuringMaintenance.php(109): Illuminate/Pipeline/Pipeline->Illuminate/Pipeline/{closure}(Object(Illuminate/Http/Request))
#21 D:/KULIAH/BERAU COAL INTERN/logbook/vendor/laravel/framework/src/Illuminate/Pipeline/Pipeline.php(219): Illuminate/Foundation/Http/Middleware/PreventRequestsDuringMaintenance->handle(Object(Illuminate/Http/Request), Object(Closure))
#22 D:/KULIAH/BERAU COAL INTERN/logbook/vendor/laravel/framework/src/Illuminate/Http/Middleware/HandleCors.php(61): Illuminate/Pipeline/Pipeline->Illuminate/Pipeline/{closure}(Object(Illuminate/Http/Request))
#23 D:/KULIAH/BERAU COAL INTERN/logbook/vendor/laravel/framework/src/Illuminate/Pipeline/Pipeline.php(219): Illuminate/Http/Middleware/HandleCors->handle(Object(Illuminate/Http/Request), Object(Closure))
#24 D:/KULIAH/BERAU COAL INTERN/logbook/vendor/laravel/framework/src/Illuminate/Http/Middleware/TrustProxies.php(58): Illuminate/Pipeline/Pipeline->Illuminate/Pipeline/{closure}(Object(Illuminate/Http/Request))
#25 D:/KULIAH/BERAU COAL INTERN/logbook/vendor/laravel/framework/src/Illuminate/Pipeline/Pipeline.php(219): Illuminate/Http/Middleware/TrustProxies->handle(Object(Illuminate/Http/Request), Object(Closure))
#26 D:/KULIAH/BERAU COAL INTERN/logbook/vendor/laravel/framework/src/Illuminate/Foundation/Http/Middleware/InvokeDeferredCallbacks.php(22): Illuminate/Pipeline/Pipeline->Illuminate/Pipeline/{closure}(Object(Illuminate/Http/Request))
#27 D:/KULIAH/BERAU COAL INTERN/logbook/vendor/laravel/framework/src/Illuminate/Pipeline/Pipeline.php(219): Illuminate/Foundation/Http/Middleware/InvokeDeferredCallbacks->handle(Object(Illuminate/Http/Request), Object(Closure))
#28 D:/KULIAH/BERAU COAL INTERN/logbook/vendor/laravel/framework/src/Illuminate/Http/Middleware/ValidatePathEncoding.php(26): Illuminate/Pipeline/Pipeline->Illuminate/Pipeline/{closure}(Object(Illuminate/Http/Request))
#29 D:/KULIAH/BERAU COAL INTERN/logbook/vendor/laravel/framework/src/Illuminate/Pipeline/Pipeline.php(219): Illuminate/Http/Middleware/ValidatePathEncoding->handle(Object(Illuminate/Http/Request), Object(Closure))
#30 D:/KULIAH/BERAU COAL INTERN/logbook/vendor/laravel/framework/src/Illuminate/Pipeline/Pipeline.php(137): Illuminate/Pipeline/Pipeline->Illuminate/Pipeline/{closure}(Object(Illuminate/Http/Request))
#31 D:/KULIAH/BERAU COAL INTERN/logbook/vendor/laravel/framework/src/Illuminate/Foundation/Http/Kernel.php(175): Illuminate/Pipeline/Pipeline->then(Object(Closure))
#32 D:/KULIAH/BERAU COAL INTERN/logbook/vendor/laravel/framework/src/Illuminate/Foundation/Http/Kernel.php(144): Illuminate/Foundation/Http/Kernel->sendRequestThroughRouter(Object(Illuminate/Http/Request))
#33 D:/KULIAH/BERAU COAL INTERN/logbook/public/index.php(13): Illuminate/Foundation/Http/Kernel->handle(Object(Illuminate/Http/Request))
#34 D:/KULIAH/BERAU COAL INTERN/logbook/vendor/laravel/framework/src/Illuminate/Foundation/resources/server.php(23): require_once('D://KULIAH//BERAU...')
#35 {main}
"} 
[2026-07-31 11:32:21] local.ERROR: Unable to locate a class or view for component [app-layout]. {"exception":"[object] (InvalidArgumentException(code: 0): Unable to locate a class or view for component [app-layout]. at D:/KULIAH/BERAU COAL INTERN/logbook/vendor/laravel/framework/src/Illuminate/View/Compilers/ComponentTagCompiler.php:315)
[stacktrace]
#0 D:/KULIAH/BERAU COAL INTERN/logbook/vendor/laravel/framework/src/Illuminate/View/Compilers/ComponentTagCompiler.php(235): Illuminate/View/Compilers/ComponentTagCompiler->componentClass('app-layout')
#1 D:/KULIAH/BERAU COAL INTERN/logbook/vendor/laravel/framework/src/Illuminate/View/Compilers/ComponentTagCompiler.php(156): Illuminate/View/Compilers/ComponentTagCompiler->componentString('app-layout', Array)
#2 [internal function]: Illuminate/View/Compilers/ComponentTagCompiler->Illuminate/View/Compilers/{closure}(Array)
#3 D:/KULIAH/BERAU COAL INTERN/logbook/vendor/laravel/framework/src/Illuminate/View/Compilers/ComponentTagCompiler.php(151): preg_replace_callback('//n            <...', Object(Closure), '<x-app-layout>/n...')
#4 D:/KULIAH/BERAU COAL INTERN/logbook/vendor/laravel/framework/src/Illuminate/View/Compilers/ComponentTagCompiler.php(90): Illuminate/View/Compilers/ComponentTagCompiler->compileOpeningTags('<x-app-layout>/n...')
#5 D:/KULIAH/BERAU COAL INTERN/logbook/vendor/laravel/framework/src/Illuminate/View/Compilers/ComponentTagCompiler.php(76): Illuminate/View/Compilers/ComponentTagCompiler->compileTags('<x-app-layout>/n...')
#6 D:/KULIAH/BERAU COAL INTERN/logbook/vendor/laravel/framework/src/Illuminate/View/Compilers/BladeCompiler.php(456): Illuminate/View/Compilers/ComponentTagCompiler->compile('<x-app-layout>/n...')
#7 D:/KULIAH/BERAU COAL INTERN/logbook/vendor/laravel/framework/src/Illuminate/View/Compilers/BladeCompiler.php(288): Illuminate/View/Compilers/BladeCompiler->compileComponentTags('<x-app-layout>/n...')
#8 D:/KULIAH/BERAU COAL INTERN/logbook/vendor/laravel/framework/src/Illuminate/View/Compilers/BladeCompiler.php(188): Illuminate/View/Compilers/BladeCompiler->compileString('<x-app-layout>/n...')
#9 D:/KULIAH/BERAU COAL INTERN/logbook/vendor/laravel/framework/src/Illuminate/View/Engines/CompilerEngine.php(68): Illuminate/View/Compilers/BladeCompiler->compile('D://KULIAH//BERAU...')
#10 D:/KULIAH/BERAU COAL INTERN/logbook/vendor/laravel/framework/src/Illuminate/View/View.php(208): Illuminate/View/Engines/CompilerEngine->get('D://KULIAH//BERAU...', Array)
#11 D:/KULIAH/BERAU COAL INTERN/logbook/vendor/laravel/framework/src/Illuminate/View/View.php(191): Illuminate/View/View->getContents()
#12 D:/KULIAH/BERAU COAL INTERN/logbook/vendor/laravel/framework/src/Illuminate/View/View.php(160): Illuminate/View/View->renderContents()
#13 D:/KULIAH/BERAU COAL INTERN/logbook/vendor/laravel/framework/src/Illuminate/Http/Response.php(78): Illuminate/View/View->render()
#14 D:/KULIAH/BERAU COAL INTERN/logbook/vendor/laravel/framework/src/Illuminate/Http/Response.php(34): Illuminate/Http/Response->setContent(Object(Illuminate/View/View))
#15 D:/KULIAH/BERAU COAL INTERN/logbook/vendor/laravel/framework/src/Illuminate/Routing/Router.php(939): Illuminate/Http/Response->__construct(Object(Illuminate/View/View), 200, Array)
#16 D:/KULIAH/BERAU COAL INTERN/logbook/vendor/laravel/framework/src/Illuminate/Routing/Router.php(906): Illuminate/Routing/Router::toResponse(Object(Illuminate/Http/Request), Object(Illuminate/View/View))
#17 D:/KULIAH/BERAU COAL INTERN/logbook/vendor/laravel/framework/src/Illuminate/Routing/Router.php(821): Illuminate/Routing/Router->prepareResponse(Object(Illuminate/Http/Request), Object(Illuminate/View/View))
#18 D:/KULIAH/BERAU COAL INTERN/logbook/vendor/laravel/framework/src/Illuminate/Pipeline/Pipeline.php(180): Illuminate/Routing/Router->Illuminate/Routing/{closure}(Object(Illuminate/Http/Request))
#19 D:/KULIAH/BERAU COAL INTERN/logbook/vendor/laravel/framework/src/Illuminate/Routing/Middleware/SubstituteBindings.php(50): Illuminate/Pipeline/Pipeline->Illuminate/Pipeline/{closure}(Object(Illuminate/Http/Request))
#20 D:/KULIAH/BERAU COAL INTERN/logbook/vendor/laravel/framework/src/Illuminate/Pipeline/Pipeline.php(219): Illuminate/Routing/Middleware/SubstituteBindings->handle(Object(Illuminate/Http/Request), Object(Closure))
#21 D:/KULIAH/BERAU COAL INTERN/logbook/vendor/laravel/framework/src/Illuminate/Foundation/Http/Middleware/VerifyCsrfToken.php(87): Illuminate/Pipeline/Pipeline->Illuminate/Pipeline/{closure}(Object(Illuminate/Http/Request))
#22 D:/KULIAH/BERAU COAL INTERN/logbook/vendor/laravel/framework/src/Illuminate/Pipeline/Pipeline.php(219): Illuminate/Foundation/Http/Middleware/VerifyCsrfToken->handle(Object(Illuminate/Http/Request), Object(Closure))
#23 D:/KULIAH/BERAU COAL INTERN/logbook/vendor/laravel/framework/src/Illuminate/View/Middleware/ShareErrorsFromSession.php(48): Illuminate/Pipeline/Pipeline->Illuminate/Pipeline/{closure}(Object(Illuminate/Http/Request))
#24 D:/KULIAH/BERAU COAL INTERN/logbook/vendor/laravel/framework/src/Illuminate/Pipeline/Pipeline.php(219): Illuminate/View/Middleware/ShareErrorsFromSession->handle(Object(Illuminate/Http/Request), Object(Closure))
#25 D:/KULIAH/BERAU COAL INTERN/logbook/vendor/laravel/framework/src/Illuminate/Session/Middleware/StartSession.php(120): Illuminate/Pipeline/Pipeline->Illuminate/Pipeline/{closure}(Object(Illuminate/Http/Request))
#26 D:/KULIAH/BERAU COAL INTERN/logbook/vendor/laravel/framework/src/Illuminate/Session/Middleware/StartSession.php(63): Illuminate/Session/Middleware/StartSession->handleStatefulRequest(Object(Illuminate/Http/Request), Object(Illuminate/Session/Store), Object(Closure))
#27 D:/KULIAH/BERAU COAL INTERN/logbook/vendor/laravel/framework/src/Illuminate/Pipeline/Pipeline.php(219): Illuminate/Session/Middleware/StartSession->handle(Object(Illuminate/Http/Request), Object(Closure))
#28 D:/KULIAH/BERAU COAL INTERN/logbook/vendor/laravel/framework/src/Illuminate/Cookie/Middleware/AddQueuedCookiesToResponse.php(36): Illuminate/Pipeline/Pipeline->Illuminate/Pipeline/{closure}(Object(Illuminate/Http/Request))
#29 D:/KULIAH/BERAU COAL INTERN/logbook/vendor/laravel/framework/src/Illuminate/Pipeline/Pipeline.php(219): Illuminate/Cookie/Middleware/AddQueuedCookiesToResponse->handle(Object(Illuminate/Http/Request), Object(Closure))
#30 D:/KULIAH/BERAU COAL INTERN/logbook/vendor/laravel/framework/src/Illuminate/Cookie/Middleware/EncryptCookies.php(74): Illuminate/Pipeline/Pipeline->Illuminate/Pipeline/{closure}(Object(Illuminate/Http/Request))
#31 D:/KULIAH/BERAU COAL INTERN/logbook/vendor/laravel/framework/src/Illuminate/Pipeline/Pipeline.php(219): Illuminate/Cookie/Middleware/EncryptCookies->handle(Object(Illuminate/Http/Request), Object(Closure))
#32 D:/KULIAH/BERAU COAL INTERN/logbook/vendor/laravel/framework/src/Illuminate/Pipeline/Pipeline.php(137): Illuminate/Pipeline/Pipeline->Illuminate/Pipeline/{closure}(Object(Illuminate/Http/Request))
#33 D:/KULIAH/BERAU COAL INTERN/logbook/vendor/laravel/framework/src/Illuminate/Routing/Router.php(821): Illuminate/Pipeline/Pipeline->then(Object(Closure))
#34 D:/KULIAH/BERAU COAL INTERN/logbook/vendor/laravel/framework/src/Illuminate/Routing/Router.php(800): Illuminate/Routing/Router->runRouteWithinStack(Object(Illuminate/Routing/Route), Object(Illuminate/Http/Request))
#35 D:/KULIAH/BERAU COAL INTERN/logbook/vendor/laravel/framework/src/Illuminate/Routing/Router.php(764): Illuminate/Routing/Router->runRoute(Object(Illuminate/Http/Request), Object(Illuminate/Routing/Route))
#36 D:/KULIAH/BERAU COAL INTERN/logbook/vendor/laravel/framework/src/Illuminate/Routing/Router.php(753): Illuminate/Routing/Router->dispatchToRoute(Object(Illuminate/Http/Request))
#37 D:/KULIAH/BERAU COAL INTERN/logbook/vendor/laravel/framework/src/Illuminate/Foundation/Http/Kernel.php(200): Illuminate/Routing/Router->dispatch(Object(Illuminate/Http/Request))
#38 D:/KULIAH/BERAU COAL INTERN/logbook/vendor/laravel/framework/src/Illuminate/Pipeline/Pipeline.php(180): Illuminate/Foundation/Http/Kernel->Illuminate/Foundation/Http/{closure}(Object(Illuminate/Http/Request))
#39 D:/KULIAH/BERAU COAL INTERN/logbook/vendor/laravel/framework/src/Illuminate/Foundation/Http/Middleware/TransformsRequest.php(21): Illuminate/Pipeline/Pipeline->Illuminate/Pipeline/{closure}(Object(Illuminate/Http/Request))
#40 D:/KULIAH/BERAU COAL INTERN/logbook/vendor/laravel/framework/src/Illuminate/Foundation/Http/Middleware/ConvertEmptyStringsToNull.php(31): Illuminate/Foundation/Http/Middleware/TransformsRequest->handle(Object(Illuminate/Http/Request), Object(Closure))
#41 D:/KULIAH/BERAU COAL INTERN/logbook/vendor/laravel/framework/src/Illuminate/Pipeline/Pipeline.php(219): Illuminate/Foundation/Http/Middleware/ConvertEmptyStringsToNull->handle(Object(Illuminate/Http/Request), Object(Closure))
#42 D:/KULIAH/BERAU COAL INTERN/logbook/vendor/laravel/framework/src/Illuminate/Foundation/Http/Middleware/TransformsRequest.php(21): Illuminate/Pipeline/Pipeline->Illuminate/Pipeline/{closure}(Object(Illuminate/Http/Request))
#43 D:/KULIAH/BERAU COAL INTERN/logbook/vendor/laravel/framework/src/Illuminate/Foundation/Http/Middleware/TrimStrings.php(51): Illuminate/Foundation/Http/Middleware/TransformsRequest->handle(Object(Illuminate/Http/Request), Object(Closure))
#44 D:/KULIAH/BERAU COAL INTERN/logbook/vendor/laravel/framework/src/Illuminate/Pipeline/Pipeline.php(219): Illuminate/Foundation/Http/Middleware/TrimStrings->handle(Object(Illuminate/Http/Request), Object(Closure))
#45 D:/KULIAH/BERAU COAL INTERN/logbook/vendor/laravel/framework/src/Illuminate/Http/Middleware/ValidatePostSize.php(27): Illuminate/Pipeline/Pipeline->Illuminate/Pipeline/{closure}(Object(Illuminate/Http/Request))
#46 D:/KULIAH/BERAU COAL INTERN/logbook/vendor/laravel/framework/src/Illuminate/Pipeline/Pipeline.php(219): Illuminate/Http/Middleware/ValidatePostSize->handle(Object(Illuminate/Http/Request), Object(Closure))
#47 D:/KULIAH/BERAU COAL INTERN/logbook/vendor/laravel/framework/src/Illuminate/Foundation/Http/Middleware/PreventRequestsDuringMaintenance.php(109): Illuminate/Pipeline/Pipeline->Illuminate/Pipeline/{closure}(Object(Illuminate/Http/Request))
#48 D:/KULIAH/BERAU COAL INTERN/logbook/vendor/laravel/framework/src/Illuminate/Pipeline/Pipeline.php(219): Illuminate/Foundation/Http/Middleware/PreventRequestsDuringMaintenance->handle(Object(Illuminate/Http/Request), Object(Closure))
#49 D:/KULIAH/BERAU COAL INTERN/logbook/vendor/laravel/framework/src/Illuminate/Http/Middleware/HandleCors.php(61): Illuminate/Pipeline/Pipeline->Illuminate/Pipeline/{closure}(Object(Illuminate/Http/Request))
#50 D:/KULIAH/BERAU COAL INTERN/logbook/vendor/laravel/framework/src/Illuminate/Pipeline/Pipeline.php(219): Illuminate/Http/Middleware/HandleCors->handle(Object(Illuminate/Http/Request), Object(Closure))
#51 D:/KULIAH/BERAU COAL INTERN/logbook/vendor/laravel/framework/src/Illuminate/Http/Middleware/TrustProxies.php(58): Illuminate/Pipeline/Pipeline->Illuminate/Pipeline/{closure}(Object(Illuminate/Http/Request))
#52 D:/KULIAH/BERAU COAL INTERN/logbook/vendor/laravel/framework/src/Illuminate/Pipeline/Pipeline.php(219): Illuminate/Http/Middleware/TrustProxies->handle(Object(Illuminate/Http/Request), Object(Closure))
#53 D:/KULIAH/BERAU COAL INTERN/logbook/vendor/laravel/framework/src/Illuminate/Foundation/Http/Middleware/InvokeDeferredCallbacks.php(22): Illuminate/Pipeline/Pipeline->Illuminate/Pipeline/{closure}(Object(Illuminate/Http/Request))
#54 D:/KULIAH/BERAU COAL INTERN/logbook/vendor/laravel/framework/src/Illuminate/Pipeline/Pipeline.php(219): Illuminate/Foundation/Http/Middleware/InvokeDeferredCallbacks->handle(Object(Illuminate/Http/Request), Object(Closure))
#55 D:/KULIAH/BERAU COAL INTERN/logbook/vendor/laravel/framework/src/Illuminate/Http/Middleware/ValidatePathEncoding.php(26): Illuminate/Pipeline/Pipeline->Illuminate/Pipeline/{closure}(Object(Illuminate/Http/Request))
#56 D:/KULIAH/BERAU COAL INTERN/logbook/vendor/laravel/framework/src/Illuminate/Pipeline/Pipeline.php(219): Illuminate/Http/Middleware/ValidatePathEncoding->handle(Object(Illuminate/Http/Request), Object(Closure))
#57 D:/KULIAH/BERAU COAL INTERN/logbook/vendor/laravel/framework/src/Illuminate/Pipeline/Pipeline.php(137): Illuminate/Pipeline/Pipeline->Illuminate/Pipeline/{closure}(Object(Illuminate/Http/Request))
#58 D:/KULIAH/BERAU COAL INTERN/logbook/vendor/laravel/framework/src/Illuminate/Foundation/Http/Kernel.php(175): Illuminate/Pipeline/Pipeline->then(Object(Closure))
#59 D:/KULIAH/BERAU COAL INTERN/logbook/vendor/laravel/framework/src/Illuminate/Foundation/Http/Kernel.php(144): Illuminate/Foundation/Http/Kernel->sendRequestThroughRouter(Object(Illuminate/Http/Request))
#60 D:/KULIAH/BERAU COAL INTERN/logbook/public/index.php(13): Illuminate/Foundation/Http/Kernel->handle(Object(Illuminate/Http/Request))
#61 D:/KULIAH/BERAU COAL INTERN/logbook/vendor/laravel/framework/src/Illuminate/Foundation/resources/server.php(23): require_once('D://KULIAH//BERAU...')
#62 {main}
"} 
[2026-08-03 09:57:56] local.ERROR: Maximum execution time of 30 seconds exceeded {"exception":"[object] (Symfony\\Component\\ErrorHandler\\Error\\FatalError(code: 0): Maximum execution time of 30 seconds exceeded at D:/KULIAH/BERAU COAL INTERN/logbook/vendor/laravel/framework/src/Illuminate/Database/Concerns/BuildsQueries.php:27)
[stacktrace]
#0 {main}
"} 
[2026-08-03 10:33:39] local.ERROR: SQLSTATE[HY000]: General error: 1 no such table: competency_evaluations (Connection: sqlite, Database: database/database.sqlite, SQL: select * from "competency_evaluations" where "competency_evaluations"."ojt_logbook_id" in (2, 3)) {"exception":"[object] (Illuminate\\Database\\QueryException(code: HY000): SQLSTATE[HY000]: General error: 1 no such table: competency_evaluations (Connection: sqlite, Database: database/database.sqlite, SQL: select * from \"competency_evaluations\" where \"competency_evaluations\".\"ojt_logbook_id\" in (2, 3)) at D:/KULIAH/BERAU COAL INTERN/logbook/vendor/laravel/framework/src/Illuminate/Database/Connection.php:838)
[stacktrace]
#0 D:/KULIAH/BERAU COAL INTERN/logbook/vendor/laravel/framework/src/Illuminate/Database/Connection.php(794): Illuminate/Database/Connection->runQueryCallback('select * from \"...', Array, Object(Closure))
#1 D:/KULIAH/BERAU COAL INTERN/logbook/vendor/laravel/framework/src/Illuminate/Database/Connection.php(411): Illuminate/Database/Connection->run('select * from \"...', Array, Object(Closure))
#2 D:/KULIAH/BERAU COAL INTERN/logbook/vendor/laravel/framework/src/Illuminate/Database/Query/Builder.php(3505): Illuminate/Database/Connection->select('select * from \"...', Array, true)
#3 D:/KULIAH/BERAU COAL INTERN/logbook/vendor/laravel/framework/src/Illuminate/Database/Query/Builder.php(3490): Illuminate/Database/Query/Builder->runSelect()
#4 D:/KULIAH/BERAU COAL INTERN/logbook/vendor/laravel/framework/src/Illuminate/Database/Query/Builder.php(4080): Illuminate/Database/Query/Builder->Illuminate/Database/Query/{closure}()
#5 D:/KULIAH/BERAU COAL INTERN/logbook/vendor/laravel/framework/src/Illuminate/Database/Query/Builder.php(3489): Illuminate/Database/Query/Builder->onceWithColumns(Array, Object(Closure))
#6 D:/KULIAH/BERAU COAL INTERN/logbook/vendor/laravel/framework/src/Illuminate/Database/Eloquent/Builder.php(902): Illuminate/Database/Query/Builder->get(Array)
#7 D:/KULIAH/BERAU COAL INTERN/logbook/vendor/laravel/framework/src/Illuminate/Database/Eloquent/Builder.php(884): Illuminate/Database/Eloquent/Builder->getModels(Array)
#8 D:/KULIAH/BERAU COAL INTERN/logbook/vendor/laravel/framework/src/Illuminate/Database/Eloquent/Relations/Relation.php(212): Illuminate/Database/Eloquent/Builder->get(Array)
#9 D:/KULIAH/BERAU COAL INTERN/logbook/vendor/laravel/framework/src/Illuminate/Database/Eloquent/Relations/Relation.php(175): Illuminate/Database/Eloquent/Relations/Relation->get()
#10 D:/KULIAH/BERAU COAL INTERN/logbook/vendor/laravel/framework/src/Illuminate/Database/Eloquent/Builder.php(950): Illuminate/Database/Eloquent/Relations/Relation->getEager()
#11 D:/KULIAH/BERAU COAL INTERN/logbook/vendor/laravel/framework/src/Illuminate/Database/Eloquent/Builder.php(919): Illuminate/Database/Eloquent/Builder->eagerLoadRelation(Array, 'evaluation', Object(Closure))
#12 D:/KULIAH/BERAU COAL INTERN/logbook/vendor/laravel/framework/src/Illuminate/Database/Eloquent/Builder.php(885): Illuminate/Database/Eloquent/Builder->eagerLoadRelations(Array)
#13 D:/KULIAH/BERAU COAL INTERN/logbook/vendor/laravel/framework/src/Illuminate/Database/Eloquent/Builder.php(1125): Illuminate/Database/Eloquent/Builder->get(Array)
#14 D:/KULIAH/BERAU COAL INTERN/logbook/app/Http/Controllers/TrainerReviewController.php(28): Illuminate/Database/Eloquent/Builder->paginate(10)
#15 D:/KULIAH/BERAU COAL INTERN/logbook/vendor/laravel/framework/src/Illuminate/Routing/Controller.php(54): App/Http/Controllers/TrainerReviewController->index(Object(Illuminate/Http/Request))
#16 D:/KULIAH/BERAU COAL INTERN/logbook/vendor/laravel/framework/src/Illuminate/Routing/ControllerDispatcher.php(43): Illuminate/Routing/Controller->callAction('index', Array)
#17 D:/KULIAH/BERAU COAL INTERN/logbook/vendor/laravel/framework/src/Illuminate/Routing/Route.php(265): Illuminate/Routing/ControllerDispatcher->dispatch(Object(Illuminate/Routing/Route), Object(App/Http/Controllers/TrainerReviewController), 'index')
#18 D:/KULIAH/BERAU COAL INTERN/logbook/vendor/laravel/framework/src/Illuminate/Routing/Route.php(211): Illuminate/Routing/Route->runController()
#19 D:/KULIAH/BERAU COAL INTERN/logbook/vendor/laravel/framework/src/Illuminate/Routing/Router.php(822): Illuminate/Routing/Route->run()
#20 D:/KULIAH/BERAU COAL INTERN/logbook/vendor/laravel/framework/src/Illuminate/Pipeline/Pipeline.php(180): Illuminate/Routing/Router->Illuminate/Routing/{closure}(Object(Illuminate/Http/Request))
#21 D:/KULIAH/BERAU COAL INTERN/logbook/vendor/laravel/framework/src/Illuminate/Routing/Middleware/SubstituteBindings.php(50): Illuminate/Pipeline/Pipeline->Illuminate/Pipeline/{closure}(Object(Illuminate/Http/Request))
#22 D:/KULIAH/BERAU COAL INTERN/logbook/vendor/laravel/framework/src/Illuminate/Pipeline/Pipeline.php(219): Illuminate/Routing/Middleware/SubstituteBindings->handle(Object(Illuminate/Http/Request), Object(Closure))
#23 D:/KULIAH/BERAU COAL INTERN/logbook/vendor/laravel/framework/src/Illuminate/Foundation/Http/Middleware/VerifyCsrfToken.php(87): Illuminate/Pipeline/Pipeline->Illuminate/Pipeline/{closure}(Object(Illuminate/Http/Request))
#24 D:/KULIAH/BERAU COAL INTERN/logbook/vendor/laravel/framework/src/Illuminate/Pipeline/Pipeline.php(219): Illuminate/Foundation/Http/Middleware/VerifyCsrfToken->handle(Object(Illuminate/Http/Request), Object(Closure))
#25 D:/KULIAH/BERAU COAL INTERN/logbook/vendor/laravel/framework/src/Illuminate/View/Middleware/ShareErrorsFromSession.php(48): Illuminate/Pipeline/Pipeline->Illuminate/Pipeline/{closure}(Object(Illuminate/Http/Request))
#26 D:/KULIAH/BERAU COAL INTERN/logbook/vendor/laravel/framework/src/Illuminate/Pipeline/Pipeline.php(219): Illuminate/View/Middleware/ShareErrorsFromSession->handle(Object(Illuminate/Http/Request), Object(Closure))
#27 D:/KULIAH/BERAU COAL INTERN/logbook/vendor/laravel/framework/src/Illuminate/Session/Middleware/StartSession.php(120): Illuminate/Pipeline/Pipeline->Illuminate/Pipeline/{closure}(Object(Illuminate/Http/Request))
#28 D:/KULIAH/BERAU COAL INTERN/logbook/vendor/laravel/framework/src/Illuminate/Session/Middleware/StartSession.php(63): Illuminate/Session/Middleware/StartSession->handleStatefulRequest(Object(Illuminate/Http/Request), Object(Illuminate/Session/Store), Object(Closure))
#29 D:/KULIAH/BERAU COAL INTERN/logbook/vendor/laravel/framework/src/Illuminate/Pipeline/Pipeline.php(219): Illuminate/Session/Middleware/StartSession->handle(Object(Illuminate/Http/Request), Object(Closure))
#30 D:/KULIAH/BERAU COAL INTERN/logbook/vendor/laravel/framework/src/Illuminate/Cookie/Middleware/AddQueuedCookiesToResponse.php(36): Illuminate/Pipeline/Pipeline->Illuminate/Pipeline/{closure}(Object(Illuminate/Http/Request))
#31 D:/KULIAH/BERAU COAL INTERN/logbook/vendor/laravel/framework/src/Illuminate/Pipeline/Pipeline.php(219): Illuminate/Cookie/Middleware/AddQueuedCookiesToResponse->handle(Object(Illuminate/Http/Request), Object(Closure))
#32 D:/KULIAH/BERAU COAL INTERN/logbook/vendor/laravel/framework/src/Illuminate/Cookie/Middleware/EncryptCookies.php(74): Illuminate/Pipeline/Pipeline->Illuminate/Pipeline/{closure}(Object(Illuminate/Http/Request))
#33 D:/KULIAH/BERAU COAL INTERN/logbook/vendor/laravel/framework/src/Illuminate/Pipeline/Pipeline.php(219): Illuminate/Cookie/Middleware/EncryptCookies->handle(Object(Illuminate/Http/Request), Object(Closure))
#34 D:/KULIAH/BERAU COAL INTERN/logbook/vendor/laravel/framework/src/Illuminate/Pipeline/Pipeline.php(137): Illuminate/Pipeline/Pipeline->Illuminate/Pipeline/{closure}(Object(Illuminate/Http/Request))
#35 D:/KULIAH/BERAU COAL INTERN/logbook/vendor/laravel/framework/src/Illuminate/Routing/Router.php(821): Illuminate/Pipeline/Pipeline->then(Object(Closure))
#36 D:/KULIAH/BERAU COAL INTERN/logbook/vendor/laravel/framework/src/Illuminate/Routing/Router.php(800): Illuminate/Routing/Router->runRouteWithinStack(Object(Illuminate/Routing/Route), Object(Illuminate/Http/Request))
#37 D:/KULIAH/BERAU COAL INTERN/logbook/vendor/laravel/framework/src/Illuminate/Routing/Router.php(764): Illuminate/Routing/Router->runRoute(Object(Illuminate/Http/Request), Object(Illuminate/Routing/Route))
#38 D:/KULIAH/BERAU COAL INTERN/logbook/vendor/laravel/framework/src/Illuminate/Routing/Router.php(753): Illuminate/Routing/Router->dispatchToRoute(Object(Illuminate/Http/Request))
#39 D:/KULIAH/BERAU COAL INTERN/logbook/vendor/laravel/framework/src/Illuminate/Foundation/Http/Kernel.php(200): Illuminate/Routing/Router->dispatch(Object(Illuminate/Http/Request))
#40 D:/KULIAH/BERAU COAL INTERN/logbook/vendor/laravel/framework/src/Illuminate/Pipeline/Pipeline.php(180): Illuminate/Foundation/Http/Kernel->Illuminate/Foundation/Http/{closure}(Object(Illuminate/Http/Request))
#41 D:/KULIAH/BERAU COAL INTERN/logbook/vendor/laravel/framework/src/Illuminate/Foundation/Http/Middleware/TransformsRequest.php(21): Illuminate/Pipeline/Pipeline->Illuminate/Pipeline/{closure}(Object(Illuminate/Http/Request))
#42 D:/KULIAH/BERAU COAL INTERN/logbook/vendor/laravel/framework/src/Illuminate/Foundation/Http/Middleware/ConvertEmptyStringsToNull.php(31): Illuminate/Foundation/Http/Middleware/TransformsRequest->handle(Object(Illuminate/Http/Request), Object(Closure))
#43 D:/KULIAH/BERAU COAL INTERN/logbook/vendor/laravel/framework/src/Illuminate/Pipeline/Pipeline.php(219): Illuminate/Foundation/Http/Middleware/ConvertEmptyStringsToNull->handle(Object(Illuminate/Http/Request), Object(Closure))
#44 D:/KULIAH/BERAU COAL INTERN/logbook/vendor/laravel/framework/src/Illuminate/Foundation/Http/Middleware/TransformsRequest.php(21): Illuminate/Pipeline/Pipeline->Illuminate/Pipeline/{closure}(Object(Illuminate/Http/Request))
#45 D:/KULIAH/BERAU COAL INTERN/logbook/vendor/laravel/framework/src/Illuminate/Foundation/Http/Middleware/TrimStrings.php(51): Illuminate/Foundation/Http/Middleware/TransformsRequest->handle(Object(Illuminate/Http/Request), Object(Closure))
#46 D:/KULIAH/BERAU COAL INTERN/logbook/vendor/laravel/framework/src/Illuminate/Pipeline/Pipeline.php(219): Illuminate/Foundation/Http/Middleware/TrimStrings->handle(Object(Illuminate/Http/Request), Object(Closure))
#47 D:/KULIAH/BERAU COAL INTERN/logbook/vendor/laravel/framework/src/Illuminate/Http/Middleware/ValidatePostSize.php(27): Illuminate/Pipeline/Pipeline->Illuminate/Pipeline/{closure}(Object(Illuminate/Http/Request))
#48 D:/KULIAH/BERAU COAL INTERN/logbook/vendor/laravel/framework/src/Illuminate/Pipeline/Pipeline.php(219): Illuminate/Http/Middleware/ValidatePostSize->handle(Object(Illuminate/Http/Request), Object(Closure))
#49 D:/KULIAH/BERAU COAL INTERN/logbook/vendor/laravel/framework/src/Illuminate/Foundation/Http/Middleware/PreventRequestsDuringMaintenance.php(109): Illuminate/Pipeline/Pipeline->Illuminate/Pipeline/{closure}(Object(Illuminate/Http/Request))
#50 D:/KULIAH/BERAU COAL INTERN/logbook/vendor/laravel/framework/src/Illuminate/Pipeline/Pipeline.php(219): Illuminate/Foundation/Http/Middleware/PreventRequestsDuringMaintenance->handle(Object(Illuminate/Http/Request), Object(Closure))
#51 D:/KULIAH/BERAU COAL INTERN/logbook/vendor/laravel/framework/src/Illuminate/Http/Middleware/HandleCors.php(61): Illuminate/Pipeline/Pipeline->Illuminate/Pipeline/{closure}(Object(Illuminate/Http/Request))
#52 D:/KULIAH/BERAU COAL INTERN/logbook/vendor/laravel/framework/src/Illuminate/Pipeline/Pipeline.php(219): Illuminate/Http/Middleware/HandleCors->handle(Object(Illuminate/Http/Request), Object(Closure))
#53 D:/KULIAH/BERAU COAL INTERN/logbook/vendor/laravel/framework/src/Illuminate/Http/Middleware/TrustProxies.php(58): Illuminate/Pipeline/Pipeline->Illuminate/Pipeline/{closure}(Object(Illuminate/Http/Request))
#54 D:/KULIAH/BERAU COAL INTERN/logbook/vendor/laravel/framework/src/Illuminate/Pipeline/Pipeline.php(219): Illuminate/Http/Middleware/TrustProxies->handle(Object(Illuminate/Http/Request), Object(Closure))
#55 D:/KULIAH/BERAU COAL INTERN/logbook/vendor/laravel/framework/src/Illuminate/Foundation/Http/Middleware/InvokeDeferredCallbacks.php(22): Illuminate/Pipeline/Pipeline->Illuminate/Pipeline/{closure}(Object(Illuminate/Http/Request))
#56 D:/KULIAH/BERAU COAL INTERN/logbook/vendor/laravel/framework/src/Illuminate/Pipeline/Pipeline.php(219): Illuminate/Foundation/Http/Middleware/InvokeDeferredCallbacks->handle(Object(Illuminate/Http/Request), Object(Closure))
#57 D:/KULIAH/BERAU COAL INTERN/logbook/vendor/laravel/framework/src/Illuminate/Http/Middleware/ValidatePathEncoding.php(26): Illuminate/Pipeline/Pipeline->Illuminate/Pipeline/{closure}(Object(Illuminate/Http/Request))
#58 D:/KULIAH/BERAU COAL INTERN/logbook/vendor/laravel/framework/src/Illuminate/Pipeline/Pipeline.php(219): Illuminate/Http/Middleware/ValidatePathEncoding->handle(Object(Illuminate/Http/Request), Object(Closure))
#59 D:/KULIAH/BERAU COAL INTERN/logbook/vendor/laravel/framework/src/Illuminate/Pipeline/Pipeline.php(137): Illuminate/Pipeline/Pipeline->Illuminate/Pipeline/{closure}(Object(Illuminate/Http/Request))
#60 D:/KULIAH/BERAU COAL INTERN/logbook/vendor/laravel/framework/src/Illuminate/Foundation/Http/Kernel.php(175): Illuminate/Pipeline/Pipeline->then(Object(Closure))
#61 D:/KULIAH/BERAU COAL INTERN/logbook/vendor/laravel/framework/src/Illuminate/Foundation/Http/Kernel.php(144): Illuminate/Foundation/Http/Kernel->sendRequestThroughRouter(Object(Illuminate/Http/Request))
#62 D:/KULIAH/BERAU COAL INTERN/logbook/public/index.php(13): Illuminate/Foundation/Http/Kernel->handle(Object(Illuminate/Http/Request))
#63 D:/KULIAH/BERAU COAL INTERN/logbook/vendor/laravel/framework/src/Illuminate/Foundation/resources/server.php(23): require_once('D://KULIAH//BERAU...')
#64 {main}

[previous exception] [object] (PDOException(code: HY000): SQLSTATE[HY000]: General error: 1 no such table: competency_evaluations at D:/KULIAH/BERAU COAL INTERN/logbook/vendor/laravel/framework/src/Illuminate/Database/Connection.php:420)
[stacktrace]
#0 D:/KULIAH/BERAU COAL INTERN/logbook/vendor/laravel/framework/src/Illuminate/Database/Connection.php(420): PDO->prepare('select * from \"...')
#1 D:/KULIAH/BERAU COAL INTERN/logbook/vendor/laravel/framework/src/Illuminate/Database/Connection.php(827): Illuminate/Database/Connection->Illuminate/Database/{closure}('select * from \"...', Array)
#2 D:/KULIAH/BERAU COAL INTERN/logbook/vendor/laravel/framework/src/Illuminate/Database/Connection.php(794): Illuminate/Database/Connection->runQueryCallback('select * from \"...', Array, Object(Closure))
#3 D:/KULIAH/BERAU COAL INTERN/logbook/vendor/laravel/framework/src/Illuminate/Database/Connection.php(411): Illuminate/Database/Connection->run('select * from \"...', Array, Object(Closure))
#4 D:/KULIAH/BERAU COAL INTERN/logbook/vendor/laravel/framework/src/Illuminate/Database/Query/Builder.php(3505): Illuminate/Database/Connection->select('select * from \"...', Array, true)
#5 D:/KULIAH/BERAU COAL INTERN/logbook/vendor/laravel/framework/src/Illuminate/Database/Query/Builder.php(3490): Illuminate/Database/Query/Builder->runSelect()
#6 D:/KULIAH/BERAU COAL INTERN/logbook/vendor/laravel/framework/src/Illuminate/Database/Query/Builder.php(4080): Illuminate/Database/Query/Builder->Illuminate/Database/Query/{closure}()
#7 D:/KULIAH/BERAU COAL INTERN/logbook/vendor/laravel/framework/src/Illuminate/Database/Query/Builder.php(3489): Illuminate/Database/Query/Builder->onceWithColumns(Array, Object(Closure))
#8 D:/KULIAH/BERAU COAL INTERN/logbook/vendor/laravel/framework/src/Illuminate/Database/Eloquent/Builder.php(902): Illuminate/Database/Query/Builder->get(Array)
#9 D:/KULIAH/BERAU COAL INTERN/logbook/vendor/laravel/framework/src/Illuminate/Database/Eloquent/Builder.php(884): Illuminate/Database/Eloquent/Builder->getModels(Array)
#10 D:/KULIAH/BERAU COAL INTERN/logbook/vendor/laravel/framework/src/Illuminate/Database/Eloquent/Relations/Relation.php(212): Illuminate/Database/Eloquent/Builder->get(Array)
#11 D:/KULIAH/BERAU COAL INTERN/logbook/vendor/laravel/framework/src/Illuminate/Database/Eloquent/Relations/Relation.php(175): Illuminate/Database/Eloquent/Relations/Relation->get()
#12 D:/KULIAH/BERAU COAL INTERN/logbook/vendor/laravel/framework/src/Illuminate/Database/Eloquent/Builder.php(950): Illuminate/Database/Eloquent/Relations/Relation->getEager()
#13 D:/KULIAH/BERAU COAL INTERN/logbook/vendor/laravel/framework/src/Illuminate/Database/Eloquent/Builder.php(919): Illuminate/Database/Eloquent/Builder->eagerLoadRelation(Array, 'evaluation', Object(Closure))
#14 D:/KULIAH/BERAU COAL INTERN/logbook/vendor/laravel/framework/src/Illuminate/Database/Eloquent/Builder.php(885): Illuminate/Database/Eloquent/Builder->eagerLoadRelations(Array)
#15 D:/KULIAH/BERAU COAL INTERN/logbook/vendor/laravel/framework/src/Illuminate/Database/Eloquent/Builder.php(1125): Illuminate/Database/Eloquent/Builder->get(Array)
#16 D:/KULIAH/BERAU COAL INTERN/logbook/app/Http/Controllers/TrainerReviewController.php(28): Illuminate/Database/Eloquent/Builder->paginate(10)
#17 D:/KULIAH/BERAU COAL INTERN/logbook/vendor/laravel/framework/src/Illuminate/Routing/Controller.php(54): App/Http/Controllers/TrainerReviewController->index(Object(Illuminate/Http/Request))
#18 D:/KULIAH/BERAU COAL INTERN/logbook/vendor/laravel/framework/src/Illuminate/Routing/ControllerDispatcher.php(43): Illuminate/Routing/Controller->callAction('index', Array)
#19 D:/KULIAH/BERAU COAL INTERN/logbook/vendor/laravel/framework/src/Illuminate/Routing/Route.php(265): Illuminate/Routing/ControllerDispatcher->dispatch(Object(Illuminate/Routing/Route), Object(App/Http/Controllers/TrainerReviewController), 'index')
#20 D:/KULIAH/BERAU COAL INTERN/logbook/vendor/laravel/framework/src/Illuminate/Routing/Route.php(211): Illuminate/Routing/Route->runController()
#21 D:/KULIAH/BERAU COAL INTERN/logbook/vendor/laravel/framework/src/Illuminate/Routing/Router.php(822): Illuminate/Routing/Route->run()
#22 D:/KULIAH/BERAU COAL INTERN/logbook/vendor/laravel/framework/src/Illuminate/Pipeline/Pipeline.php(180): Illuminate/Routing/Router->Illuminate/Routing/{closure}(Object(Illuminate/Http/Request))
#23 D:/KULIAH/BERAU COAL INTERN/logbook/vendor/laravel/framework/src/Illuminate/Routing/Middleware/SubstituteBindings.php(50): Illuminate/Pipeline/Pipeline->Illuminate/Pipeline/{closure}(Object(Illuminate/Http/Request))
#24 D:/KULIAH/BERAU COAL INTERN/logbook/vendor/laravel/framework/src/Illuminate/Pipeline/Pipeline.php(219): Illuminate/Routing/Middleware/SubstituteBindings->handle(Object(Illuminate/Http/Request), Object(Closure))
#25 D:/KULIAH/BERAU COAL INTERN/logbook/vendor/laravel/framework/src/Illuminate/Foundation/Http/Middleware/VerifyCsrfToken.php(87): Illuminate/Pipeline/Pipeline->Illuminate/Pipeline/{closure}(Object(Illuminate/Http/Request))
#26 D:/KULIAH/BERAU COAL INTERN/logbook/vendor/laravel/framework/src/Illuminate/Pipeline/Pipeline.php(219): Illuminate/Foundation/Http/Middleware/VerifyCsrfToken->handle(Object(Illuminate/Http/Request), Object(Closure))
#27 D:/KULIAH/BERAU COAL INTERN/logbook/vendor/laravel/framework/src/Illuminate/View/Middleware/ShareErrorsFromSession.php(48): Illuminate/Pipeline/Pipeline->Illuminate/Pipeline/{closure}(Object(Illuminate/Http/Request))
#28 D:/KULIAH/BERAU COAL INTERN/logbook/vendor/laravel/framework/src/Illuminate/Pipeline/Pipeline.php(219): Illuminate/View/Middleware/ShareErrorsFromSession->handle(Object(Illuminate/Http/Request), Object(Closure))
#29 D:/KULIAH/BERAU COAL INTERN/logbook/vendor/laravel/framework/src/Illuminate/Session/Middleware/StartSession.php(120): Illuminate/Pipeline/Pipeline->Illuminate/Pipeline/{closure}(Object(Illuminate/Http/Request))
#30 D:/KULIAH/BERAU COAL INTERN/logbook/vendor/laravel/framework/src/Illuminate/Session/Middleware/StartSession.php(63): Illuminate/Session/Middleware/StartSession->handleStatefulRequest(Object(Illuminate/Http/Request), Object(Illuminate/Session/Store), Object(Closure))
#31 D:/KULIAH/BERAU COAL INTERN/logbook/vendor/laravel/framework/src/Illuminate/Pipeline/Pipeline.php(219): Illuminate/Session/Middleware/StartSession->handle(Object(Illuminate/Http/Request), Object(Closure))
#32 D:/KULIAH/BERAU COAL INTERN/logbook/vendor/laravel/framework/src/Illuminate/Cookie/Middleware/AddQueuedCookiesToResponse.php(36): Illuminate/Pipeline/Pipeline->Illuminate/Pipeline/{closure}(Object(Illuminate/Http/Request))
#33 D:/KULIAH/BERAU COAL INTERN/logbook/vendor/laravel/framework/src/Illuminate/Pipeline/Pipeline.php(219): Illuminate/Cookie/Middleware/AddQueuedCookiesToResponse->handle(Object(Illuminate/Http/Request), Object(Closure))
#34 D:/KULIAH/BERAU COAL INTERN/logbook/vendor/laravel/framework/src/Illuminate/Cookie/Middleware/EncryptCookies.php(74): Illuminate/Pipeline/Pipeline->Illuminate/Pipeline/{closure}(Object(Illuminate/Http/Request))
#35 D:/KULIAH/BERAU COAL INTERN/logbook/vendor/laravel/framework/src/Illuminate/Pipeline/Pipeline.php(219): Illuminate/Cookie/Middleware/EncryptCookies->handle(Object(Illuminate/Http/Request), Object(Closure))
#36 D:/KULIAH/BERAU COAL INTERN/logbook/vendor/laravel/framework/src/Illuminate/Pipeline/Pipeline.php(137): Illuminate/Pipeline/Pipeline->Illuminate/Pipeline/{closure}(Object(Illuminate/Http/Request))
#37 D:/KULIAH/BERAU COAL INTERN/logbook/vendor/laravel/framework/src/Illuminate/Routing/Router.php(821): Illuminate/Pipeline/Pipeline->then(Object(Closure))
#38 D:/KULIAH/BERAU COAL INTERN/logbook/vendor/laravel/framework/src/Illuminate/Routing/Router.php(800): Illuminate/Routing/Router->runRouteWithinStack(Object(Illuminate/Routing/Route), Object(Illuminate/Http/Request))
#39 D:/KULIAH/BERAU COAL INTERN/logbook/vendor/laravel/framework/src/Illuminate/Routing/Router.php(764): Illuminate/Routing/Router->runRoute(Object(Illuminate/Http/Request), Object(Illuminate/Routing/Route))
#40 D:/KULIAH/BERAU COAL INTERN/logbook/vendor/laravel/framework/src/Illuminate/Routing/Router.php(753): Illuminate/Routing/Router->dispatchToRoute(Object(Illuminate/Http/Request))
#41 D:/KULIAH/BERAU COAL INTERN/logbook/vendor/laravel/framework/src/Illuminate/Foundation/Http/Kernel.php(200): Illuminate/Routing/Router->dispatch(Object(Illuminate/Http/Request))
#42 D:/KULIAH/BERAU COAL INTERN/logbook/vendor/laravel/framework/src/Illuminate/Pipeline/Pipeline.php(180): Illuminate/Foundation/Http/Kernel->Illuminate/Foundation/Http/{closure}(Object(Illuminate/Http/Request))
#43 D:/KULIAH/BERAU COAL INTERN/logbook/vendor/laravel/framework/src/Illuminate/Foundation/Http/Middleware/TransformsRequest.php(21): Illuminate/Pipeline/Pipeline->Illuminate/Pipeline/{closure}(Object(Illuminate/Http/Request))
#44 D:/KULIAH/BERAU COAL INTERN/logbook/vendor/laravel/framework/src/Illuminate/Foundation/Http/Middleware/ConvertEmptyStringsToNull.php(31): Illuminate/Foundation/Http/Middleware/TransformsRequest->handle(Object(Illuminate/Http/Request), Object(Closure))
#45 D:/KULIAH/BERAU COAL INTERN/logbook/vendor/laravel/framework/src/Illuminate/Pipeline/Pipeline.php(219): Illuminate/Foundation/Http/Middleware/ConvertEmptyStringsToNull->handle(Object(Illuminate/Http/Request), Object(Closure))
#46 D:/KULIAH/BERAU COAL INTERN/logbook/vendor/laravel/framework/src/Illuminate/Foundation/Http/Middleware/TransformsRequest.php(21): Illuminate/Pipeline/Pipeline->Illuminate/Pipeline/{closure}(Object(Illuminate/Http/Request))
#47 D:/KULIAH/BERAU COAL INTERN/logbook/vendor/laravel/framework/src/Illuminate/Foundation/Http/Middleware/TrimStrings.php(51): Illuminate/Foundation/Http/Middleware/TransformsRequest->handle(Object(Illuminate/Http/Request), Object(Closure))
#48 D:/KULIAH/BERAU COAL INTERN/logbook/vendor/laravel/framework/src/Illuminate/Pipeline/Pipeline.php(219): Illuminate/Foundation/Http/Middleware/TrimStrings->handle(Object(Illuminate/Http/Request), Object(Closure))
#49 D:/KULIAH/BERAU COAL INTERN/logbook/vendor/laravel/framework/src/Illuminate/Http/Middleware/ValidatePostSize.php(27): Illuminate/Pipeline/Pipeline->Illuminate/Pipeline/{closure}(Object(Illuminate/Http/Request))
#50 D:/KULIAH/BERAU COAL INTERN/logbook/vendor/laravel/framework/src/Illuminate/Pipeline/Pipeline.php(219): Illuminate/Http/Middleware/ValidatePostSize->handle(Object(Illuminate/Http/Request), Object(Closure))
#51 D:/KULIAH/BERAU COAL INTERN/logbook/vendor/laravel/framework/src/Illuminate/Foundation/Http/Middleware/PreventRequestsDuringMaintenance.php(109): Illuminate/Pipeline/Pipeline->Illuminate/Pipeline/{closure}(Object(Illuminate/Http/Request))
#52 D:/KULIAH/BERAU COAL INTERN/logbook/vendor/laravel/framework/src/Illuminate/Pipeline/Pipeline.php(219): Illuminate/Foundation/Http/Middleware/PreventRequestsDuringMaintenance->handle(Object(Illuminate/Http/Request), Object(Closure))
#53 D:/KULIAH/BERAU COAL INTERN/logbook/vendor/laravel/framework/src/Illuminate/Http/Middleware/HandleCors.php(61): Illuminate/Pipeline/Pipeline->Illuminate/Pipeline/{closure}(Object(Illuminate/Http/Request))
#54 D:/KULIAH/BERAU COAL INTERN/logbook/vendor/laravel/framework/src/Illuminate/Pipeline/Pipeline.php(219): Illuminate/Http/Middleware/HandleCors->handle(Object(Illuminate/Http/Request), Object(Closure))
#55 D:/KULIAH/BERAU COAL INTERN/logbook/vendor/laravel/framework/src/Illuminate/Http/Middleware/TrustProxies.php(58): Illuminate/Pipeline/Pipeline->Illuminate/Pipeline/{closure}(Object(Illuminate/Http/Request))
#56 D:/KULIAH/BERAU COAL INTERN/logbook/vendor/laravel/framework/src/Illuminate/Pipeline/Pipeline.php(219): Illuminate/Http/Middleware/TrustProxies->handle(Object(Illuminate/Http/Request), Object(Closure))
#57 D:/KULIAH/BERAU COAL INTERN/logbook/vendor/laravel/framework/src/Illuminate/Foundation/Http/Middleware/InvokeDeferredCallbacks.php(22): Illuminate/Pipeline/Pipeline->Illuminate/Pipeline/{closure}(Object(Illuminate/Http/Request))
#58 D:/KULIAH/BERAU COAL INTERN/logbook/vendor/laravel/framework/src/Illuminate/Pipeline/Pipeline.php(219): Illuminate/Foundation/Http/Middleware/InvokeDeferredCallbacks->handle(Object(Illuminate/Http/Request), Object(Closure))
#59 D:/KULIAH/BERAU COAL INTERN/logbook/vendor/laravel/framework/src/Illuminate/Http/Middleware/ValidatePathEncoding.php(26): Illuminate/Pipeline/Pipeline->Illuminate/Pipeline/{closure}(Object(Illuminate/Http/Request))
#60 D:/KULIAH/BERAU COAL INTERN/logbook/vendor/laravel/framework/src/Illuminate/Pipeline/Pipeline.php(219): Illuminate/Http/Middleware/ValidatePathEncoding->handle(Object(Illuminate/Http/Request), Object(Closure))
#61 D:/KULIAH/BERAU COAL INTERN/logbook/vendor/laravel/framework/src/Illuminate/Pipeline/Pipeline.php(137): Illuminate/Pipeline/Pipeline->Illuminate/Pipeline/{closure}(Object(Illuminate/Http/Request))
#62 D:/KULIAH/BERAU COAL INTERN/logbook/vendor/laravel/framework/src/Illuminate/Foundation/Http/Kernel.php(175): Illuminate/Pipeline/Pipeline->then(Object(Closure))
#63 D:/KULIAH/BERAU COAL INTERN/logbook/vendor/laravel/framework/src/Illuminate/Foundation/Http/Kernel.php(144): Illuminate/Foundation/Http/Kernel->sendRequestThroughRouter(Object(Illuminate/Http/Request))
#64 D:/KULIAH/BERAU COAL INTERN/logbook/public/index.php(13): Illuminate/Foundation/Http/Kernel->handle(Object(Illuminate/Http/Request))
#65 D:/KULIAH/BERAU COAL INTERN/logbook/vendor/laravel/framework/src/Illuminate/Foundation/resources/server.php(23): require_once('D://KULIAH//BERAU...')
#66 {main}
"} 
[2026-08-03 10:46:03] local.ERROR: syntax error, unexpected token "endforeach", expecting "elseif" or "else" or "endif" (View: D:\KULIAH\BERAU COAL INTERN\logbook\resources\views\ojt\logbooks\show.blade.php) {"exception":"[object] (Illuminate\\View\\ViewException(code: 0): syntax error, unexpected token \"endforeach\", expecting \"elseif\" or \"else\" or \"endif\" (View: D:\\KULIAH\\BERAU COAL INTERN\\logbook\\resources\\views\\ojt\\logbooks\\show.blade.php) at D:/KULIAH/BERAU COAL INTERN/logbook/storage/framework/views/98be01794ef05144ad279bbf601ea403.php:222)
[stacktrace]
#0 D:/KULIAH/BERAU COAL INTERN/logbook/vendor/laravel/framework/src/Illuminate/View/Engines/PhpEngine.php(59): Illuminate/View/Engines/CompilerEngine->handleViewException(Object(ParseError), 1)
#1 D:/KULIAH/BERAU COAL INTERN/logbook/vendor/laravel/framework/src/Illuminate/View/Engines/CompilerEngine.php(76): Illuminate/View/Engines/PhpEngine->evaluatePath('D://KULIAH//BERAU...', Array)
#2 D:/KULIAH/BERAU COAL INTERN/logbook/vendor/laravel/framework/src/Illuminate/View/View.php(208): Illuminate/View/Engines/CompilerEngine->get('D://KULIAH//BERAU...', Array)
#3 D:/KULIAH/BERAU COAL INTERN/logbook/vendor/laravel/framework/src/Illuminate/View/View.php(191): Illuminate/View/View->getContents()
#4 D:/KULIAH/BERAU COAL INTERN/logbook/vendor/laravel/framework/src/Illuminate/View/View.php(160): Illuminate/View/View->renderContents()
#5 D:/KULIAH/BERAU COAL INTERN/logbook/vendor/laravel/framework/src/Illuminate/Http/Response.php(78): Illuminate/View/View->render()
#6 D:/KULIAH/BERAU COAL INTERN/logbook/vendor/laravel/framework/src/Illuminate/Http/Response.php(34): Illuminate/Http/Response->setContent(Object(Illuminate/View/View))
#7 D:/KULIAH/BERAU COAL INTERN/logbook/vendor/laravel/framework/src/Illuminate/Routing/Router.php(939): Illuminate/Http/Response->__construct(Object(Illuminate/View/View), 200, Array)
#8 D:/KULIAH/BERAU COAL INTERN/logbook/vendor/laravel/framework/src/Illuminate/Routing/Router.php(906): Illuminate/Routing/Router::toResponse(Object(Illuminate/Http/Request), Object(Illuminate/View/View))
#9 D:/KULIAH/BERAU COAL INTERN/logbook/vendor/laravel/framework/src/Illuminate/Routing/Router.php(821): Illuminate/Routing/Router->prepareResponse(Object(Illuminate/Http/Request), Object(Illuminate/View/View))
#10 D:/KULIAH/BERAU COAL INTERN/logbook/vendor/laravel/framework/src/Illuminate/Pipeline/Pipeline.php(180): Illuminate/Routing/Router->Illuminate/Routing/{closure}(Object(Illuminate/Http/Request))
#11 D:/KULIAH/BERAU COAL INTERN/logbook/vendor/laravel/framework/src/Illuminate/Routing/Middleware/SubstituteBindings.php(50): Illuminate/Pipeline/Pipeline->Illuminate/Pipeline/{closure}(Object(Illuminate/Http/Request))
#12 D:/KULIAH/BERAU COAL INTERN/logbook/vendor/laravel/framework/src/Illuminate/Pipeline/Pipeline.php(219): Illuminate/Routing/Middleware/SubstituteBindings->handle(Object(Illuminate/Http/Request), Object(Closure))
#13 D:/KULIAH/BERAU COAL INTERN/logbook/vendor/laravel/framework/src/Illuminate/Foundation/Http/Middleware/VerifyCsrfToken.php(87): Illuminate/Pipeline/Pipeline->Illuminate/Pipeline/{closure}(Object(Illuminate/Http/Request))
#14 D:/KULIAH/BERAU COAL INTERN/logbook/vendor/laravel/framework/src/Illuminate/Pipeline/Pipeline.php(219): Illuminate/Foundation/Http/Middleware/VerifyCsrfToken->handle(Object(Illuminate/Http/Request), Object(Closure))
#15 D:/KULIAH/BERAU COAL INTERN/logbook/vendor/laravel/framework/src/Illuminate/View/Middleware/ShareErrorsFromSession.php(48): Illuminate/Pipeline/Pipeline->Illuminate/Pipeline/{closure}(Object(Illuminate/Http/Request))
#16 D:/KULIAH/BERAU COAL INTERN/logbook/vendor/laravel/framework/src/Illuminate/Pipeline/Pipeline.php(219): Illuminate/View/Middleware/ShareErrorsFromSession->handle(Object(Illuminate/Http/Request), Object(Closure))
#17 D:/KULIAH/BERAU COAL INTERN/logbook/vendor/laravel/framework/src/Illuminate/Session/Middleware/StartSession.php(120): Illuminate/Pipeline/Pipeline->Illuminate/Pipeline/{closure}(Object(Illuminate/Http/Request))
#18 D:/KULIAH/BERAU COAL INTERN/logbook/vendor/laravel/framework/src/Illuminate/Session/Middleware/StartSession.php(63): Illuminate/Session/Middleware/StartSession->handleStatefulRequest(Object(Illuminate/Http/Request), Object(Illuminate/Session/Store), Object(Closure))
#19 D:/KULIAH/BERAU COAL INTERN/logbook/vendor/laravel/framework/src/Illuminate/Pipeline/Pipeline.php(219): Illuminate/Session/Middleware/StartSession->handle(Object(Illuminate/Http/Request), Object(Closure))
#20 D:/KULIAH/BERAU COAL INTERN/logbook/vendor/laravel/framework/src/Illuminate/Cookie/Middleware/AddQueuedCookiesToResponse.php(36): Illuminate/Pipeline/Pipeline->Illuminate/Pipeline/{closure}(Object(Illuminate/Http/Request))
#21 D:/KULIAH/BERAU COAL INTERN/logbook/vendor/laravel/framework/src/Illuminate/Pipeline/Pipeline.php(219): Illuminate/Cookie/Middleware/AddQueuedCookiesToResponse->handle(Object(Illuminate/Http/Request), Object(Closure))
#22 D:/KULIAH/BERAU COAL INTERN/logbook/vendor/laravel/framework/src/Illuminate/Cookie/Middleware/EncryptCookies.php(74): Illuminate/Pipeline/Pipeline->Illuminate/Pipeline/{closure}(Object(Illuminate/Http/Request))
#23 D:/KULIAH/BERAU COAL INTERN/logbook/vendor/laravel/framework/src/Illuminate/Pipeline/Pipeline.php(219): Illuminate/Cookie/Middleware/EncryptCookies->handle(Object(Illuminate/Http/Request), Object(Closure))
#24 D:/KULIAH/BERAU COAL INTERN/logbook/vendor/laravel/framework/src/Illuminate/Pipeline/Pipeline.php(137): Illuminate/Pipeline/Pipeline->Illuminate/Pipeline/{closure}(Object(Illuminate/Http/Request))
#25 D:/KULIAH/BERAU COAL INTERN/logbook/vendor/laravel/framework/src/Illuminate/Routing/Router.php(821): Illuminate/Pipeline/Pipeline->then(Object(Closure))
#26 D:/KULIAH/BERAU COAL INTERN/logbook/vendor/laravel/framework/src/Illuminate/Routing/Router.php(800): Illuminate/Routing/Router->runRouteWithinStack(Object(Illuminate/Routing/Route), Object(Illuminate/Http/Request))
#27 D:/KULIAH/BERAU COAL INTERN/logbook/vendor/laravel/framework/src/Illuminate/Routing/Router.php(764): Illuminate/Routing/Router->runRoute(Object(Illuminate/Http/Request), Object(Illuminate/Routing/Route))
#28 D:/KULIAH/BERAU COAL INTERN/logbook/vendor/laravel/framework/src/Illuminate/Routing/Router.php(753): Illuminate/Routing/Router->dispatchToRoute(Object(Illuminate/Http/Request))
#29 D:/KULIAH/BERAU COAL INTERN/logbook/vendor/laravel/framework/src/Illuminate/Foundation/Http/Kernel.php(200): Illuminate/Routing/Router->dispatch(Object(Illuminate/Http/Request))
#30 D:/KULIAH/BERAU COAL INTERN/logbook/vendor/laravel/framework/src/Illuminate/Pipeline/Pipeline.php(180): Illuminate/Foundation/Http/Kernel->Illuminate/Foundation/Http/{closure}(Object(Illuminate/Http/Request))
#31 D:/KULIAH/BERAU COAL INTERN/logbook/vendor/laravel/framework/src/Illuminate/Foundation/Http/Middleware/TransformsRequest.php(21): Illuminate/Pipeline/Pipeline->Illuminate/Pipeline/{closure}(Object(Illuminate/Http/Request))
#32 D:/KULIAH/BERAU COAL INTERN/logbook/vendor/laravel/framework/src/Illuminate/Foundation/Http/Middleware/ConvertEmptyStringsToNull.php(31): Illuminate/Foundation/Http/Middleware/TransformsRequest->handle(Object(Illuminate/Http/Request), Object(Closure))
#33 D:/KULIAH/BERAU COAL INTERN/logbook/vendor/laravel/framework/src/Illuminate/Pipeline/Pipeline.php(219): Illuminate/Foundation/Http/Middleware/ConvertEmptyStringsToNull->handle(Object(Illuminate/Http/Request), Object(Closure))
#34 D:/KULIAH/BERAU COAL INTERN/logbook/vendor/laravel/framework/src/Illuminate/Foundation/Http/Middleware/TransformsRequest.php(21): Illuminate/Pipeline/Pipeline->Illuminate/Pipeline/{closure}(Object(Illuminate/Http/Request))
#35 D:/KULIAH/BERAU COAL INTERN/logbook/vendor/laravel/framework/src/Illuminate/Foundation/Http/Middleware/TrimStrings.php(51): Illuminate/Foundation/Http/Middleware/TransformsRequest->handle(Object(Illuminate/Http/Request), Object(Closure))
#36 D:/KULIAH/BERAU COAL INTERN/logbook/vendor/laravel/framework/src/Illuminate/Pipeline/Pipeline.php(219): Illuminate/Foundation/Http/Middleware/TrimStrings->handle(Object(Illuminate/Http/Request), Object(Closure))
#37 D:/KULIAH/BERAU COAL INTERN/logbook/vendor/laravel/framework/src/Illuminate/Http/Middleware/ValidatePostSize.php(27): Illuminate/Pipeline/Pipeline->Illuminate/Pipeline/{closure}(Object(Illuminate/Http/Request))
#38 D:/KULIAH/BERAU COAL INTERN/logbook/vendor/laravel/framework/src/Illuminate/Pipeline/Pipeline.php(219): Illuminate/Http/Middleware/ValidatePostSize->handle(Object(Illuminate/Http/Request), Object(Closure))
#39 D:/KULIAH/BERAU COAL INTERN/logbook/vendor/laravel/framework/src/Illuminate/Foundation/Http/Middleware/PreventRequestsDuringMaintenance.php(109): Illuminate/Pipeline/Pipeline->Illuminate/Pipeline/{closure}(Object(Illuminate/Http/Request))
#40 D:/KULIAH/BERAU COAL INTERN/logbook/vendor/laravel/framework/src/Illuminate/Pipeline/Pipeline.php(219): Illuminate/Foundation/Http/Middleware/PreventRequestsDuringMaintenance->handle(Object(Illuminate/Http/Request), Object(Closure))
#41 D:/KULIAH/BERAU COAL INTERN/logbook/vendor/laravel/framework/src/Illuminate/Http/Middleware/HandleCors.php(61): Illuminate/Pipeline/Pipeline->Illuminate/Pipeline/{closure}(Object(Illuminate/Http/Request))
#42 D:/KULIAH/BERAU COAL INTERN/logbook/vendor/laravel/framework/src/Illuminate/Pipeline/Pipeline.php(219): Illuminate/Http/Middleware/HandleCors->handle(Object(Illuminate/Http/Request), Object(Closure))
#43 D:/KULIAH/BERAU COAL INTERN/logbook/vendor/laravel/framework/src/Illuminate/Http/Middleware/TrustProxies.php(58): Illuminate/Pipeline/Pipeline->Illuminate/Pipeline/{closure}(Object(Illuminate/Http/Request))
#44 D:/KULIAH/BERAU COAL INTERN/logbook/vendor/laravel/framework/src/Illuminate/Pipeline/Pipeline.php(219): Illuminate/Http/Middleware/TrustProxies->handle(Object(Illuminate/Http/Request), Object(Closure))
#45 D:/KULIAH/BERAU COAL INTERN/logbook/vendor/laravel/framework/src/Illuminate/Foundation/Http/Middleware/InvokeDeferredCallbacks.php(22): Illuminate/Pipeline/Pipeline->Illuminate/Pipeline/{closure}(Object(Illuminate/Http/Request))
#46 D:/KULIAH/BERAU COAL INTERN/logbook/vendor/laravel/framework/src/Illuminate/Pipeline/Pipeline.php(219): Illuminate/Foundation/Http/Middleware/InvokeDeferredCallbacks->handle(Object(Illuminate/Http/Request), Object(Closure))
#47 D:/KULIAH/BERAU COAL INTERN/logbook/vendor/laravel/framework/src/Illuminate/Http/Middleware/ValidatePathEncoding.php(26): Illuminate/Pipeline/Pipeline->Illuminate/Pipeline/{closure}(Object(Illuminate/Http/Request))
#48 D:/KULIAH/BERAU COAL INTERN/logbook/vendor/laravel/framework/src/Illuminate/Pipeline/Pipeline.php(219): Illuminate/Http/Middleware/ValidatePathEncoding->handle(Object(Illuminate/Http/Request), Object(Closure))
#49 D:/KULIAH/BERAU COAL INTERN/logbook/vendor/laravel/framework/src/Illuminate/Pipeline/Pipeline.php(137): Illuminate/Pipeline/Pipeline->Illuminate/Pipeline/{closure}(Object(Illuminate/Http/Request))
#50 D:/KULIAH/BERAU COAL INTERN/logbook/vendor/laravel/framework/src/Illuminate/Foundation/Http/Kernel.php(175): Illuminate/Pipeline/Pipeline->then(Object(Closure))
#51 D:/KULIAH/BERAU COAL INTERN/logbook/vendor/laravel/framework/src/Illuminate/Foundation/Http/Kernel.php(144): Illuminate/Foundation/Http/Kernel->sendRequestThroughRouter(Object(Illuminate/Http/Request))
#52 D:/KULIAH/BERAU COAL INTERN/logbook/public/index.php(13): Illuminate/Foundation/Http/Kernel->handle(Object(Illuminate/Http/Request))
#53 D:/KULIAH/BERAU COAL INTERN/logbook/vendor/laravel/framework/src/Illuminate/Foundation/resources/server.php(23): require_once('D://KULIAH//BERAU...')
#54 {main}

[previous exception] [object] (ParseError(code: 0): syntax error, unexpected token \"endforeach\", expecting \"elseif\" or \"else\" or \"endif\" at D:/KULIAH/BERAU COAL INTERN/logbook/storage/framework/views/98be01794ef05144ad279bbf601ea403.php:222)
[stacktrace]
#0 D:/KULIAH/BERAU COAL INTERN/logbook/vendor/laravel/framework/src/Illuminate/Filesystem/Filesystem.php(124): Illuminate/Filesystem/Filesystem::Illuminate/Filesystem/{closure}()
#1 D:/KULIAH/BERAU COAL INTERN/logbook/vendor/laravel/framework/src/Illuminate/View/Engines/PhpEngine.php(57): Illuminate/Filesystem/Filesystem->getRequire('D://KULIAH//BERAU...', Array)
#2 D:/KULIAH/BERAU COAL INTERN/logbook/vendor/laravel/framework/src/Illuminate/View/Engines/CompilerEngine.php(76): Illuminate/View/Engines/PhpEngine->evaluatePath('D://KULIAH//BERAU...', Array)
#3 D:/KULIAH/BERAU COAL INTERN/logbook/vendor/laravel/framework/src/Illuminate/View/View.php(208): Illuminate/View/Engines/CompilerEngine->get('D://KULIAH//BERAU...', Array)
#4 D:/KULIAH/BERAU COAL INTERN/logbook/vendor/laravel/framework/src/Illuminate/View/View.php(191): Illuminate/View/View->getContents()
#5 D:/KULIAH/BERAU COAL INTERN/logbook/vendor/laravel/framework/src/Illuminate/View/View.php(160): Illuminate/View/View->renderContents()
#6 D:/KULIAH/BERAU COAL INTERN/logbook/vendor/laravel/framework/src/Illuminate/Http/Response.php(78): Illuminate/View/View->render()
#7 D:/KULIAH/BERAU COAL INTERN/logbook/vendor/laravel/framework/src/Illuminate/Http/Response.php(34): Illuminate/Http/Response->setContent(Object(Illuminate/View/View))
#8 D:/KULIAH/BERAU COAL INTERN/logbook/vendor/laravel/framework/src/Illuminate/Routing/Router.php(939): Illuminate/Http/Response->__construct(Object(Illuminate/View/View), 200, Array)
#9 D:/KULIAH/BERAU COAL INTERN/logbook/vendor/laravel/framework/src/Illuminate/Routing/Router.php(906): Illuminate/Routing/Router::toResponse(Object(Illuminate/Http/Request), Object(Illuminate/View/View))
#10 D:/KULIAH/BERAU COAL INTERN/logbook/vendor/laravel/framework/src/Illuminate/Routing/Router.php(821): Illuminate/Routing/Router->prepareResponse(Object(Illuminate/Http/Request), Object(Illuminate/View/View))
#11 D:/KULIAH/BERAU COAL INTERN/logbook/vendor/laravel/framework/src/Illuminate/Pipeline/Pipeline.php(180): Illuminate/Routing/Router->Illuminate/Routing/{closure}(Object(Illuminate/Http/Request))
#12 D:/KULIAH/BERAU COAL INTERN/logbook/vendor/laravel/framework/src/Illuminate/Routing/Middleware/SubstituteBindings.php(50): Illuminate/Pipeline/Pipeline->Illuminate/Pipeline/{closure}(Object(Illuminate/Http/Request))
#13 D:/KULIAH/BERAU COAL INTERN/logbook/vendor/laravel/framework/src/Illuminate/Pipeline/Pipeline.php(219): Illuminate/Routing/Middleware/SubstituteBindings->handle(Object(Illuminate/Http/Request), Object(Closure))
#14 D:/KULIAH/BERAU COAL INTERN/logbook/vendor/laravel/framework/src/Illuminate/Foundation/Http/Middleware/VerifyCsrfToken.php(87): Illuminate/Pipeline/Pipeline->Illuminate/Pipeline/{closure}(Object(Illuminate/Http/Request))
#15 D:/KULIAH/BERAU COAL INTERN/logbook/vendor/laravel/framework/src/Illuminate/Pipeline/Pipeline.php(219): Illuminate/Foundation/Http/Middleware/VerifyCsrfToken->handle(Object(Illuminate/Http/Request), Object(Closure))
#16 D:/KULIAH/BERAU COAL INTERN/logbook/vendor/laravel/framework/src/Illuminate/View/Middleware/ShareErrorsFromSession.php(48): Illuminate/Pipeline/Pipeline->Illuminate/Pipeline/{closure}(Object(Illuminate/Http/Request))
#17 D:/KULIAH/BERAU COAL INTERN/logbook/vendor/laravel/framework/src/Illuminate/Pipeline/Pipeline.php(219): Illuminate/View/Middleware/ShareErrorsFromSession->handle(Object(Illuminate/Http/Request), Object(Closure))
#18 D:/KULIAH/BERAU COAL INTERN/logbook/vendor/laravel/framework/src/Illuminate/Session/Middleware/StartSession.php(120): Illuminate/Pipeline/Pipeline->Illuminate/Pipeline/{closure}(Object(Illuminate/Http/Request))
#19 D:/KULIAH/BERAU COAL INTERN/logbook/vendor/laravel/framework/src/Illuminate/Session/Middleware/StartSession.php(63): Illuminate/Session/Middleware/StartSession->handleStatefulRequest(Object(Illuminate/Http/Request), Object(Illuminate/Session/Store), Object(Closure))
#20 D:/KULIAH/BERAU COAL INTERN/logbook/vendor/laravel/framework/src/Illuminate/Pipeline/Pipeline.php(219): Illuminate/Session/Middleware/StartSession->handle(Object(Illuminate/Http/Request), Object(Closure))
#21 D:/KULIAH/BERAU COAL INTERN/logbook/vendor/laravel/framework/src/Illuminate/Cookie/Middleware/AddQueuedCookiesToResponse.php(36): Illuminate/Pipeline/Pipeline->Illuminate/Pipeline/{closure}(Object(Illuminate/Http/Request))
#22 D:/KULIAH/BERAU COAL INTERN/logbook/vendor/laravel/framework/src/Illuminate/Pipeline/Pipeline.php(219): Illuminate/Cookie/Middleware/AddQueuedCookiesToResponse->handle(Object(Illuminate/Http/Request), Object(Closure))
#23 D:/KULIAH/BERAU COAL INTERN/logbook/vendor/laravel/framework/src/Illuminate/Cookie/Middleware/EncryptCookies.php(74): Illuminate/Pipeline/Pipeline->Illuminate/Pipeline/{closure}(Object(Illuminate/Http/Request))
#24 D:/KULIAH/BERAU COAL INTERN/logbook/vendor/laravel/framework/src/Illuminate/Pipeline/Pipeline.php(219): Illuminate/Cookie/Middleware/EncryptCookies->handle(Object(Illuminate/Http/Request), Object(Closure))
#25 D:/KULIAH/BERAU COAL INTERN/logbook/vendor/laravel/framework/src/Illuminate/Pipeline/Pipeline.php(137): Illuminate/Pipeline/Pipeline->Illuminate/Pipeline/{closure}(Object(Illuminate/Http/Request))
#26 D:/KULIAH/BERAU COAL INTERN/logbook/vendor/laravel/framework/src/Illuminate/Routing/Router.php(821): Illuminate/Pipeline/Pipeline->then(Object(Closure))
#27 D:/KULIAH/BERAU COAL INTERN/logbook/vendor/laravel/framework/src/Illuminate/Routing/Router.php(800): Illuminate/Routing/Router->runRouteWithinStack(Object(Illuminate/Routing/Route), Object(Illuminate/Http/Request))
#28 D:/KULIAH/BERAU COAL INTERN/logbook/vendor/laravel/framework/src/Illuminate/Routing/Router.php(764): Illuminate/Routing/Router->runRoute(Object(Illuminate/Http/Request), Object(Illuminate/Routing/Route))
#29 D:/KULIAH/BERAU COAL INTERN/logbook/vendor/laravel/framework/src/Illuminate/Routing/Router.php(753): Illuminate/Routing/Router->dispatchToRoute(Object(Illuminate/Http/Request))
#30 D:/KULIAH/BERAU COAL INTERN/logbook/vendor/laravel/framework/src/Illuminate/Foundation/Http/Kernel.php(200): Illuminate/Routing/Router->dispatch(Object(Illuminate/Http/Request))
#31 D:/KULIAH/BERAU COAL INTERN/logbook/vendor/laravel/framework/src/Illuminate/Pipeline/Pipeline.php(180): Illuminate/Foundation/Http/Kernel->Illuminate/Foundation/Http/{closure}(Object(Illuminate/Http/Request))
#32 D:/KULIAH/BERAU COAL INTERN/logbook/vendor/laravel/framework/src/Illuminate/Foundation/Http/Middleware/TransformsRequest.php(21): Illuminate/Pipeline/Pipeline->Illuminate/Pipeline/{closure}(Object(Illuminate/Http/Request))
#33 D:/KULIAH/BERAU COAL INTERN/logbook/vendor/laravel/framework/src/Illuminate/Foundation/Http/Middleware/ConvertEmptyStringsToNull.php(31): Illuminate/Foundation/Http/Middleware/TransformsRequest->handle(Object(Illuminate/Http/Request), Object(Closure))
#34 D:/KULIAH/BERAU COAL INTERN/logbook/vendor/laravel/framework/src/Illuminate/Pipeline/Pipeline.php(219): Illuminate/Foundation/Http/Middleware/ConvertEmptyStringsToNull->handle(Object(Illuminate/Http/Request), Object(Closure))
#35 D:/KULIAH/BERAU COAL INTERN/logbook/vendor/laravel/framework/src/Illuminate/Foundation/Http/Middleware/TransformsRequest.php(21): Illuminate/Pipeline/Pipeline->Illuminate/Pipeline/{closure}(Object(Illuminate/Http/Request))
#36 D:/KULIAH/BERAU COAL INTERN/logbook/vendor/laravel/framework/src/Illuminate/Foundation/Http/Middleware/TrimStrings.php(51): Illuminate/Foundation/Http/Middleware/TransformsRequest->handle(Object(Illuminate/Http/Request), Object(Closure))
#37 D:/KULIAH/BERAU COAL INTERN/logbook/vendor/laravel/framework/src/Illuminate/Pipeline/Pipeline.php(219): Illuminate/Foundation/Http/Middleware/TrimStrings->handle(Object(Illuminate/Http/Request), Object(Closure))
#38 D:/KULIAH/BERAU COAL INTERN/logbook/vendor/laravel/framework/src/Illuminate/Http/Middleware/ValidatePostSize.php(27): Illuminate/Pipeline/Pipeline->Illuminate/Pipeline/{closure}(Object(Illuminate/Http/Request))
#39 D:/KULIAH/BERAU COAL INTERN/logbook/vendor/laravel/framework/src/Illuminate/Pipeline/Pipeline.php(219): Illuminate/Http/Middleware/ValidatePostSize->handle(Object(Illuminate/Http/Request), Object(Closure))
#40 D:/KULIAH/BERAU COAL INTERN/logbook/vendor/laravel/framework/src/Illuminate/Foundation/Http/Middleware/PreventRequestsDuringMaintenance.php(109): Illuminate/Pipeline/Pipeline->Illuminate/Pipeline/{closure}(Object(Illuminate/Http/Request))
#41 D:/KULIAH/BERAU COAL INTERN/logbook/vendor/laravel/framework/src/Illuminate/Pipeline/Pipeline.php(219): Illuminate/Foundation/Http/Middleware/PreventRequestsDuringMaintenance->handle(Object(Illuminate/Http/Request), Object(Closure))
#42 D:/KULIAH/BERAU COAL INTERN/logbook/vendor/laravel/framework/src/Illuminate/Http/Middleware/HandleCors.php(61): Illuminate/Pipeline/Pipeline->Illuminate/Pipeline/{closure}(Object(Illuminate/Http/Request))
#43 D:/KULIAH/BERAU COAL INTERN/logbook/vendor/laravel/framework/src/Illuminate/Pipeline/Pipeline.php(219): Illuminate/Http/Middleware/HandleCors->handle(Object(Illuminate/Http/Request), Object(Closure))
#44 D:/KULIAH/BERAU COAL INTERN/logbook/vendor/laravel/framework/src/Illuminate/Http/Middleware/TrustProxies.php(58): Illuminate/Pipeline/Pipeline->Illuminate/Pipeline/{closure}(Object(Illuminate/Http/Request))
#45 D:/KULIAH/BERAU COAL INTERN/logbook/vendor/laravel/framework/src/Illuminate/Pipeline/Pipeline.php(219): Illuminate/Http/Middleware/TrustProxies->handle(Object(Illuminate/Http/Request), Object(Closure))
#46 D:/KULIAH/BERAU COAL INTERN/logbook/vendor/laravel/framework/src/Illuminate/Foundation/Http/Middleware/InvokeDeferredCallbacks.php(22): Illuminate/Pipeline/Pipeline->Illuminate/Pipeline/{closure}(Object(Illuminate/Http/Request))
#47 D:/KULIAH/BERAU COAL INTERN/logbook/vendor/laravel/framework/src/Illuminate/Pipeline/Pipeline.php(219): Illuminate/Foundation/Http/Middleware/InvokeDeferredCallbacks->handle(Object(Illuminate/Http/Request), Object(Closure))
#48 D:/KULIAH/BERAU COAL INTERN/logbook/vendor/laravel/framework/src/Illuminate/Http/Middleware/ValidatePathEncoding.php(26): Illuminate/Pipeline/Pipeline->Illuminate/Pipeline/{closure}(Object(Illuminate/Http/Request))
#49 D:/KULIAH/BERAU COAL INTERN/logbook/vendor/laravel/framework/src/Illuminate/Pipeline/Pipeline.php(219): Illuminate/Http/Middleware/ValidatePathEncoding->handle(Object(Illuminate/Http/Request), Object(Closure))
#50 D:/KULIAH/BERAU COAL INTERN/logbook/vendor/laravel/framework/src/Illuminate/Pipeline/Pipeline.php(137): Illuminate/Pipeline/Pipeline->Illuminate/Pipeline/{closure}(Object(Illuminate/Http/Request))
#51 D:/KULIAH/BERAU COAL INTERN/logbook/vendor/laravel/framework/src/Illuminate/Foundation/Http/Kernel.php(175): Illuminate/Pipeline/Pipeline->then(Object(Closure))
#52 D:/KULIAH/BERAU COAL INTERN/logbook/vendor/laravel/framework/src/Illuminate/Foundation/Http/Kernel.php(144): Illuminate/Foundation/Http/Kernel->sendRequestThroughRouter(Object(Illuminate/Http/Request))
#53 D:/KULIAH/BERAU COAL INTERN/logbook/public/index.php(13): Illuminate/Foundation/Http/Kernel->handle(Object(Illuminate/Http/Request))
#54 D:/KULIAH/BERAU COAL INTERN/logbook/vendor/laravel/framework/src/Illuminate/Foundation/resources/server.php(23): require_once('D://KULIAH//BERAU...')
#55 {main}
"} 
[2026-08-03 10:46:57] local.ERROR: syntax error, unexpected token "endforeach", expecting "elseif" or "else" or "endif" (View: D:\KULIAH\BERAU COAL INTERN\logbook\resources\views\ojt\logbooks\show.blade.php) {"exception":"[object] (Illuminate\\View\\ViewException(code: 0): syntax error, unexpected token \"endforeach\", expecting \"elseif\" or \"else\" or \"endif\" (View: D:\\KULIAH\\BERAU COAL INTERN\\logbook\\resources\\views\\ojt\\logbooks\\show.blade.php) at D:/KULIAH/BERAU COAL INTERN/logbook/storage/framework/views/98be01794ef05144ad279bbf601ea403.php:222)
[stacktrace]
#0 D:/KULIAH/BERAU COAL INTERN/logbook/vendor/laravel/framework/src/Illuminate/View/Engines/PhpEngine.php(59): Illuminate/View/Engines/CompilerEngine->handleViewException(Object(ParseError), 1)
#1 D:/KULIAH/BERAU COAL INTERN/logbook/vendor/laravel/framework/src/Illuminate/View/Engines/CompilerEngine.php(76): Illuminate/View/Engines/PhpEngine->evaluatePath('D://KULIAH//BERAU...', Array)
#2 D:/KULIAH/BERAU COAL INTERN/logbook/vendor/laravel/framework/src/Illuminate/View/View.php(208): Illuminate/View/Engines/CompilerEngine->get('D://KULIAH//BERAU...', Array)
#3 D:/KULIAH/BERAU COAL INTERN/logbook/vendor/laravel/framework/src/Illuminate/View/View.php(191): Illuminate/View/View->getContents()
#4 D:/KULIAH/BERAU COAL INTERN/logbook/vendor/laravel/framework/src/Illuminate/View/View.php(160): Illuminate/View/View->renderContents()
#5 D:/KULIAH/BERAU COAL INTERN/logbook/vendor/laravel/framework/src/Illuminate/Http/Response.php(78): Illuminate/View/View->render()
#6 D:/KULIAH/BERAU COAL INTERN/logbook/vendor/laravel/framework/src/Illuminate/Http/Response.php(34): Illuminate/Http/Response->setContent(Object(Illuminate/View/View))
#7 D:/KULIAH/BERAU COAL INTERN/logbook/vendor/laravel/framework/src/Illuminate/Routing/Router.php(939): Illuminate/Http/Response->__construct(Object(Illuminate/View/View), 200, Array)
#8 D:/KULIAH/BERAU COAL INTERN/logbook/vendor/laravel/framework/src/Illuminate/Routing/Router.php(906): Illuminate/Routing/Router::toResponse(Object(Illuminate/Http/Request), Object(Illuminate/View/View))
#9 D:/KULIAH/BERAU COAL INTERN/logbook/vendor/laravel/framework/src/Illuminate/Routing/Router.php(821): Illuminate/Routing/Router->prepareResponse(Object(Illuminate/Http/Request), Object(Illuminate/View/View))
#10 D:/KULIAH/BERAU COAL INTERN/logbook/vendor/laravel/framework/src/Illuminate/Pipeline/Pipeline.php(180): Illuminate/Routing/Router->Illuminate/Routing/{closure}(Object(Illuminate/Http/Request))
#11 D:/KULIAH/BERAU COAL INTERN/logbook/vendor/laravel/framework/src/Illuminate/Routing/Middleware/SubstituteBindings.php(50): Illuminate/Pipeline/Pipeline->Illuminate/Pipeline/{closure}(Object(Illuminate/Http/Request))
#12 D:/KULIAH/BERAU COAL INTERN/logbook/vendor/laravel/framework/src/Illuminate/Pipeline/Pipeline.php(219): Illuminate/Routing/Middleware/SubstituteBindings->handle(Object(Illuminate/Http/Request), Object(Closure))
#13 D:/KULIAH/BERAU COAL INTERN/logbook/vendor/laravel/framework/src/Illuminate/Foundation/Http/Middleware/VerifyCsrfToken.php(87): Illuminate/Pipeline/Pipeline->Illuminate/Pipeline/{closure}(Object(Illuminate/Http/Request))
#14 D:/KULIAH/BERAU COAL INTERN/logbook/vendor/laravel/framework/src/Illuminate/Pipeline/Pipeline.php(219): Illuminate/Foundation/Http/Middleware/VerifyCsrfToken->handle(Object(Illuminate/Http/Request), Object(Closure))
#15 D:/KULIAH/BERAU COAL INTERN/logbook/vendor/laravel/framework/src/Illuminate/View/Middleware/ShareErrorsFromSession.php(48): Illuminate/Pipeline/Pipeline->Illuminate/Pipeline/{closure}(Object(Illuminate/Http/Request))
#16 D:/KULIAH/BERAU COAL INTERN/logbook/vendor/laravel/framework/src/Illuminate/Pipeline/Pipeline.php(219): Illuminate/View/Middleware/ShareErrorsFromSession->handle(Object(Illuminate/Http/Request), Object(Closure))
#17 D:/KULIAH/BERAU COAL INTERN/logbook/vendor/laravel/framework/src/Illuminate/Session/Middleware/StartSession.php(120): Illuminate/Pipeline/Pipeline->Illuminate/Pipeline/{closure}(Object(Illuminate/Http/Request))
#18 D:/KULIAH/BERAU COAL INTERN/logbook/vendor/laravel/framework/src/Illuminate/Session/Middleware/StartSession.php(63): Illuminate/Session/Middleware/StartSession->handleStatefulRequest(Object(Illuminate/Http/Request), Object(Illuminate/Session/Store), Object(Closure))
#19 D:/KULIAH/BERAU COAL INTERN/logbook/vendor/laravel/framework/src/Illuminate/Pipeline/Pipeline.php(219): Illuminate/Session/Middleware/StartSession->handle(Object(Illuminate/Http/Request), Object(Closure))
#20 D:/KULIAH/BERAU COAL INTERN/logbook/vendor/laravel/framework/src/Illuminate/Cookie/Middleware/AddQueuedCookiesToResponse.php(36): Illuminate/Pipeline/Pipeline->Illuminate/Pipeline/{closure}(Object(Illuminate/Http/Request))
#21 D:/KULIAH/BERAU COAL INTERN/logbook/vendor/laravel/framework/src/Illuminate/Pipeline/Pipeline.php(219): Illuminate/Cookie/Middleware/AddQueuedCookiesToResponse->handle(Object(Illuminate/Http/Request), Object(Closure))
#22 D:/KULIAH/BERAU COAL INTERN/logbook/vendor/laravel/framework/src/Illuminate/Cookie/Middleware/EncryptCookies.php(74): Illuminate/Pipeline/Pipeline->Illuminate/Pipeline/{closure}(Object(Illuminate/Http/Request))
#23 D:/KULIAH/BERAU COAL INTERN/logbook/vendor/laravel/framework/src/Illuminate/Pipeline/Pipeline.php(219): Illuminate/Cookie/Middleware/EncryptCookies->handle(Object(Illuminate/Http/Request), Object(Closure))
#24 D:/KULIAH/BERAU COAL INTERN/logbook/vendor/laravel/framework/src/Illuminate/Pipeline/Pipeline.php(137): Illuminate/Pipeline/Pipeline->Illuminate/Pipeline/{closure}(Object(Illuminate/Http/Request))
#25 D:/KULIAH/BERAU COAL INTERN/logbook/vendor/laravel/framework/src/Illuminate/Routing/Router.php(821): Illuminate/Pipeline/Pipeline->then(Object(Closure))
#26 D:/KULIAH/BERAU COAL INTERN/logbook/vendor/laravel/framework/src/Illuminate/Routing/Router.php(800): Illuminate/Routing/Router->runRouteWithinStack(Object(Illuminate/Routing/Route), Object(Illuminate/Http/Request))
#27 D:/KULIAH/BERAU COAL INTERN/logbook/vendor/laravel/framework/src/Illuminate/Routing/Router.php(764): Illuminate/Routing/Router->runRoute(Object(Illuminate/Http/Request), Object(Illuminate/Routing/Route))
#28 D:/KULIAH/BERAU COAL INTERN/logbook/vendor/laravel/framework/src/Illuminate/Routing/Router.php(753): Illuminate/Routing/Router->dispatchToRoute(Object(Illuminate/Http/Request))
#29 D:/KULIAH/BERAU COAL INTERN/logbook/vendor/laravel/framework/src/Illuminate/Foundation/Http/Kernel.php(200): Illuminate/Routing/Router->dispatch(Object(Illuminate/Http/Request))
#30 D:/KULIAH/BERAU COAL INTERN/logbook/vendor/laravel/framework/src/Illuminate/Pipeline/Pipeline.php(180): Illuminate/Foundation/Http/Kernel->Illuminate/Foundation/Http/{closure}(Object(Illuminate/Http/Request))
#31 D:/KULIAH/BERAU COAL INTERN/logbook/vendor/laravel/framework/src/Illuminate/Foundation/Http/Middleware/TransformsRequest.php(21): Illuminate/Pipeline/Pipeline->Illuminate/Pipeline/{closure}(Object(Illuminate/Http/Request))
#32 D:/KULIAH/BERAU COAL INTERN/logbook/vendor/laravel/framework/src/Illuminate/Foundation/Http/Middleware/ConvertEmptyStringsToNull.php(31): Illuminate/Foundation/Http/Middleware/TransformsRequest->handle(Object(Illuminate/Http/Request), Object(Closure))
#33 D:/KULIAH/BERAU COAL INTERN/logbook/vendor/laravel/framework/src/Illuminate/Pipeline/Pipeline.php(219): Illuminate/Foundation/Http/Middleware/ConvertEmptyStringsToNull->handle(Object(Illuminate/Http/Request), Object(Closure))
#34 D:/KULIAH/BERAU COAL INTERN/logbook/vendor/laravel/framework/src/Illuminate/Foundation/Http/Middleware/TransformsRequest.php(21): Illuminate/Pipeline/Pipeline->Illuminate/Pipeline/{closure}(Object(Illuminate/Http/Request))
#35 D:/KULIAH/BERAU COAL INTERN/logbook/vendor/laravel/framework/src/Illuminate/Foundation/Http/Middleware/TrimStrings.php(51): Illuminate/Foundation/Http/Middleware/TransformsRequest->handle(Object(Illuminate/Http/Request), Object(Closure))
#36 D:/KULIAH/BERAU COAL INTERN/logbook/vendor/laravel/framework/src/Illuminate/Pipeline/Pipeline.php(219): Illuminate/Foundation/Http/Middleware/TrimStrings->handle(Object(Illuminate/Http/Request), Object(Closure))
#37 D:/KULIAH/BERAU COAL INTERN/logbook/vendor/laravel/framework/src/Illuminate/Http/Middleware/ValidatePostSize.php(27): Illuminate/Pipeline/Pipeline->Illuminate/Pipeline/{closure}(Object(Illuminate/Http/Request))
#38 D:/KULIAH/BERAU COAL INTERN/logbook/vendor/laravel/framework/src/Illuminate/Pipeline/Pipeline.php(219): Illuminate/Http/Middleware/ValidatePostSize->handle(Object(Illuminate/Http/Request), Object(Closure))
#39 D:/KULIAH/BERAU COAL INTERN/logbook/vendor/laravel/framework/src/Illuminate/Foundation/Http/Middleware/PreventRequestsDuringMaintenance.php(109): Illuminate/Pipeline/Pipeline->Illuminate/Pipeline/{closure}(Object(Illuminate/Http/Request))
#40 D:/KULIAH/BERAU COAL INTERN/logbook/vendor/laravel/framework/src/Illuminate/Pipeline/Pipeline.php(219): Illuminate/Foundation/Http/Middleware/PreventRequestsDuringMaintenance->handle(Object(Illuminate/Http/Request), Object(Closure))
#41 D:/KULIAH/BERAU COAL INTERN/logbook/vendor/laravel/framework/src/Illuminate/Http/Middleware/HandleCors.php(61): Illuminate/Pipeline/Pipeline->Illuminate/Pipeline/{closure}(Object(Illuminate/Http/Request))
#42 D:/KULIAH/BERAU COAL INTERN/logbook/vendor/laravel/framework/src/Illuminate/Pipeline/Pipeline.php(219): Illuminate/Http/Middleware/HandleCors->handle(Object(Illuminate/Http/Request), Object(Closure))
#43 D:/KULIAH/BERAU COAL INTERN/logbook/vendor/laravel/framework/src/Illuminate/Http/Middleware/TrustProxies.php(58): Illuminate/Pipeline/Pipeline->Illuminate/Pipeline/{closure}(Object(Illuminate/Http/Request))
#44 D:/KULIAH/BERAU COAL INTERN/logbook/vendor/laravel/framework/src/Illuminate/Pipeline/Pipeline.php(219): Illuminate/Http/Middleware/TrustProxies->handle(Object(Illuminate/Http/Request), Object(Closure))
#45 D:/KULIAH/BERAU COAL INTERN/logbook/vendor/laravel/framework/src/Illuminate/Foundation/Http/Middleware/InvokeDeferredCallbacks.php(22): Illuminate/Pipeline/Pipeline->Illuminate/Pipeline/{closure}(Object(Illuminate/Http/Request))
#46 D:/KULIAH/BERAU COAL INTERN/logbook/vendor/laravel/framework/src/Illuminate/Pipeline/Pipeline.php(219): Illuminate/Foundation/Http/Middleware/InvokeDeferredCallbacks->handle(Object(Illuminate/Http/Request), Object(Closure))
#47 D:/KULIAH/BERAU COAL INTERN/logbook/vendor/laravel/framework/src/Illuminate/Http/Middleware/ValidatePathEncoding.php(26): Illuminate/Pipeline/Pipeline->Illuminate/Pipeline/{closure}(Object(Illuminate/Http/Request))
#48 D:/KULIAH/BERAU COAL INTERN/logbook/vendor/laravel/framework/src/Illuminate/Pipeline/Pipeline.php(219): Illuminate/Http/Middleware/ValidatePathEncoding->handle(Object(Illuminate/Http/Request), Object(Closure))
#49 D:/KULIAH/BERAU COAL INTERN/logbook/vendor/laravel/framework/src/Illuminate/Pipeline/Pipeline.php(137): Illuminate/Pipeline/Pipeline->Illuminate/Pipeline/{closure}(Object(Illuminate/Http/Request))
#50 D:/KULIAH/BERAU COAL INTERN/logbook/vendor/laravel/framework/src/Illuminate/Foundation/Http/Kernel.php(175): Illuminate/Pipeline/Pipeline->then(Object(Closure))
#51 D:/KULIAH/BERAU COAL INTERN/logbook/vendor/laravel/framework/src/Illuminate/Foundation/Http/Kernel.php(144): Illuminate/Foundation/Http/Kernel->sendRequestThroughRouter(Object(Illuminate/Http/Request))
#52 D:/KULIAH/BERAU COAL INTERN/logbook/public/index.php(13): Illuminate/Foundation/Http/Kernel->handle(Object(Illuminate/Http/Request))
#53 D:/KULIAH/BERAU COAL INTERN/logbook/vendor/laravel/framework/src/Illuminate/Foundation/resources/server.php(23): require_once('D://KULIAH//BERAU...')
#54 {main}

[previous exception] [object] (ParseError(code: 0): syntax error, unexpected token \"endforeach\", expecting \"elseif\" or \"else\" or \"endif\" at D:/KULIAH/BERAU COAL INTERN/logbook/storage/framework/views/98be01794ef05144ad279bbf601ea403.php:222)
[stacktrace]
#0 D:/KULIAH/BERAU COAL INTERN/logbook/vendor/laravel/framework/src/Illuminate/Filesystem/Filesystem.php(124): Illuminate/Filesystem/Filesystem::Illuminate/Filesystem/{closure}()
#1 D:/KULIAH/BERAU COAL INTERN/logbook/vendor/laravel/framework/src/Illuminate/View/Engines/PhpEngine.php(57): Illuminate/Filesystem/Filesystem->getRequire('D://KULIAH//BERAU...', Array)
#2 D:/KULIAH/BERAU COAL INTERN/logbook/vendor/laravel/framework/src/Illuminate/View/Engines/CompilerEngine.php(76): Illuminate/View/Engines/PhpEngine->evaluatePath('D://KULIAH//BERAU...', Array)
#3 D:/KULIAH/BERAU COAL INTERN/logbook/vendor/laravel/framework/src/Illuminate/View/View.php(208): Illuminate/View/Engines/CompilerEngine->get('D://KULIAH//BERAU...', Array)
#4 D:/KULIAH/BERAU COAL INTERN/logbook/vendor/laravel/framework/src/Illuminate/View/View.php(191): Illuminate/View/View->getContents()
#5 D:/KULIAH/BERAU COAL INTERN/logbook/vendor/laravel/framework/src/Illuminate/View/View.php(160): Illuminate/View/View->renderContents()
#6 D:/KULIAH/BERAU COAL INTERN/logbook/vendor/laravel/framework/src/Illuminate/Http/Response.php(78): Illuminate/View/View->render()
#7 D:/KULIAH/BERAU COAL INTERN/logbook/vendor/laravel/framework/src/Illuminate/Http/Response.php(34): Illuminate/Http/Response->setContent(Object(Illuminate/View/View))
#8 D:/KULIAH/BERAU COAL INTERN/logbook/vendor/laravel/framework/src/Illuminate/Routing/Router.php(939): Illuminate/Http/Response->__construct(Object(Illuminate/View/View), 200, Array)
#9 D:/KULIAH/BERAU COAL INTERN/logbook/vendor/laravel/framework/src/Illuminate/Routing/Router.php(906): Illuminate/Routing/Router::toResponse(Object(Illuminate/Http/Request), Object(Illuminate/View/View))
#10 D:/KULIAH/BERAU COAL INTERN/logbook/vendor/laravel/framework/src/Illuminate/Routing/Router.php(821): Illuminate/Routing/Router->prepareResponse(Object(Illuminate/Http/Request), Object(Illuminate/View/View))
#11 D:/KULIAH/BERAU COAL INTERN/logbook/vendor/laravel/framework/src/Illuminate/Pipeline/Pipeline.php(180): Illuminate/Routing/Router->Illuminate/Routing/{closure}(Object(Illuminate/Http/Request))
#12 D:/KULIAH/BERAU COAL INTERN/logbook/vendor/laravel/framework/src/Illuminate/Routing/Middleware/SubstituteBindings.php(50): Illuminate/Pipeline/Pipeline->Illuminate/Pipeline/{closure}(Object(Illuminate/Http/Request))
#13 D:/KULIAH/BERAU COAL INTERN/logbook/vendor/laravel/framework/src/Illuminate/Pipeline/Pipeline.php(219): Illuminate/Routing/Middleware/SubstituteBindings->handle(Object(Illuminate/Http/Request), Object(Closure))
#14 D:/KULIAH/BERAU COAL INTERN/logbook/vendor/laravel/framework/src/Illuminate/Foundation/Http/Middleware/VerifyCsrfToken.php(87): Illuminate/Pipeline/Pipeline->Illuminate/Pipeline/{closure}(Object(Illuminate/Http/Request))
#15 D:/KULIAH/BERAU COAL INTERN/logbook/vendor/laravel/framework/src/Illuminate/Pipeline/Pipeline.php(219): Illuminate/Foundation/Http/Middleware/VerifyCsrfToken->handle(Object(Illuminate/Http/Request), Object(Closure))
#16 D:/KULIAH/BERAU COAL INTERN/logbook/vendor/laravel/framework/src/Illuminate/View/Middleware/ShareErrorsFromSession.php(48): Illuminate/Pipeline/Pipeline->Illuminate/Pipeline/{closure}(Object(Illuminate/Http/Request))
#17 D:/KULIAH/BERAU COAL INTERN/logbook/vendor/laravel/framework/src/Illuminate/Pipeline/Pipeline.php(219): Illuminate/View/Middleware/ShareErrorsFromSession->handle(Object(Illuminate/Http/Request), Object(Closure))
#18 D:/KULIAH/BERAU COAL INTERN/logbook/vendor/laravel/framework/src/Illuminate/Session/Middleware/StartSession.php(120): Illuminate/Pipeline/Pipeline->Illuminate/Pipeline/{closure}(Object(Illuminate/Http/Request))
#19 D:/KULIAH/BERAU COAL INTERN/logbook/vendor/laravel/framework/src/Illuminate/Session/Middleware/StartSession.php(63): Illuminate/Session/Middleware/StartSession->handleStatefulRequest(Object(Illuminate/Http/Request), Object(Illuminate/Session/Store), Object(Closure))
#20 D:/KULIAH/BERAU COAL INTERN/logbook/vendor/laravel/framework/src/Illuminate/Pipeline/Pipeline.php(219): Illuminate/Session/Middleware/StartSession->handle(Object(Illuminate/Http/Request), Object(Closure))
#21 D:/KULIAH/BERAU COAL INTERN/logbook/vendor/laravel/framework/src/Illuminate/Cookie/Middleware/AddQueuedCookiesToResponse.php(36): Illuminate/Pipeline/Pipeline->Illuminate/Pipeline/{closure}(Object(Illuminate/Http/Request))
#22 D:/KULIAH/BERAU COAL INTERN/logbook/vendor/laravel/framework/src/Illuminate/Pipeline/Pipeline.php(219): Illuminate/Cookie/Middleware/AddQueuedCookiesToResponse->handle(Object(Illuminate/Http/Request), Object(Closure))
#23 D:/KULIAH/BERAU COAL INTERN/logbook/vendor/laravel/framework/src/Illuminate/Cookie/Middleware/EncryptCookies.php(74): Illuminate/Pipeline/Pipeline->Illuminate/Pipeline/{closure}(Object(Illuminate/Http/Request))
#24 D:/KULIAH/BERAU COAL INTERN/logbook/vendor/laravel/framework/src/Illuminate/Pipeline/Pipeline.php(219): Illuminate/Cookie/Middleware/EncryptCookies->handle(Object(Illuminate/Http/Request), Object(Closure))
#25 D:/KULIAH/BERAU COAL INTERN/logbook/vendor/laravel/framework/src/Illuminate/Pipeline/Pipeline.php(137): Illuminate/Pipeline/Pipeline->Illuminate/Pipeline/{closure}(Object(Illuminate/Http/Request))
#26 D:/KULIAH/BERAU COAL INTERN/logbook/vendor/laravel/framework/src/Illuminate/Routing/Router.php(821): Illuminate/Pipeline/Pipeline->then(Object(Closure))
#27 D:/KULIAH/BERAU COAL INTERN/logbook/vendor/laravel/framework/src/Illuminate/Routing/Router.php(800): Illuminate/Routing/Router->runRouteWithinStack(Object(Illuminate/Routing/Route), Object(Illuminate/Http/Request))
#28 D:/KULIAH/BERAU COAL INTERN/logbook/vendor/laravel/framework/src/Illuminate/Routing/Router.php(764): Illuminate/Routing/Router->runRoute(Object(Illuminate/Http/Request), Object(Illuminate/Routing/Route))
#29 D:/KULIAH/BERAU COAL INTERN/logbook/vendor/laravel/framework/src/Illuminate/Routing/Router.php(753): Illuminate/Routing/Router->dispatchToRoute(Object(Illuminate/Http/Request))
#30 D:/KULIAH/BERAU COAL INTERN/logbook/vendor/laravel/framework/src/Illuminate/Foundation/Http/Kernel.php(200): Illuminate/Routing/Router->dispatch(Object(Illuminate/Http/Request))
#31 D:/KULIAH/BERAU COAL INTERN/logbook/vendor/laravel/framework/src/Illuminate/Pipeline/Pipeline.php(180): Illuminate/Foundation/Http/Kernel->Illuminate/Foundation/Http/{closure}(Object(Illuminate/Http/Request))
#32 D:/KULIAH/BERAU COAL INTERN/logbook/vendor/laravel/framework/src/Illuminate/Foundation/Http/Middleware/TransformsRequest.php(21): Illuminate/Pipeline/Pipeline->Illuminate/Pipeline/{closure}(Object(Illuminate/Http/Request))
#33 D:/KULIAH/BERAU COAL INTERN/logbook/vendor/laravel/framework/src/Illuminate/Foundation/Http/Middleware/ConvertEmptyStringsToNull.php(31): Illuminate/Foundation/Http/Middleware/TransformsRequest->handle(Object(Illuminate/Http/Request), Object(Closure))
#34 D:/KULIAH/BERAU COAL INTERN/logbook/vendor/laravel/framework/src/Illuminate/Pipeline/Pipeline.php(219): Illuminate/Foundation/Http/Middleware/ConvertEmptyStringsToNull->handle(Object(Illuminate/Http/Request), Object(Closure))
#35 D:/KULIAH/BERAU COAL INTERN/logbook/vendor/laravel/framework/src/Illuminate/Foundation/Http/Middleware/TransformsRequest.php(21): Illuminate/Pipeline/Pipeline->Illuminate/Pipeline/{closure}(Object(Illuminate/Http/Request))
#36 D:/KULIAH/BERAU COAL INTERN/logbook/vendor/laravel/framework/src/Illuminate/Foundation/Http/Middleware/TrimStrings.php(51): Illuminate/Foundation/Http/Middleware/TransformsRequest->handle(Object(Illuminate/Http/Request), Object(Closure))
#37 D:/KULIAH/BERAU COAL INTERN/logbook/vendor/laravel/framework/src/Illuminate/Pipeline/Pipeline.php(219): Illuminate/Foundation/Http/Middleware/TrimStrings->handle(Object(Illuminate/Http/Request), Object(Closure))
#38 D:/KULIAH/BERAU COAL INTERN/logbook/vendor/laravel/framework/src/Illuminate/Http/Middleware/ValidatePostSize.php(27): Illuminate/Pipeline/Pipeline->Illuminate/Pipeline/{closure}(Object(Illuminate/Http/Request))
#39 D:/KULIAH/BERAU COAL INTERN/logbook/vendor/laravel/framework/src/Illuminate/Pipeline/Pipeline.php(219): Illuminate/Http/Middleware/ValidatePostSize->handle(Object(Illuminate/Http/Request), Object(Closure))
#40 D:/KULIAH/BERAU COAL INTERN/logbook/vendor/laravel/framework/src/Illuminate/Foundation/Http/Middleware/PreventRequestsDuringMaintenance.php(109): Illuminate/Pipeline/Pipeline->Illuminate/Pipeline/{closure}(Object(Illuminate/Http/Request))
#41 D:/KULIAH/BERAU COAL INTERN/logbook/vendor/laravel/framework/src/Illuminate/Pipeline/Pipeline.php(219): Illuminate/Foundation/Http/Middleware/PreventRequestsDuringMaintenance->handle(Object(Illuminate/Http/Request), Object(Closure))
#42 D:/KULIAH/BERAU COAL INTERN/logbook/vendor/laravel/framework/src/Illuminate/Http/Middleware/HandleCors.php(61): Illuminate/Pipeline/Pipeline->Illuminate/Pipeline/{closure}(Object(Illuminate/Http/Request))
#43 D:/KULIAH/BERAU COAL INTERN/logbook/vendor/laravel/framework/src/Illuminate/Pipeline/Pipeline.php(219): Illuminate/Http/Middleware/HandleCors->handle(Object(Illuminate/Http/Request), Object(Closure))
#44 D:/KULIAH/BERAU COAL INTERN/logbook/vendor/laravel/framework/src/Illuminate/Http/Middleware/TrustProxies.php(58): Illuminate/Pipeline/Pipeline->Illuminate/Pipeline/{closure}(Object(Illuminate/Http/Request))
#45 D:/KULIAH/BERAU COAL INTERN/logbook/vendor/laravel/framework/src/Illuminate/Pipeline/Pipeline.php(219): Illuminate/Http/Middleware/TrustProxies->handle(Object(Illuminate/Http/Request), Object(Closure))
#46 D:/KULIAH/BERAU COAL INTERN/logbook/vendor/laravel/framework/src/Illuminate/Foundation/Http/Middleware/InvokeDeferredCallbacks.php(22): Illuminate/Pipeline/Pipeline->Illuminate/Pipeline/{closure}(Object(Illuminate/Http/Request))
#47 D:/KULIAH/BERAU COAL INTERN/logbook/vendor/laravel/framework/src/Illuminate/Pipeline/Pipeline.php(219): Illuminate/Foundation/Http/Middleware/InvokeDeferredCallbacks->handle(Object(Illuminate/Http/Request), Object(Closure))
#48 D:/KULIAH/BERAU COAL INTERN/logbook/vendor/laravel/framework/src/Illuminate/Http/Middleware/ValidatePathEncoding.php(26): Illuminate/Pipeline/Pipeline->Illuminate/Pipeline/{closure}(Object(Illuminate/Http/Request))
#49 D:/KULIAH/BERAU COAL INTERN/logbook/vendor/laravel/framework/src/Illuminate/Pipeline/Pipeline.php(219): Illuminate/Http/Middleware/ValidatePathEncoding->handle(Object(Illuminate/Http/Request), Object(Closure))
#50 D:/KULIAH/BERAU COAL INTERN/logbook/vendor/laravel/framework/src/Illuminate/Pipeline/Pipeline.php(137): Illuminate/Pipeline/Pipeline->Illuminate/Pipeline/{closure}(Object(Illuminate/Http/Request))
#51 D:/KULIAH/BERAU COAL INTERN/logbook/vendor/laravel/framework/src/Illuminate/Foundation/Http/Kernel.php(175): Illuminate/Pipeline/Pipeline->then(Object(Closure))
#52 D:/KULIAH/BERAU COAL INTERN/logbook/vendor/laravel/framework/src/Illuminate/Foundation/Http/Kernel.php(144): Illuminate/Foundation/Http/Kernel->sendRequestThroughRouter(Object(Illuminate/Http/Request))
#53 D:/KULIAH/BERAU COAL INTERN/logbook/public/index.php(13): Illuminate/Foundation/Http/Kernel->handle(Object(Illuminate/Http/Request))
#54 D:/KULIAH/BERAU COAL INTERN/logbook/vendor/laravel/framework/src/Illuminate/Foundation/resources/server.php(23): require_once('D://KULIAH//BERAU...')
#55 {main}
"} 
[2026-08-03 11:04:00] local.ERROR: Writing to C:/Users/Ibnu Zaky F/AppData/Roaming/PsySH/psysh_history is not allowed. {"exception":"[object] (ErrorException(code: 0): Writing to C:/Users/Ibnu Zaky F/AppData/Roaming/PsySH/psysh_history is not allowed. at D:/KULIAH/BERAU COAL INTERN/logbook/vendor/psy/psysh/src/ConfigPaths.php:480)
[stacktrace]
#0 D:/KULIAH/BERAU COAL INTERN/logbook/vendor/laravel/framework/src/Illuminate/Foundation/Bootstrap/HandleExceptions.php(262): Illuminate/Foundation/Bootstrap/HandleExceptions->handleError(1024, 'Writing to C:/U...', 'D://KULIAH//BERAU...', 480)
#1 [internal function]: Illuminate/Foundation/Bootstrap/HandleExceptions->Illuminate/Foundation/Bootstrap/{closure}(1024, 'Writing to C:/U...', 'D://KULIAH//BERAU...', 480)
#2 D:/KULIAH/BERAU COAL INTERN/logbook/vendor/psy/psysh/src/ConfigPaths.php(480): trigger_error('Writing to C:/U...', 1024)
#3 D:/KULIAH/BERAU COAL INTERN/logbook/vendor/psy/psysh/src/Configuration.php(1068): Psy/ConfigPaths::touchFileWithMkdir('C:/Users/Ibnu Z...')
#4 D:/KULIAH/BERAU COAL INTERN/logbook/vendor/psy/psysh/src/Configuration.php(1106): Psy/Configuration->setHistoryFile('C:/Users/Ibnu Z...')
#5 D:/KULIAH/BERAU COAL INTERN/logbook/vendor/psy/psysh/src/Configuration.php(1285): Psy/Configuration->getHistoryFile()
#6 D:/KULIAH/BERAU COAL INTERN/logbook/vendor/psy/psysh/src/Shell.php(192): Psy/Configuration->getReadline()
#7 D:/KULIAH/BERAU COAL INTERN/logbook/vendor/psy/psysh/src/Shell.php(2213): Psy/Shell->boot()
#8 D:/KULIAH/BERAU COAL INTERN/logbook/vendor/laravel/tinker/src/Console/TinkerCommand.php(77): Psy/Shell->execute('echo App////Model...')
#9 D:/KULIAH/BERAU COAL INTERN/logbook/vendor/laravel/framework/src/Illuminate/Container/BoundMethod.php(36): Laravel/Tinker/Console/TinkerCommand->handle()
#10 D:/KULIAH/BERAU COAL INTERN/logbook/vendor/laravel/framework/src/Illuminate/Container/Util.php(43): Illuminate/Container/BoundMethod::Illuminate/Container/{closure}()
#11 D:/KULIAH/BERAU COAL INTERN/logbook/vendor/laravel/framework/src/Illuminate/Container/BoundMethod.php(96): Illuminate/Container/Util::unwrapIfClosure(Object(Closure))
#12 D:/KULIAH/BERAU COAL INTERN/logbook/vendor/laravel/framework/src/Illuminate/Container/BoundMethod.php(35): Illuminate/Container/BoundMethod::callBoundMethod(Object(Illuminate/Foundation/Application), Array, Object(Closure))
#13 D:/KULIAH/BERAU COAL INTERN/logbook/vendor/laravel/framework/src/Illuminate/Container/Container.php(799): Illuminate/Container/BoundMethod::call(Object(Illuminate/Foundation/Application), Array, Array, NULL)
#14 D:/KULIAH/BERAU COAL INTERN/logbook/vendor/laravel/framework/src/Illuminate/Console/Command.php(211): Illuminate/Container/Container->call(Array)
#15 D:/KULIAH/BERAU COAL INTERN/logbook/vendor/symfony/console/Command/Command.php(341): Illuminate/Console/Command->execute(Object(Symfony/Component/Console/Input/ArgvInput), Object(Illuminate/Console/OutputStyle))
#16 D:/KULIAH/BERAU COAL INTERN/logbook/vendor/laravel/framework/src/Illuminate/Console/Command.php(180): Symfony/Component/Console/Command/Command->run(Object(Symfony/Component/Console/Input/ArgvInput), Object(Illuminate/Console/OutputStyle))
#17 D:/KULIAH/BERAU COAL INTERN/logbook/vendor/symfony/console/Application.php(1117): Illuminate/Console/Command->run(Object(Symfony/Component/Console/Input/ArgvInput), Object(Symfony/Component/Console/Output/ConsoleOutput))
#18 D:/KULIAH/BERAU COAL INTERN/logbook/vendor/symfony/console/Application.php(356): Symfony/Component/Console/Application->doRunCommand(Object(Laravel/Tinker/Console/TinkerCommand), Object(Symfony/Component/Console/Input/ArgvInput), Object(Symfony/Component/Console/Output/ConsoleOutput))
#19 D:/KULIAH/BERAU COAL INTERN/logbook/vendor/symfony/console/Application.php(195): Symfony/Component/Console/Application->doRun(Object(Symfony/Component/Console/Input/ArgvInput), Object(Symfony/Component/Console/Output/ConsoleOutput))
#20 D:/KULIAH/BERAU COAL INTERN/logbook/vendor/laravel/framework/src/Illuminate/Foundation/Console/Kernel.php(198): Symfony/Component/Console/Application->run(Object(Symfony/Component/Console/Input/ArgvInput), Object(Symfony/Component/Console/Output/ConsoleOutput))
#21 D:/KULIAH/BERAU COAL INTERN/logbook/vendor/laravel/framework/src/Illuminate/Foundation/Application.php(1235): Illuminate/Foundation/Console/Kernel->handle(Object(Symfony/Component/Console/Input/ArgvInput), Object(Symfony/Component/Console/Output/ConsoleOutput))
#22 D:/KULIAH/BERAU COAL INTERN/logbook/artisan(16): Illuminate/Foundation/Application->handleCommand(Object(Symfony/Component/Console/Input/ArgvInput))
#23 {main}
"} 
[2026-08-03 11:45:54] local.ERROR: Maximum execution time of 30 seconds exceeded {"exception":"[object] (Symfony\\Component\\ErrorHandler\\Error\\FatalError(code: 0): Maximum execution time of 30 seconds exceeded at D:/KULIAH/BERAU COAL INTERN/logbook/vendor/composer/ClassLoader.php:429)
[stacktrace]
#0 {main}
"} 
[2026-08-03 11:46:17] local.ERROR: Class "Illuminate\Database\Connection" not found {"exception":"[object] (Error(code: 0): Class \"Illuminate\\Database\\Connection\" not found at D:/KULIAH/BERAU COAL INTERN/logbook/vendor/laravel/framework/src/Illuminate/Database/Connectors/ConnectionFactory.php:270)
[stacktrace]
#0 D:/KULIAH/BERAU COAL INTERN/logbook/vendor/laravel/framework/src/Illuminate/Database/Connectors/ConnectionFactory.php(75): Illuminate/Database/Connectors/ConnectionFactory->createConnection('sqlite', Object(Closure), 'database/databa...', '', Array)
#1 D:/KULIAH/BERAU COAL INTERN/logbook/vendor/laravel/framework/src/Illuminate/Database/Connectors/ConnectionFactory.php(50): Illuminate/Database/Connectors/ConnectionFactory->createSingleConnection(Array)
#2 D:/KULIAH/BERAU COAL INTERN/logbook/vendor/laravel/framework/src/Illuminate/Database/DatabaseManager.php(203): Illuminate/Database/Connectors/ConnectionFactory->make(Array, 'sqlite')
#3 D:/KULIAH/BERAU COAL INTERN/logbook/vendor/laravel/framework/src/Illuminate/Database/DatabaseManager.php(102): Illuminate/Database/DatabaseManager->makeConnection('sqlite')
#4 D:/KULIAH/BERAU COAL INTERN/logbook/vendor/laravel/framework/src/Illuminate/Session/SessionManager.php(108): Illuminate/Database/DatabaseManager->connection('sqlite')
#5 D:/KULIAH/BERAU COAL INTERN/logbook/vendor/laravel/framework/src/Illuminate/Session/SessionManager.php(95): Illuminate/Session/SessionManager->getDatabaseConnection()
#6 D:/KULIAH/BERAU COAL INTERN/logbook/vendor/laravel/framework/src/Illuminate/Support/Manager.php(101): Illuminate/Session/SessionManager->createDatabaseDriver()
#7 D:/KULIAH/BERAU COAL INTERN/logbook/vendor/laravel/framework/src/Illuminate/Support/Manager.php(78): Illuminate/Support/Manager->createDriver('database')
#8 D:/KULIAH/BERAU COAL INTERN/logbook/vendor/laravel/framework/src/Illuminate/Session/SessionServiceProvider.php(52): Illuminate/Support/Manager->driver()
#9 D:/KULIAH/BERAU COAL INTERN/logbook/vendor/laravel/framework/src/Illuminate/Container/Container.php(1115): Illuminate/Session/SessionServiceProvider->Illuminate/Session/{closure}(Object(Illuminate/Foundation/Application), Array)
#10 D:/KULIAH/BERAU COAL INTERN/logbook/vendor/laravel/framework/src/Illuminate/Container/Container.php(933): Illuminate/Container/Container->build(Object(Closure))
#11 D:/KULIAH/BERAU COAL INTERN/logbook/vendor/laravel/framework/src/Illuminate/Foundation/Application.php(1078): Illuminate/Container/Container->resolve('session.store', Array, true)
#12 D:/KULIAH/BERAU COAL INTERN/logbook/vendor/laravel/framework/src/Illuminate/Container/Container.php(864): Illuminate/Foundation/Application->resolve('session.store', Array)
#13 D:/KULIAH/BERAU COAL INTERN/logbook/vendor/laravel/framework/src/Illuminate/Foundation/Application.php(1058): Illuminate/Container/Container->make('session.store', Array)
#14 D:/KULIAH/BERAU COAL INTERN/logbook/vendor/laravel/framework/src/Illuminate/Container/Container.php(1805): Illuminate/Foundation/Application->make('session.store')
#15 D:/KULIAH/BERAU COAL INTERN/logbook/vendor/laravel/framework/src/Illuminate/Routing/RoutingServiceProvider.php(121): Illuminate/Container/Container->offsetGet('session.store')
#16 D:/KULIAH/BERAU COAL INTERN/logbook/vendor/laravel/framework/src/Illuminate/Container/Container.php(1115): Illuminate/Routing/RoutingServiceProvider->Illuminate/Routing/{closure}(Object(Illuminate/Foundation/Application), Array)
#17 D:/KULIAH/BERAU COAL INTERN/logbook/vendor/laravel/framework/src/Illuminate/Container/Container.php(933): Illuminate/Container/Container->build(Object(Closure))
#18 D:/KULIAH/BERAU COAL INTERN/logbook/vendor/laravel/framework/src/Illuminate/Foundation/Application.php(1078): Illuminate/Container/Container->resolve('redirect', Array, true)
#19 D:/KULIAH/BERAU COAL INTERN/logbook/vendor/laravel/framework/src/Illuminate/Container/Container.php(864): Illuminate/Foundation/Application->resolve('redirect', Array)
#20 D:/KULIAH/BERAU COAL INTERN/logbook/vendor/laravel/framework/src/Illuminate/Foundation/Application.php(1058): Illuminate/Container/Container->make('redirect', Array)
#21 D:/KULIAH/BERAU COAL INTERN/logbook/vendor/laravel/framework/src/Illuminate/Container/Container.php(1805): Illuminate/Foundation/Application->make('redirect')
#22 D:/KULIAH/BERAU COAL INTERN/logbook/vendor/laravel/framework/src/Illuminate/Routing/RoutingServiceProvider.php(177): Illuminate/Container/Container->offsetGet('redirect')
#23 D:/KULIAH/BERAU COAL INTERN/logbook/vendor/laravel/framework/src/Illuminate/Container/Container.php(1115): Illuminate/Routing/RoutingServiceProvider->Illuminate/Routing/{closure}(Object(Illuminate/Foundation/Application), Array)
#24 D:/KULIAH/BERAU COAL INTERN/logbook/vendor/laravel/framework/src/Illuminate/Container/Container.php(933): Illuminate/Container/Container->build(Object(Closure))
#25 D:/KULIAH/BERAU COAL INTERN/logbook/vendor/laravel/framework/src/Illuminate/Foundation/Application.php(1078): Illuminate/Container/Container->resolve('Illuminate//Cont...', Array, true)
#26 D:/KULIAH/BERAU COAL INTERN/logbook/vendor/laravel/framework/src/Illuminate/Container/Container.php(864): Illuminate/Foundation/Application->resolve('Illuminate//Cont...', Array)
#27 D:/KULIAH/BERAU COAL INTERN/logbook/vendor/laravel/framework/src/Illuminate/Foundation/Application.php(1058): Illuminate/Container/Container->make('Illuminate//Cont...', Array)
#28 D:/KULIAH/BERAU COAL INTERN/logbook/vendor/laravel/framework/src/Illuminate/Foundation/helpers.php(138): Illuminate/Foundation/Application->make('Illuminate//Cont...', Array)
#29 D:/KULIAH/BERAU COAL INTERN/logbook/vendor/laravel/framework/src/Illuminate/Foundation/helpers.php(850): app('Illuminate//Cont...')
#30 D:/KULIAH/BERAU COAL INTERN/logbook/vendor/laravel/framework/src/Illuminate/Foundation/Exceptions/Handler.php(987): response('<!DOCTYPE html>...', 500, Array)
#31 D:/KULIAH/BERAU COAL INTERN/logbook/vendor/laravel/framework/src/Illuminate/Foundation/Exceptions/Handler.php(839): Illuminate/Foundation/Exceptions/Handler->toIlluminateResponse(Object(Symfony/Component/HttpFoundation/Response), Object(Symfony/Component/ErrorHandler/Error/FatalError))
#32 D:/KULIAH/BERAU COAL INTERN/logbook/vendor/laravel/framework/src/Illuminate/Foundation/Exceptions/Handler.php(738): Illuminate/Foundation/Exceptions/Handler->prepareResponse(Object(Illuminate/Http/Request), Object(Symfony/Component/ErrorHandler/Error/FatalError))
#33 D:/KULIAH/BERAU COAL INTERN/logbook/vendor/laravel/framework/src/Illuminate/Foundation/Exceptions/Handler.php(626): Illuminate/Foundation/Exceptions/Handler->renderExceptionResponse(Object(Illuminate/Http/Request), Object(Symfony/Component/ErrorHandler/Error/FatalError))
#34 D:/KULIAH/BERAU COAL INTERN/logbook/vendor/laravel/framework/src/Illuminate/Foundation/Bootstrap/HandleExceptions.php(225): Illuminate/Foundation/Exceptions/Handler->render(Object(Illuminate/Http/Request), Object(Symfony/Component/ErrorHandler/Error/FatalError))
#35 D:/KULIAH/BERAU COAL INTERN/logbook/vendor/laravel/framework/src/Illuminate/Foundation/Bootstrap/HandleExceptions.php(202): Illuminate/Foundation/Bootstrap/HandleExceptions->renderHttpResponse(Object(Symfony/Component/ErrorHandler/Error/FatalError))
#36 D:/KULIAH/BERAU COAL INTERN/logbook/vendor/laravel/framework/src/Illuminate/Foundation/Bootstrap/HandleExceptions.php(238): Illuminate/Foundation/Bootstrap/HandleExceptions->handleException(Object(Symfony/Component/ErrorHandler/Error/FatalError))
#37 D:/KULIAH/BERAU COAL INTERN/logbook/vendor/laravel/framework/src/Illuminate/Foundation/Bootstrap/HandleExceptions.php(262): Illuminate/Foundation/Bootstrap/HandleExceptions->handleShutdown()
#38 [internal function]: Illuminate/Foundation/Bootstrap/HandleExceptions->Illuminate/Foundation/Bootstrap/{closure}()
#39 {main}
"} 
[2026-08-03 11:59:56] local.ERROR: syntax error, unexpected token "endforeach", expecting "elseif" or "else" or "endif" (View: D:\KULIAH\BERAU COAL INTERN\logbook\resources\views\ojt\dashboard.blade.php) {"exception":"[object] (Illuminate\\View\\ViewException(code: 0): syntax error, unexpected token \"endforeach\", expecting \"elseif\" or \"else\" or \"endif\" (View: D:\\KULIAH\\BERAU COAL INTERN\\logbook\\resources\\views\\ojt\\dashboard.blade.php) at D:/KULIAH/BERAU COAL INTERN/logbook/storage/framework/views/af9ab93b9b296fb8f7d69e05d151e123.php:270)
[stacktrace]
#0 D:/KULIAH/BERAU COAL INTERN/logbook/vendor/laravel/framework/src/Illuminate/View/Engines/PhpEngine.php(59): Illuminate/View/Engines/CompilerEngine->handleViewException(Object(ParseError), 1)
#1 D:/KULIAH/BERAU COAL INTERN/logbook/vendor/laravel/framework/src/Illuminate/View/Engines/CompilerEngine.php(76): Illuminate/View/Engines/PhpEngine->evaluatePath('D://KULIAH//BERAU...', Array)
#2 D:/KULIAH/BERAU COAL INTERN/logbook/vendor/laravel/framework/src/Illuminate/View/View.php(208): Illuminate/View/Engines/CompilerEngine->get('D://KULIAH//BERAU...', Array)
#3 D:/KULIAH/BERAU COAL INTERN/logbook/vendor/laravel/framework/src/Illuminate/View/View.php(191): Illuminate/View/View->getContents()
#4 D:/KULIAH/BERAU COAL INTERN/logbook/vendor/laravel/framework/src/Illuminate/View/View.php(160): Illuminate/View/View->renderContents()
#5 D:/KULIAH/BERAU COAL INTERN/logbook/vendor/laravel/framework/src/Illuminate/Http/Response.php(78): Illuminate/View/View->render()
#6 D:/KULIAH/BERAU COAL INTERN/logbook/vendor/laravel/framework/src/Illuminate/Http/Response.php(34): Illuminate/Http/Response->setContent(Object(Illuminate/View/View))
#7 D:/KULIAH/BERAU COAL INTERN/logbook/vendor/laravel/framework/src/Illuminate/Routing/Router.php(939): Illuminate/Http/Response->__construct(Object(Illuminate/View/View), 200, Array)
#8 D:/KULIAH/BERAU COAL INTERN/logbook/vendor/laravel/framework/src/Illuminate/Routing/Router.php(906): Illuminate/Routing/Router::toResponse(Object(Illuminate/Http/Request), Object(Illuminate/View/View))
#9 D:/KULIAH/BERAU COAL INTERN/logbook/vendor/laravel/framework/src/Illuminate/Routing/Router.php(821): Illuminate/Routing/Router->prepareResponse(Object(Illuminate/Http/Request), Object(Illuminate/View/View))
#10 D:/KULIAH/BERAU COAL INTERN/logbook/vendor/laravel/framework/src/Illuminate/Pipeline/Pipeline.php(180): Illuminate/Routing/Router->Illuminate/Routing/{closure}(Object(Illuminate/Http/Request))
#11 D:/KULIAH/BERAU COAL INTERN/logbook/vendor/laravel/framework/src/Illuminate/Routing/Middleware/SubstituteBindings.php(50): Illuminate/Pipeline/Pipeline->Illuminate/Pipeline/{closure}(Object(Illuminate/Http/Request))
#12 D:/KULIAH/BERAU COAL INTERN/logbook/vendor/laravel/framework/src/Illuminate/Pipeline/Pipeline.php(219): Illuminate/Routing/Middleware/SubstituteBindings->handle(Object(Illuminate/Http/Request), Object(Closure))
#13 D:/KULIAH/BERAU COAL INTERN/logbook/vendor/laravel/framework/src/Illuminate/Foundation/Http/Middleware/VerifyCsrfToken.php(87): Illuminate/Pipeline/Pipeline->Illuminate/Pipeline/{closure}(Object(Illuminate/Http/Request))
#14 D:/KULIAH/BERAU COAL INTERN/logbook/vendor/laravel/framework/src/Illuminate/Pipeline/Pipeline.php(219): Illuminate/Foundation/Http/Middleware/VerifyCsrfToken->handle(Object(Illuminate/Http/Request), Object(Closure))
#15 D:/KULIAH/BERAU COAL INTERN/logbook/vendor/laravel/framework/src/Illuminate/View/Middleware/ShareErrorsFromSession.php(48): Illuminate/Pipeline/Pipeline->Illuminate/Pipeline/{closure}(Object(Illuminate/Http/Request))
#16 D:/KULIAH/BERAU COAL INTERN/logbook/vendor/laravel/framework/src/Illuminate/Pipeline/Pipeline.php(219): Illuminate/View/Middleware/ShareErrorsFromSession->handle(Object(Illuminate/Http/Request), Object(Closure))
#17 D:/KULIAH/BERAU COAL INTERN/logbook/vendor/laravel/framework/src/Illuminate/Session/Middleware/StartSession.php(120): Illuminate/Pipeline/Pipeline->Illuminate/Pipeline/{closure}(Object(Illuminate/Http/Request))
#18 D:/KULIAH/BERAU COAL INTERN/logbook/vendor/laravel/framework/src/Illuminate/Session/Middleware/StartSession.php(63): Illuminate/Session/Middleware/StartSession->handleStatefulRequest(Object(Illuminate/Http/Request), Object(Illuminate/Session/Store), Object(Closure))
#19 D:/KULIAH/BERAU COAL INTERN/logbook/vendor/laravel/framework/src/Illuminate/Pipeline/Pipeline.php(219): Illuminate/Session/Middleware/StartSession->handle(Object(Illuminate/Http/Request), Object(Closure))
#20 D:/KULIAH/BERAU COAL INTERN/logbook/vendor/laravel/framework/src/Illuminate/Cookie/Middleware/AddQueuedCookiesToResponse.php(36): Illuminate/Pipeline/Pipeline->Illuminate/Pipeline/{closure}(Object(Illuminate/Http/Request))
#21 D:/KULIAH/BERAU COAL INTERN/logbook/vendor/laravel/framework/src/Illuminate/Pipeline/Pipeline.php(219): Illuminate/Cookie/Middleware/AddQueuedCookiesToResponse->handle(Object(Illuminate/Http/Request), Object(Closure))
#22 D:/KULIAH/BERAU COAL INTERN/logbook/vendor/laravel/framework/src/Illuminate/Cookie/Middleware/EncryptCookies.php(74): Illuminate/Pipeline/Pipeline->Illuminate/Pipeline/{closure}(Object(Illuminate/Http/Request))
#23 D:/KULIAH/BERAU COAL INTERN/logbook/vendor/laravel/framework/src/Illuminate/Pipeline/Pipeline.php(219): Illuminate/Cookie/Middleware/EncryptCookies->handle(Object(Illuminate/Http/Request), Object(Closure))
#24 D:/KULIAH/BERAU COAL INTERN/logbook/vendor/laravel/framework/src/Illuminate/Pipeline/Pipeline.php(137): Illuminate/Pipeline/Pipeline->Illuminate/Pipeline/{closure}(Object(Illuminate/Http/Request))
#25 D:/KULIAH/BERAU COAL INTERN/logbook/vendor/laravel/framework/src/Illuminate/Routing/Router.php(821): Illuminate/Pipeline/Pipeline->then(Object(Closure))
#26 D:/KULIAH/BERAU COAL INTERN/logbook/vendor/laravel/framework/src/Illuminate/Routing/Router.php(800): Illuminate/Routing/Router->runRouteWithinStack(Object(Illuminate/Routing/Route), Object(Illuminate/Http/Request))
#27 D:/KULIAH/BERAU COAL INTERN/logbook/vendor/laravel/framework/src/Illuminate/Routing/Router.php(764): Illuminate/Routing/Router->runRoute(Object(Illuminate/Http/Request), Object(Illuminate/Routing/Route))
#28 D:/KULIAH/BERAU COAL INTERN/logbook/vendor/laravel/framework/src/Illuminate/Routing/Router.php(753): Illuminate/Routing/Router->dispatchToRoute(Object(Illuminate/Http/Request))
#29 D:/KULIAH/BERAU COAL INTERN/logbook/vendor/laravel/framework/src/Illuminate/Foundation/Http/Kernel.php(200): Illuminate/Routing/Router->dispatch(Object(Illuminate/Http/Request))
#30 D:/KULIAH/BERAU COAL INTERN/logbook/vendor/laravel/framework/src/Illuminate/Pipeline/Pipeline.php(180): Illuminate/Foundation/Http/Kernel->Illuminate/Foundation/Http/{closure}(Object(Illuminate/Http/Request))
#31 D:/KULIAH/BERAU COAL INTERN/logbook/vendor/laravel/framework/src/Illuminate/Foundation/Http/Middleware/TransformsRequest.php(21): Illuminate/Pipeline/Pipeline->Illuminate/Pipeline/{closure}(Object(Illuminate/Http/Request))
#32 D:/KULIAH/BERAU COAL INTERN/logbook/vendor/laravel/framework/src/Illuminate/Foundation/Http/Middleware/ConvertEmptyStringsToNull.php(31): Illuminate/Foundation/Http/Middleware/TransformsRequest->handle(Object(Illuminate/Http/Request), Object(Closure))
#33 D:/KULIAH/BERAU COAL INTERN/logbook/vendor/laravel/framework/src/Illuminate/Pipeline/Pipeline.php(219): Illuminate/Foundation/Http/Middleware/ConvertEmptyStringsToNull->handle(Object(Illuminate/Http/Request), Object(Closure))
#34 D:/KULIAH/BERAU COAL INTERN/logbook/vendor/laravel/framework/src/Illuminate/Foundation/Http/Middleware/TransformsRequest.php(21): Illuminate/Pipeline/Pipeline->Illuminate/Pipeline/{closure}(Object(Illuminate/Http/Request))
#35 D:/KULIAH/BERAU COAL INTERN/logbook/vendor/laravel/framework/src/Illuminate/Foundation/Http/Middleware/TrimStrings.php(51): Illuminate/Foundation/Http/Middleware/TransformsRequest->handle(Object(Illuminate/Http/Request), Object(Closure))
#36 D:/KULIAH/BERAU COAL INTERN/logbook/vendor/laravel/framework/src/Illuminate/Pipeline/Pipeline.php(219): Illuminate/Foundation/Http/Middleware/TrimStrings->handle(Object(Illuminate/Http/Request), Object(Closure))
#37 D:/KULIAH/BERAU COAL INTERN/logbook/vendor/laravel/framework/src/Illuminate/Http/Middleware/ValidatePostSize.php(27): Illuminate/Pipeline/Pipeline->Illuminate/Pipeline/{closure}(Object(Illuminate/Http/Request))
#38 D:/KULIAH/BERAU COAL INTERN/logbook/vendor/laravel/framework/src/Illuminate/Pipeline/Pipeline.php(219): Illuminate/Http/Middleware/ValidatePostSize->handle(Object(Illuminate/Http/Request), Object(Closure))
#39 D:/KULIAH/BERAU COAL INTERN/logbook/vendor/laravel/framework/src/Illuminate/Foundation/Http/Middleware/PreventRequestsDuringMaintenance.php(109): Illuminate/Pipeline/Pipeline->Illuminate/Pipeline/{closure}(Object(Illuminate/Http/Request))
#40 D:/KULIAH/BERAU COAL INTERN/logbook/vendor/laravel/framework/src/Illuminate/Pipeline/Pipeline.php(219): Illuminate/Foundation/Http/Middleware/PreventRequestsDuringMaintenance->handle(Object(Illuminate/Http/Request), Object(Closure))
#41 D:/KULIAH/BERAU COAL INTERN/logbook/vendor/laravel/framework/src/Illuminate/Http/Middleware/HandleCors.php(61): Illuminate/Pipeline/Pipeline->Illuminate/Pipeline/{closure}(Object(Illuminate/Http/Request))
#42 D:/KULIAH/BERAU COAL INTERN/logbook/vendor/laravel/framework/src/Illuminate/Pipeline/Pipeline.php(219): Illuminate/Http/Middleware/HandleCors->handle(Object(Illuminate/Http/Request), Object(Closure))
#43 D:/KULIAH/BERAU COAL INTERN/logbook/vendor/laravel/framework/src/Illuminate/Http/Middleware/TrustProxies.php(58): Illuminate/Pipeline/Pipeline->Illuminate/Pipeline/{closure}(Object(Illuminate/Http/Request))
#44 D:/KULIAH/BERAU COAL INTERN/logbook/vendor/laravel/framework/src/Illuminate/Pipeline/Pipeline.php(219): Illuminate/Http/Middleware/TrustProxies->handle(Object(Illuminate/Http/Request), Object(Closure))
#45 D:/KULIAH/BERAU COAL INTERN/logbook/vendor/laravel/framework/src/Illuminate/Foundation/Http/Middleware/InvokeDeferredCallbacks.php(22): Illuminate/Pipeline/Pipeline->Illuminate/Pipeline/{closure}(Object(Illuminate/Http/Request))
#46 D:/KULIAH/BERAU COAL INTERN/logbook/vendor/laravel/framework/src/Illuminate/Pipeline/Pipeline.php(219): Illuminate/Foundation/Http/Middleware/InvokeDeferredCallbacks->handle(Object(Illuminate/Http/Request), Object(Closure))
#47 D:/KULIAH/BERAU COAL INTERN/logbook/vendor/laravel/framework/src/Illuminate/Http/Middleware/ValidatePathEncoding.php(26): Illuminate/Pipeline/Pipeline->Illuminate/Pipeline/{closure}(Object(Illuminate/Http/Request))
#48 D:/KULIAH/BERAU COAL INTERN/logbook/vendor/laravel/framework/src/Illuminate/Pipeline/Pipeline.php(219): Illuminate/Http/Middleware/ValidatePathEncoding->handle(Object(Illuminate/Http/Request), Object(Closure))
#49 D:/KULIAH/BERAU COAL INTERN/logbook/vendor/laravel/framework/src/Illuminate/Pipeline/Pipeline.php(137): Illuminate/Pipeline/Pipeline->Illuminate/Pipeline/{closure}(Object(Illuminate/Http/Request))
#50 D:/KULIAH/BERAU COAL INTERN/logbook/vendor/laravel/framework/src/Illuminate/Foundation/Http/Kernel.php(175): Illuminate/Pipeline/Pipeline->then(Object(Closure))
#51 D:/KULIAH/BERAU COAL INTERN/logbook/vendor/laravel/framework/src/Illuminate/Foundation/Http/Kernel.php(144): Illuminate/Foundation/Http/Kernel->sendRequestThroughRouter(Object(Illuminate/Http/Request))
#52 D:/KULIAH/BERAU COAL INTERN/logbook/public/index.php(13): Illuminate/Foundation/Http/Kernel->handle(Object(Illuminate/Http/Request))
#53 D:/KULIAH/BERAU COAL INTERN/logbook/vendor/laravel/framework/src/Illuminate/Foundation/resources/server.php(23): require_once('D://KULIAH//BERAU...')
#54 {main}

[previous exception] [object] (ParseError(code: 0): syntax error, unexpected token \"endforeach\", expecting \"elseif\" or \"else\" or \"endif\" at D:/KULIAH/BERAU COAL INTERN/logbook/storage/framework/views/af9ab93b9b296fb8f7d69e05d151e123.php:270)
[stacktrace]
#0 D:/KULIAH/BERAU COAL INTERN/logbook/vendor/laravel/framework/src/Illuminate/Filesystem/Filesystem.php(124): Illuminate/Filesystem/Filesystem::Illuminate/Filesystem/{closure}()
#1 D:/KULIAH/BERAU COAL INTERN/logbook/vendor/laravel/framework/src/Illuminate/View/Engines/PhpEngine.php(57): Illuminate/Filesystem/Filesystem->getRequire('D://KULIAH//BERAU...', Array)
#2 D:/KULIAH/BERAU COAL INTERN/logbook/vendor/laravel/framework/src/Illuminate/View/Engines/CompilerEngine.php(76): Illuminate/View/Engines/PhpEngine->evaluatePath('D://KULIAH//BERAU...', Array)
#3 D:/KULIAH/BERAU COAL INTERN/logbook/vendor/laravel/framework/src/Illuminate/View/View.php(208): Illuminate/View/Engines/CompilerEngine->get('D://KULIAH//BERAU...', Array)
#4 D:/KULIAH/BERAU COAL INTERN/logbook/vendor/laravel/framework/src/Illuminate/View/View.php(191): Illuminate/View/View->getContents()
#5 D:/KULIAH/BERAU COAL INTERN/logbook/vendor/laravel/framework/src/Illuminate/View/View.php(160): Illuminate/View/View->renderContents()
#6 D:/KULIAH/BERAU COAL INTERN/logbook/vendor/laravel/framework/src/Illuminate/Http/Response.php(78): Illuminate/View/View->render()
#7 D:/KULIAH/BERAU COAL INTERN/logbook/vendor/laravel/framework/src/Illuminate/Http/Response.php(34): Illuminate/Http/Response->setContent(Object(Illuminate/View/View))
#8 D:/KULIAH/BERAU COAL INTERN/logbook/vendor/laravel/framework/src/Illuminate/Routing/Router.php(939): Illuminate/Http/Response->__construct(Object(Illuminate/View/View), 200, Array)
#9 D:/KULIAH/BERAU COAL INTERN/logbook/vendor/laravel/framework/src/Illuminate/Routing/Router.php(906): Illuminate/Routing/Router::toResponse(Object(Illuminate/Http/Request), Object(Illuminate/View/View))
#10 D:/KULIAH/BERAU COAL INTERN/logbook/vendor/laravel/framework/src/Illuminate/Routing/Router.php(821): Illuminate/Routing/Router->prepareResponse(Object(Illuminate/Http/Request), Object(Illuminate/View/View))
#11 D:/KULIAH/BERAU COAL INTERN/logbook/vendor/laravel/framework/src/Illuminate/Pipeline/Pipeline.php(180): Illuminate/Routing/Router->Illuminate/Routing/{closure}(Object(Illuminate/Http/Request))
#12 D:/KULIAH/BERAU COAL INTERN/logbook/vendor/laravel/framework/src/Illuminate/Routing/Middleware/SubstituteBindings.php(50): Illuminate/Pipeline/Pipeline->Illuminate/Pipeline/{closure}(Object(Illuminate/Http/Request))
#13 D:/KULIAH/BERAU COAL INTERN/logbook/vendor/laravel/framework/src/Illuminate/Pipeline/Pipeline.php(219): Illuminate/Routing/Middleware/SubstituteBindings->handle(Object(Illuminate/Http/Request), Object(Closure))
#14 D:/KULIAH/BERAU COAL INTERN/logbook/vendor/laravel/framework/src/Illuminate/Foundation/Http/Middleware/VerifyCsrfToken.php(87): Illuminate/Pipeline/Pipeline->Illuminate/Pipeline/{closure}(Object(Illuminate/Http/Request))
#15 D:/KULIAH/BERAU COAL INTERN/logbook/vendor/laravel/framework/src/Illuminate/Pipeline/Pipeline.php(219): Illuminate/Foundation/Http/Middleware/VerifyCsrfToken->handle(Object(Illuminate/Http/Request), Object(Closure))
#16 D:/KULIAH/BERAU COAL INTERN/logbook/vendor/laravel/framework/src/Illuminate/View/Middleware/ShareErrorsFromSession.php(48): Illuminate/Pipeline/Pipeline->Illuminate/Pipeline/{closure}(Object(Illuminate/Http/Request))
#17 D:/KULIAH/BERAU COAL INTERN/logbook/vendor/laravel/framework/src/Illuminate/Pipeline/Pipeline.php(219): Illuminate/View/Middleware/ShareErrorsFromSession->handle(Object(Illuminate/Http/Request), Object(Closure))
#18 D:/KULIAH/BERAU COAL INTERN/logbook/vendor/laravel/framework/src/Illuminate/Session/Middleware/StartSession.php(120): Illuminate/Pipeline/Pipeline->Illuminate/Pipeline/{closure}(Object(Illuminate/Http/Request))
#19 D:/KULIAH/BERAU COAL INTERN/logbook/vendor/laravel/framework/src/Illuminate/Session/Middleware/StartSession.php(63): Illuminate/Session/Middleware/StartSession->handleStatefulRequest(Object(Illuminate/Http/Request), Object(Illuminate/Session/Store), Object(Closure))
#20 D:/KULIAH/BERAU COAL INTERN/logbook/vendor/laravel/framework/src/Illuminate/Pipeline/Pipeline.php(219): Illuminate/Session/Middleware/StartSession->handle(Object(Illuminate/Http/Request), Object(Closure))
#21 D:/KULIAH/BERAU COAL INTERN/logbook/vendor/laravel/framework/src/Illuminate/Cookie/Middleware/AddQueuedCookiesToResponse.php(36): Illuminate/Pipeline/Pipeline->Illuminate/Pipeline/{closure}(Object(Illuminate/Http/Request))
#22 D:/KULIAH/BERAU COAL INTERN/logbook/vendor/laravel/framework/src/Illuminate/Pipeline/Pipeline.php(219): Illuminate/Cookie/Middleware/AddQueuedCookiesToResponse->handle(Object(Illuminate/Http/Request), Object(Closure))
#23 D:/KULIAH/BERAU COAL INTERN/logbook/vendor/laravel/framework/src/Illuminate/Cookie/Middleware/EncryptCookies.php(74): Illuminate/Pipeline/Pipeline->Illuminate/Pipeline/{closure}(Object(Illuminate/Http/Request))
#24 D:/KULIAH/BERAU COAL INTERN/logbook/vendor/laravel/framework/src/Illuminate/Pipeline/Pipeline.php(219): Illuminate/Cookie/Middleware/EncryptCookies->handle(Object(Illuminate/Http/Request), Object(Closure))
#25 D:/KULIAH/BERAU COAL INTERN/logbook/vendor/laravel/framework/src/Illuminate/Pipeline/Pipeline.php(137): Illuminate/Pipeline/Pipeline->Illuminate/Pipeline/{closure}(Object(Illuminate/Http/Request))
#26 D:/KULIAH/BERAU COAL INTERN/logbook/vendor/laravel/framework/src/Illuminate/Routing/Router.php(821): Illuminate/Pipeline/Pipeline->then(Object(Closure))
#27 D:/KULIAH/BERAU COAL INTERN/logbook/vendor/laravel/framework/src/Illuminate/Routing/Router.php(800): Illuminate/Routing/Router->runRouteWithinStack(Object(Illuminate/Routing/Route), Object(Illuminate/Http/Request))
#28 D:/KULIAH/BERAU COAL INTERN/logbook/vendor/laravel/framework/src/Illuminate/Routing/Router.php(764): Illuminate/Routing/Router->runRoute(Object(Illuminate/Http/Request), Object(Illuminate/Routing/Route))
#29 D:/KULIAH/BERAU COAL INTERN/logbook/vendor/laravel/framework/src/Illuminate/Routing/Router.php(753): Illuminate/Routing/Router->dispatchToRoute(Object(Illuminate/Http/Request))
#30 D:/KULIAH/BERAU COAL INTERN/logbook/vendor/laravel/framework/src/Illuminate/Foundation/Http/Kernel.php(200): Illuminate/Routing/Router->dispatch(Object(Illuminate/Http/Request))
#31 D:/KULIAH/BERAU COAL INTERN/logbook/vendor/laravel/framework/src/Illuminate/Pipeline/Pipeline.php(180): Illuminate/Foundation/Http/Kernel->Illuminate/Foundation/Http/{closure}(Object(Illuminate/Http/Request))
#32 D:/KULIAH/BERAU COAL INTERN/logbook/vendor/laravel/framework/src/Illuminate/Foundation/Http/Middleware/TransformsRequest.php(21): Illuminate/Pipeline/Pipeline->Illuminate/Pipeline/{closure}(Object(Illuminate/Http/Request))
#33 D:/KULIAH/BERAU COAL INTERN/logbook/vendor/laravel/framework/src/Illuminate/Foundation/Http/Middleware/ConvertEmptyStringsToNull.php(31): Illuminate/Foundation/Http/Middleware/TransformsRequest->handle(Object(Illuminate/Http/Request), Object(Closure))
#34 D:/KULIAH/BERAU COAL INTERN/logbook/vendor/laravel/framework/src/Illuminate/Pipeline/Pipeline.php(219): Illuminate/Foundation/Http/Middleware/ConvertEmptyStringsToNull->handle(Object(Illuminate/Http/Request), Object(Closure))
#35 D:/KULIAH/BERAU COAL INTERN/logbook/vendor/laravel/framework/src/Illuminate/Foundation/Http/Middleware/TransformsRequest.php(21): Illuminate/Pipeline/Pipeline->Illuminate/Pipeline/{closure}(Object(Illuminate/Http/Request))
#36 D:/KULIAH/BERAU COAL INTERN/logbook/vendor/laravel/framework/src/Illuminate/Foundation/Http/Middleware/TrimStrings.php(51): Illuminate/Foundation/Http/Middleware/TransformsRequest->handle(Object(Illuminate/Http/Request), Object(Closure))
#37 D:/KULIAH/BERAU COAL INTERN/logbook/vendor/laravel/framework/src/Illuminate/Pipeline/Pipeline.php(219): Illuminate/Foundation/Http/Middleware/TrimStrings->handle(Object(Illuminate/Http/Request), Object(Closure))
#38 D:/KULIAH/BERAU COAL INTERN/logbook/vendor/laravel/framework/src/Illuminate/Http/Middleware/ValidatePostSize.php(27): Illuminate/Pipeline/Pipeline->Illuminate/Pipeline/{closure}(Object(Illuminate/Http/Request))
#39 D:/KULIAH/BERAU COAL INTERN/logbook/vendor/laravel/framework/src/Illuminate/Pipeline/Pipeline.php(219): Illuminate/Http/Middleware/ValidatePostSize->handle(Object(Illuminate/Http/Request), Object(Closure))
#40 D:/KULIAH/BERAU COAL INTERN/logbook/vendor/laravel/framework/src/Illuminate/Foundation/Http/Middleware/PreventRequestsDuringMaintenance.php(109): Illuminate/Pipeline/Pipeline->Illuminate/Pipeline/{closure}(Object(Illuminate/Http/Request))
#41 D:/KULIAH/BERAU COAL INTERN/logbook/vendor/laravel/framework/src/Illuminate/Pipeline/Pipeline.php(219): Illuminate/Foundation/Http/Middleware/PreventRequestsDuringMaintenance->handle(Object(Illuminate/Http/Request), Object(Closure))
#42 D:/KULIAH/BERAU COAL INTERN/logbook/vendor/laravel/framework/src/Illuminate/Http/Middleware/HandleCors.php(61): Illuminate/Pipeline/Pipeline->Illuminate/Pipeline/{closure}(Object(Illuminate/Http/Request))
#43 D:/KULIAH/BERAU COAL INTERN/logbook/vendor/laravel/framework/src/Illuminate/Pipeline/Pipeline.php(219): Illuminate/Http/Middleware/HandleCors->handle(Object(Illuminate/Http/Request), Object(Closure))
#44 D:/KULIAH/BERAU COAL INTERN/logbook/vendor/laravel/framework/src/Illuminate/Http/Middleware/TrustProxies.php(58): Illuminate/Pipeline/Pipeline->Illuminate/Pipeline/{closure}(Object(Illuminate/Http/Request))
#45 D:/KULIAH/BERAU COAL INTERN/logbook/vendor/laravel/framework/src/Illuminate/Pipeline/Pipeline.php(219): Illuminate/Http/Middleware/TrustProxies->handle(Object(Illuminate/Http/Request), Object(Closure))
#46 D:/KULIAH/BERAU COAL INTERN/logbook/vendor/laravel/framework/src/Illuminate/Foundation/Http/Middleware/InvokeDeferredCallbacks.php(22): Illuminate/Pipeline/Pipeline->Illuminate/Pipeline/{closure}(Object(Illuminate/Http/Request))
#47 D:/KULIAH/BERAU COAL INTERN/logbook/vendor/laravel/framework/src/Illuminate/Pipeline/Pipeline.php(219): Illuminate/Foundation/Http/Middleware/InvokeDeferredCallbacks->handle(Object(Illuminate/Http/Request), Object(Closure))
#48 D:/KULIAH/BERAU COAL INTERN/logbook/vendor/laravel/framework/src/Illuminate/Http/Middleware/ValidatePathEncoding.php(26): Illuminate/Pipeline/Pipeline->Illuminate/Pipeline/{closure}(Object(Illuminate/Http/Request))
#49 D:/KULIAH/BERAU COAL INTERN/logbook/vendor/laravel/framework/src/Illuminate/Pipeline/Pipeline.php(219): Illuminate/Http/Middleware/ValidatePathEncoding->handle(Object(Illuminate/Http/Request), Object(Closure))
#50 D:/KULIAH/BERAU COAL INTERN/logbook/vendor/laravel/framework/src/Illuminate/Pipeline/Pipeline.php(137): Illuminate/Pipeline/Pipeline->Illuminate/Pipeline/{closure}(Object(Illuminate/Http/Request))
#51 D:/KULIAH/BERAU COAL INTERN/logbook/vendor/laravel/framework/src/Illuminate/Foundation/Http/Kernel.php(175): Illuminate/Pipeline/Pipeline->then(Object(Closure))
#52 D:/KULIAH/BERAU COAL INTERN/logbook/vendor/laravel/framework/src/Illuminate/Foundation/Http/Kernel.php(144): Illuminate/Foundation/Http/Kernel->sendRequestThroughRouter(Object(Illuminate/Http/Request))
#53 D:/KULIAH/BERAU COAL INTERN/logbook/public/index.php(13): Illuminate/Foundation/Http/Kernel->handle(Object(Illuminate/Http/Request))
#54 D:/KULIAH/BERAU COAL INTERN/logbook/vendor/laravel/framework/src/Illuminate/Foundation/resources/server.php(23): require_once('D://KULIAH//BERAU...')
#55 {main}
"} 
[2026-08-04 12:27:04] local.ERROR: Writing to C:/Users/Ibnu Zaky F/AppData/Roaming/PsySH/psysh_history is not allowed. {"exception":"[object] (ErrorException(code: 0): Writing to C:/Users/Ibnu Zaky F/AppData/Roaming/PsySH/psysh_history is not allowed. at D:/KULIAH/BERAU COAL INTERN/logbook/vendor/psy/psysh/src/ConfigPaths.php:480)
[stacktrace]
#0 D:/KULIAH/BERAU COAL INTERN/logbook/vendor/laravel/framework/src/Illuminate/Foundation/Bootstrap/HandleExceptions.php(262): Illuminate/Foundation/Bootstrap/HandleExceptions->handleError(1024, 'Writing to C:/U...', 'D://KULIAH//BERAU...', 480)
#1 [internal function]: Illuminate/Foundation/Bootstrap/HandleExceptions->Illuminate/Foundation/Bootstrap/{closure}(1024, 'Writing to C:/U...', 'D://KULIAH//BERAU...', 480)
#2 D:/KULIAH/BERAU COAL INTERN/logbook/vendor/psy/psysh/src/ConfigPaths.php(480): trigger_error('Writing to C:/U...', 1024)
#3 D:/KULIAH/BERAU COAL INTERN/logbook/vendor/psy/psysh/src/Configuration.php(1068): Psy/ConfigPaths::touchFileWithMkdir('C:/Users/Ibnu Z...')
#4 D:/KULIAH/BERAU COAL INTERN/logbook/vendor/psy/psysh/src/Configuration.php(1106): Psy/Configuration->setHistoryFile('C:/Users/Ibnu Z...')
#5 D:/KULIAH/BERAU COAL INTERN/logbook/vendor/psy/psysh/src/Configuration.php(1285): Psy/Configuration->getHistoryFile()
#6 D:/KULIAH/BERAU COAL INTERN/logbook/vendor/psy/psysh/src/Shell.php(192): Psy/Configuration->getReadline()
#7 D:/KULIAH/BERAU COAL INTERN/logbook/vendor/psy/psysh/src/Shell.php(2213): Psy/Shell->boot()
#8 D:/KULIAH/BERAU COAL INTERN/logbook/vendor/laravel/tinker/src/Console/TinkerCommand.php(77): Psy/Shell->execute('dump(//App//Model...')
#9 D:/KULIAH/BERAU COAL INTERN/logbook/vendor/laravel/framework/src/Illuminate/Container/BoundMethod.php(36): Laravel/Tinker/Console/TinkerCommand->handle()
#10 D:/KULIAH/BERAU COAL INTERN/logbook/vendor/laravel/framework/src/Illuminate/Container/Util.php(43): Illuminate/Container/BoundMethod::Illuminate/Container/{closure}()
#11 D:/KULIAH/BERAU COAL INTERN/logbook/vendor/laravel/framework/src/Illuminate/Container/BoundMethod.php(96): Illuminate/Container/Util::unwrapIfClosure(Object(Closure))
#12 D:/KULIAH/BERAU COAL INTERN/logbook/vendor/laravel/framework/src/Illuminate/Container/BoundMethod.php(35): Illuminate/Container/BoundMethod::callBoundMethod(Object(Illuminate/Foundation/Application), Array, Object(Closure))
#13 D:/KULIAH/BERAU COAL INTERN/logbook/vendor/laravel/framework/src/Illuminate/Container/Container.php(799): Illuminate/Container/BoundMethod::call(Object(Illuminate/Foundation/Application), Array, Array, NULL)
#14 D:/KULIAH/BERAU COAL INTERN/logbook/vendor/laravel/framework/src/Illuminate/Console/Command.php(211): Illuminate/Container/Container->call(Array)
#15 D:/KULIAH/BERAU COAL INTERN/logbook/vendor/symfony/console/Command/Command.php(341): Illuminate/Console/Command->execute(Object(Symfony/Component/Console/Input/ArgvInput), Object(Illuminate/Console/OutputStyle))
#16 D:/KULIAH/BERAU COAL INTERN/logbook/vendor/laravel/framework/src/Illuminate/Console/Command.php(180): Symfony/Component/Console/Command/Command->run(Object(Symfony/Component/Console/Input/ArgvInput), Object(Illuminate/Console/OutputStyle))
#17 D:/KULIAH/BERAU COAL INTERN/logbook/vendor/symfony/console/Application.php(1117): Illuminate/Console/Command->run(Object(Symfony/Component/Console/Input/ArgvInput), Object(Symfony/Component/Console/Output/ConsoleOutput))
#18 D:/KULIAH/BERAU COAL INTERN/logbook/vendor/symfony/console/Application.php(356): Symfony/Component/Console/Application->doRunCommand(Object(Laravel/Tinker/Console/TinkerCommand), Object(Symfony/Component/Console/Input/ArgvInput), Object(Symfony/Component/Console/Output/ConsoleOutput))
#19 D:/KULIAH/BERAU COAL INTERN/logbook/vendor/symfony/console/Application.php(195): Symfony/Component/Console/Application->doRun(Object(Symfony/Component/Console/Input/ArgvInput), Object(Symfony/Component/Console/Output/ConsoleOutput))
#20 D:/KULIAH/BERAU COAL INTERN/logbook/vendor/laravel/framework/src/Illuminate/Foundation/Console/Kernel.php(198): Symfony/Component/Console/Application->run(Object(Symfony/Component/Console/Input/ArgvInput), Object(Symfony/Component/Console/Output/ConsoleOutput))
#21 D:/KULIAH/BERAU COAL INTERN/logbook/vendor/laravel/framework/src/Illuminate/Foundation/Application.php(1235): Illuminate/Foundation/Console/Kernel->handle(Object(Symfony/Component/Console/Input/ArgvInput), Object(Symfony/Component/Console/Output/ConsoleOutput))
#22 D:/KULIAH/BERAU COAL INTERN/logbook/artisan(16): Illuminate/Foundation/Application->handleCommand(Object(Symfony/Component/Console/Input/ArgvInput))
#23 {main}
"} 
[2026-08-04 12:27:40] local.ERROR: SQLSTATE[23000]: Integrity constraint violation: 19 CHECK constraint failed: role (Connection: sqlite, Database: database/database.sqlite, SQL: insert into "users" ("email", "nrp", "name", "password", "role", "department_id", "phone", "updated_at", "created_at") values (department.operation@beraucoal.co.id, BC-10208, Dewi Puspitasari (Department Operation), $2y$12$l0fKcEPMWNmgwxTFmjgoi..wRyCgF.Gih2SVu45Q9lAy8Ak5VqLMS, department_operation, 1, +62 812-2233-4400, 2026-08-04 12:27:40, 2026-08-04 12:27:40)) {"exception":"[object] (Illuminate\\Database\\QueryException(code: 23000): SQLSTATE[23000]: Integrity constraint violation: 19 CHECK constraint failed: role (Connection: sqlite, Database: database/database.sqlite, SQL: insert into \"users\" (\"email\", \"nrp\", \"name\", \"password\", \"role\", \"department_id\", \"phone\", \"updated_at\", \"created_at\") values (department.operation@beraucoal.co.id, BC-10208, Dewi Puspitasari (Department Operation), $2y$12$l0fKcEPMWNmgwxTFmjgoi..wRyCgF.Gih2SVu45Q9lAy8Ak5VqLMS, department_operation, 1, +62 812-2233-4400, 2026-08-04 12:27:40, 2026-08-04 12:27:40)) at D:/KULIAH/BERAU COAL INTERN/logbook/vendor/laravel/framework/src/Illuminate/Database/Connection.php:838)
[stacktrace]
#0 D:/KULIAH/BERAU COAL INTERN/logbook/vendor/laravel/framework/src/Illuminate/Database/Connection.php(794): Illuminate/Database/Connection->runQueryCallback('insert into \"us...', Array, Object(Closure))
#1 D:/KULIAH/BERAU COAL INTERN/logbook/vendor/laravel/framework/src/Illuminate/Database/Connection.php(573): Illuminate/Database/Connection->run('insert into \"us...', Array, Object(Closure))
#2 D:/KULIAH/BERAU COAL INTERN/logbook/vendor/laravel/framework/src/Illuminate/Database/Connection.php(537): Illuminate/Database/Connection->statement('insert into \"us...', Array)
#3 D:/KULIAH/BERAU COAL INTERN/logbook/vendor/laravel/framework/src/Illuminate/Database/Query/Processors/Processor.php(32): Illuminate/Database/Connection->insert('insert into \"us...', Array)
#4 D:/KULIAH/BERAU COAL INTERN/logbook/vendor/laravel/framework/src/Illuminate/Database/Query/Builder.php(4170): Illuminate/Database/Query/Processors/Processor->processInsertGetId(Object(Illuminate/Database/Query/Builder), 'insert into \"us...', Array, 'id')
#5 D:/KULIAH/BERAU COAL INTERN/logbook/vendor/laravel/framework/src/Illuminate/Database/Eloquent/Builder.php(2237): Illuminate/Database/Query/Builder->insertGetId(Array, 'id')
#6 D:/KULIAH/BERAU COAL INTERN/logbook/vendor/laravel/framework/src/Illuminate/Database/Eloquent/Model.php(1436): Illuminate/Database/Eloquent/Builder->__call('insertGetId', Array)
#7 D:/KULIAH/BERAU COAL INTERN/logbook/vendor/laravel/framework/src/Illuminate/Database/Eloquent/Model.php(1401): Illuminate/Database/Eloquent/Model->insertAndSetId(Object(Illuminate/Database/Eloquent/Builder), Array)
#8 D:/KULIAH/BERAU COAL INTERN/logbook/vendor/laravel/framework/src/Illuminate/Database/Eloquent/Model.php(1240): Illuminate/Database/Eloquent/Model->performInsert(Object(Illuminate/Database/Eloquent/Builder))
#9 D:/KULIAH/BERAU COAL INTERN/logbook/vendor/laravel/framework/src/Illuminate/Database/Eloquent/Builder.php(1219): Illuminate/Database/Eloquent/Model->save()
#10 D:/KULIAH/BERAU COAL INTERN/logbook/vendor/laravel/framework/src/Illuminate/Support/helpers.php(393): Illuminate/Database/Eloquent/Builder->Illuminate/Database/Eloquent/{closure}(Object(App/Models/User))
#11 D:/KULIAH/BERAU COAL INTERN/logbook/vendor/laravel/framework/src/Illuminate/Database/Eloquent/Builder.php(1218): tap(Object(App/Models/User), Object(Closure))
#12 D:/KULIAH/BERAU COAL INTERN/logbook/vendor/laravel/framework/src/Illuminate/Database/Eloquent/Builder.php(725): Illuminate/Database/Eloquent/Builder->create(Array)
#13 D:/KULIAH/BERAU COAL INTERN/logbook/vendor/laravel/framework/src/Illuminate/Database/Eloquent/Builder.php(1961): Illuminate/Database/Eloquent/Builder->Illuminate/Database/Eloquent/{closure}()
#14 D:/KULIAH/BERAU COAL INTERN/logbook/vendor/laravel/framework/src/Illuminate/Database/Eloquent/Builder.php(725): Illuminate/Database/Eloquent/Builder->withSavepointIfNeeded(Object(Closure))
#15 D:/KULIAH/BERAU COAL INTERN/logbook/vendor/laravel/framework/src/Illuminate/Database/Eloquent/Builder.php(712): Illuminate/Database/Eloquent/Builder->createOrFirst(Array, Array)
#16 D:/KULIAH/BERAU COAL INTERN/logbook/vendor/laravel/framework/src/Illuminate/Support/Traits/ForwardsCalls.php(23): Illuminate/Database/Eloquent/Builder->firstOrCreate(Array, Array)
#17 D:/KULIAH/BERAU COAL INTERN/logbook/vendor/laravel/framework/src/Illuminate/Database/Eloquent/Model.php(2544): Illuminate/Database/Eloquent/Model->forwardCallTo(Object(Illuminate/Database/Eloquent/Builder), 'firstOrCreate', Array)
#18 D:/KULIAH/BERAU COAL INTERN/logbook/vendor/laravel/framework/src/Illuminate/Database/Eloquent/Model.php(2560): Illuminate/Database/Eloquent/Model->__call('firstOrCreate', Array)
#19 D:/KULIAH/BERAU COAL INTERN/logbook/database/seeders/DepartmentOperationSeeder.php(14): Illuminate/Database/Eloquent/Model::__callStatic('firstOrCreate', Array)
#20 D:/KULIAH/BERAU COAL INTERN/logbook/vendor/laravel/framework/src/Illuminate/Container/BoundMethod.php(36): Database/Seeders/DepartmentOperationSeeder->run()
#21 D:/KULIAH/BERAU COAL INTERN/logbook/vendor/laravel/framework/src/Illuminate/Container/Util.php(43): Illuminate/Container/BoundMethod::Illuminate/Container/{closure}()
#22 D:/KULIAH/BERAU COAL INTERN/logbook/vendor/laravel/framework/src/Illuminate/Container/BoundMethod.php(96): Illuminate/Container/Util::unwrapIfClosure(Object(Closure))
#23 D:/KULIAH/BERAU COAL INTERN/logbook/vendor/laravel/framework/src/Illuminate/Container/BoundMethod.php(35): Illuminate/Container/BoundMethod::callBoundMethod(Object(Illuminate/Foundation/Application), Array, Object(Closure))
#24 D:/KULIAH/BERAU COAL INTERN/logbook/vendor/laravel/framework/src/Illuminate/Container/Container.php(799): Illuminate/Container/BoundMethod::call(Object(Illuminate/Foundation/Application), Array, Array, NULL)
#25 D:/KULIAH/BERAU COAL INTERN/logbook/vendor/laravel/framework/src/Illuminate/Database/Seeder.php(184): Illuminate/Container/Container->call(Array, Array)
#26 D:/KULIAH/BERAU COAL INTERN/logbook/vendor/laravel/framework/src/Illuminate/Database/Seeder.php(193): Illuminate/Database/Seeder->Illuminate/Database/{closure}()
#27 D:/KULIAH/BERAU COAL INTERN/logbook/vendor/laravel/framework/src/Illuminate/Database/Console/Seeds/SeedCommand.php(71): Illuminate/Database/Seeder->__invoke()
#28 D:/KULIAH/BERAU COAL INTERN/logbook/vendor/laravel/framework/src/Illuminate/Database/Eloquent/Concerns/GuardsAttributes.php(157): Illuminate/Database/Console/Seeds/SeedCommand->Illuminate/Database/Console/Seeds/{closure}()
#29 D:/KULIAH/BERAU COAL INTERN/logbook/vendor/laravel/framework/src/Illuminate/Database/Console/Seeds/SeedCommand.php(70): Illuminate/Database/Eloquent/Model::unguarded(Object(Closure))
#30 D:/KULIAH/BERAU COAL INTERN/logbook/vendor/laravel/framework/src/Illuminate/Container/BoundMethod.php(36): Illuminate/Database/Console/Seeds/SeedCommand->handle()
#31 D:/KULIAH/BERAU COAL INTERN/logbook/vendor/laravel/framework/src/Illuminate/Container/Util.php(43): Illuminate/Container/BoundMethod::Illuminate/Container/{closure}()
#32 D:/KULIAH/BERAU COAL INTERN/logbook/vendor/laravel/framework/src/Illuminate/Container/BoundMethod.php(96): Illuminate/Container/Util::unwrapIfClosure(Object(Closure))
#33 D:/KULIAH/BERAU COAL INTERN/logbook/vendor/laravel/framework/src/Illuminate/Container/BoundMethod.php(35): Illuminate/Container/BoundMethod::callBoundMethod(Object(Illuminate/Foundation/Application), Array, Object(Closure))
#34 D:/KULIAH/BERAU COAL INTERN/logbook/vendor/laravel/framework/src/Illuminate/Container/Container.php(799): Illuminate/Container/BoundMethod::call(Object(Illuminate/Foundation/Application), Array, Array, NULL)
#35 D:/KULIAH/BERAU COAL INTERN/logbook/vendor/laravel/framework/src/Illuminate/Console/Command.php(211): Illuminate/Container/Container->call(Array)
#36 D:/KULIAH/BERAU COAL INTERN/logbook/vendor/symfony/console/Command/Command.php(341): Illuminate/Console/Command->execute(Object(Symfony/Component/Console/Input/ArgvInput), Object(Illuminate/Console/OutputStyle))
#37 D:/KULIAH/BERAU COAL INTERN/logbook/vendor/laravel/framework/src/Illuminate/Console/Command.php(180): Symfony/Component/Console/Command/Command->run(Object(Symfony/Component/Console/Input/ArgvInput), Object(Illuminate/Console/OutputStyle))
#38 D:/KULIAH/BERAU COAL INTERN/logbook/vendor/symfony/console/Application.php(1117): Illuminate/Console/Command->run(Object(Symfony/Component/Console/Input/ArgvInput), Object(Symfony/Component/Console/Output/ConsoleOutput))
#39 D:/KULIAH/BERAU COAL INTERN/logbook/vendor/symfony/console/Application.php(356): Symfony/Component/Console/Application->doRunCommand(Object(Illuminate/Database/Console/Seeds/SeedCommand), Object(Symfony/Component/Console/Input/ArgvInput), Object(Symfony/Component/Console/Output/ConsoleOutput))
#40 D:/KULIAH/BERAU COAL INTERN/logbook/vendor/symfony/console/Application.php(195): Symfony/Component/Console/Application->doRun(Object(Symfony/Component/Console/Input/ArgvInput), Object(Symfony/Component/Console/Output/ConsoleOutput))
#41 D:/KULIAH/BERAU COAL INTERN/logbook/vendor/laravel/framework/src/Illuminate/Foundation/Console/Kernel.php(198): Symfony/Component/Console/Application->run(Object(Symfony/Component/Console/Input/ArgvInput), Object(Symfony/Component/Console/Output/ConsoleOutput))
#42 D:/KULIAH/BERAU COAL INTERN/logbook/vendor/laravel/framework/src/Illuminate/Foundation/Application.php(1235): Illuminate/Foundation/Console/Kernel->handle(Object(Symfony/Component/Console/Input/ArgvInput), Object(Symfony/Component/Console/Output/ConsoleOutput))
#43 D:/KULIAH/BERAU COAL INTERN/logbook/artisan(16): Illuminate/Foundation/Application->handleCommand(Object(Symfony/Component/Console/Input/ArgvInput))
#44 {main}

[previous exception] [object] (PDOException(code: 23000): SQLSTATE[23000]: Integrity constraint violation: 19 CHECK constraint failed: role at D:/KULIAH/BERAU COAL INTERN/logbook/vendor/laravel/framework/src/Illuminate/Database/Connection.php:584)
[stacktrace]
#0 D:/KULIAH/BERAU COAL INTERN/logbook/vendor/laravel/framework/src/Illuminate/Database/Connection.php(584): PDOStatement->execute()
#1 D:/KULIAH/BERAU COAL INTERN/logbook/vendor/laravel/framework/src/Illuminate/Database/Connection.php(827): Illuminate/Database/Connection->Illuminate/Database/{closure}('insert into \"us...', Array)
#2 D:/KULIAH/BERAU COAL INTERN/logbook/vendor/laravel/framework/src/Illuminate/Database/Connection.php(794): Illuminate/Database/Connection->runQueryCallback('insert into \"us...', Array, Object(Closure))
#3 D:/KULIAH/BERAU COAL INTERN/logbook/vendor/laravel/framework/src/Illuminate/Database/Connection.php(573): Illuminate/Database/Connection->run('insert into \"us...', Array, Object(Closure))
#4 D:/KULIAH/BERAU COAL INTERN/logbook/vendor/laravel/framework/src/Illuminate/Database/Connection.php(537): Illuminate/Database/Connection->statement('insert into \"us...', Array)
#5 D:/KULIAH/BERAU COAL INTERN/logbook/vendor/laravel/framework/src/Illuminate/Database/Query/Processors/Processor.php(32): Illuminate/Database/Connection->insert('insert into \"us...', Array)
#6 D:/KULIAH/BERAU COAL INTERN/logbook/vendor/laravel/framework/src/Illuminate/Database/Query/Builder.php(4170): Illuminate/Database/Query/Processors/Processor->processInsertGetId(Object(Illuminate/Database/Query/Builder), 'insert into \"us...', Array, 'id')
#7 D:/KULIAH/BERAU COAL INTERN/logbook/vendor/laravel/framework/src/Illuminate/Database/Eloquent/Builder.php(2237): Illuminate/Database/Query/Builder->insertGetId(Array, 'id')
#8 D:/KULIAH/BERAU COAL INTERN/logbook/vendor/laravel/framework/src/Illuminate/Database/Eloquent/Model.php(1436): Illuminate/Database/Eloquent/Builder->__call('insertGetId', Array)
#9 D:/KULIAH/BERAU COAL INTERN/logbook/vendor/laravel/framework/src/Illuminate/Database/Eloquent/Model.php(1401): Illuminate/Database/Eloquent/Model->insertAndSetId(Object(Illuminate/Database/Eloquent/Builder), Array)
#10 D:/KULIAH/BERAU COAL INTERN/logbook/vendor/laravel/framework/src/Illuminate/Database/Eloquent/Model.php(1240): Illuminate/Database/Eloquent/Model->performInsert(Object(Illuminate/Database/Eloquent/Builder))
#11 D:/KULIAH/BERAU COAL INTERN/logbook/vendor/laravel/framework/src/Illuminate/Database/Eloquent/Builder.php(1219): Illuminate/Database/Eloquent/Model->save()
#12 D:/KULIAH/BERAU COAL INTERN/logbook/vendor/laravel/framework/src/Illuminate/Support/helpers.php(393): Illuminate/Database/Eloquent/Builder->Illuminate/Database/Eloquent/{closure}(Object(App/Models/User))
#13 D:/KULIAH/BERAU COAL INTERN/logbook/vendor/laravel/framework/src/Illuminate/Database/Eloquent/Builder.php(1218): tap(Object(App/Models/User), Object(Closure))
#14 D:/KULIAH/BERAU COAL INTERN/logbook/vendor/laravel/framework/src/Illuminate/Database/Eloquent/Builder.php(725): Illuminate/Database/Eloquent/Builder->create(Array)
#15 D:/KULIAH/BERAU COAL INTERN/logbook/vendor/laravel/framework/src/Illuminate/Database/Eloquent/Builder.php(1961): Illuminate/Database/Eloquent/Builder->Illuminate/Database/Eloquent/{closure}()
#16 D:/KULIAH/BERAU COAL INTERN/logbook/vendor/laravel/framework/src/Illuminate/Database/Eloquent/Builder.php(725): Illuminate/Database/Eloquent/Builder->withSavepointIfNeeded(Object(Closure))
#17 D:/KULIAH/BERAU COAL INTERN/logbook/vendor/laravel/framework/src/Illuminate/Database/Eloquent/Builder.php(712): Illuminate/Database/Eloquent/Builder->createOrFirst(Array, Array)
#18 D:/KULIAH/BERAU COAL INTERN/logbook/vendor/laravel/framework/src/Illuminate/Support/Traits/ForwardsCalls.php(23): Illuminate/Database/Eloquent/Builder->firstOrCreate(Array, Array)
#19 D:/KULIAH/BERAU COAL INTERN/logbook/vendor/laravel/framework/src/Illuminate/Database/Eloquent/Model.php(2544): Illuminate/Database/Eloquent/Model->forwardCallTo(Object(Illuminate/Database/Eloquent/Builder), 'firstOrCreate', Array)
#20 D:/KULIAH/BERAU COAL INTERN/logbook/vendor/laravel/framework/src/Illuminate/Database/Eloquent/Model.php(2560): Illuminate/Database/Eloquent/Model->__call('firstOrCreate', Array)
#21 D:/KULIAH/BERAU COAL INTERN/logbook/database/seeders/DepartmentOperationSeeder.php(14): Illuminate/Database/Eloquent/Model::__callStatic('firstOrCreate', Array)
#22 D:/KULIAH/BERAU COAL INTERN/logbook/vendor/laravel/framework/src/Illuminate/Container/BoundMethod.php(36): Database/Seeders/DepartmentOperationSeeder->run()
#23 D:/KULIAH/BERAU COAL INTERN/logbook/vendor/laravel/framework/src/Illuminate/Container/Util.php(43): Illuminate/Container/BoundMethod::Illuminate/Container/{closure}()
#24 D:/KULIAH/BERAU COAL INTERN/logbook/vendor/laravel/framework/src/Illuminate/Container/BoundMethod.php(96): Illuminate/Container/Util::unwrapIfClosure(Object(Closure))
#25 D:/KULIAH/BERAU COAL INTERN/logbook/vendor/laravel/framework/src/Illuminate/Container/BoundMethod.php(35): Illuminate/Container/BoundMethod::callBoundMethod(Object(Illuminate/Foundation/Application), Array, Object(Closure))
#26 D:/KULIAH/BERAU COAL INTERN/logbook/vendor/laravel/framework/src/Illuminate/Container/Container.php(799): Illuminate/Container/BoundMethod::call(Object(Illuminate/Foundation/Application), Array, Array, NULL)
#27 D:/KULIAH/BERAU COAL INTERN/logbook/vendor/laravel/framework/src/Illuminate/Database/Seeder.php(184): Illuminate/Container/Container->call(Array, Array)
#28 D:/KULIAH/BERAU COAL INTERN/logbook/vendor/laravel/framework/src/Illuminate/Database/Seeder.php(193): Illuminate/Database/Seeder->Illuminate/Database/{closure}()
#29 D:/KULIAH/BERAU COAL INTERN/logbook/vendor/laravel/framework/src/Illuminate/Database/Console/Seeds/SeedCommand.php(71): Illuminate/Database/Seeder->__invoke()
#30 D:/KULIAH/BERAU COAL INTERN/logbook/vendor/laravel/framework/src/Illuminate/Database/Eloquent/Concerns/GuardsAttributes.php(157): Illuminate/Database/Console/Seeds/SeedCommand->Illuminate/Database/Console/Seeds/{closure}()
#31 D:/KULIAH/BERAU COAL INTERN/logbook/vendor/laravel/framework/src/Illuminate/Database/Console/Seeds/SeedCommand.php(70): Illuminate/Database/Eloquent/Model::unguarded(Object(Closure))
#32 D:/KULIAH/BERAU COAL INTERN/logbook/vendor/laravel/framework/src/Illuminate/Container/BoundMethod.php(36): Illuminate/Database/Console/Seeds/SeedCommand->handle()
#33 D:/KULIAH/BERAU COAL INTERN/logbook/vendor/laravel/framework/src/Illuminate/Container/Util.php(43): Illuminate/Container/BoundMethod::Illuminate/Container/{closure}()
#34 D:/KULIAH/BERAU COAL INTERN/logbook/vendor/laravel/framework/src/Illuminate/Container/BoundMethod.php(96): Illuminate/Container/Util::unwrapIfClosure(Object(Closure))
#35 D:/KULIAH/BERAU COAL INTERN/logbook/vendor/laravel/framework/src/Illuminate/Container/BoundMethod.php(35): Illuminate/Container/BoundMethod::callBoundMethod(Object(Illuminate/Foundation/Application), Array, Object(Closure))
#36 D:/KULIAH/BERAU COAL INTERN/logbook/vendor/laravel/framework/src/Illuminate/Container/Container.php(799): Illuminate/Container/BoundMethod::call(Object(Illuminate/Foundation/Application), Array, Array, NULL)
#37 D:/KULIAH/BERAU COAL INTERN/logbook/vendor/laravel/framework/src/Illuminate/Console/Command.php(211): Illuminate/Container/Container->call(Array)
#38 D:/KULIAH/BERAU COAL INTERN/logbook/vendor/symfony/console/Command/Command.php(341): Illuminate/Console/Command->execute(Object(Symfony/Component/Console/Input/ArgvInput), Object(Illuminate/Console/OutputStyle))
#39 D:/KULIAH/BERAU COAL INTERN/logbook/vendor/laravel/framework/src/Illuminate/Console/Command.php(180): Symfony/Component/Console/Command/Command->run(Object(Symfony/Component/Console/Input/ArgvInput), Object(Illuminate/Console/OutputStyle))
#40 D:/KULIAH/BERAU COAL INTERN/logbook/vendor/symfony/console/Application.php(1117): Illuminate/Console/Command->run(Object(Symfony/Component/Console/Input/ArgvInput), Object(Symfony/Component/Console/Output/ConsoleOutput))
#41 D:/KULIAH/BERAU COAL INTERN/logbook/vendor/symfony/console/Application.php(356): Symfony/Component/Console/Application->doRunCommand(Object(Illuminate/Database/Console/Seeds/SeedCommand), Object(Symfony/Component/Console/Input/ArgvInput), Object(Symfony/Component/Console/Output/ConsoleOutput))
#42 D:/KULIAH/BERAU COAL INTERN/logbook/vendor/symfony/console/Application.php(195): Symfony/Component/Console/Application->doRun(Object(Symfony/Component/Console/Input/ArgvInput), Object(Symfony/Component/Console/Output/ConsoleOutput))
#43 D:/KULIAH/BERAU COAL INTERN/logbook/vendor/laravel/framework/src/Illuminate/Foundation/Console/Kernel.php(198): Symfony/Component/Console/Application->run(Object(Symfony/Component/Console/Input/ArgvInput), Object(Symfony/Component/Console/Output/ConsoleOutput))
#44 D:/KULIAH/BERAU COAL INTERN/logbook/vendor/laravel/framework/src/Illuminate/Foundation/Application.php(1235): Illuminate/Foundation/Console/Kernel->handle(Object(Symfony/Component/Console/Input/ArgvInput), Object(Symfony/Component/Console/Output/ConsoleOutput))
#45 D:/KULIAH/BERAU COAL INTERN/logbook/artisan(16): Illuminate/Foundation/Application->handleCommand(Object(Symfony/Component/Console/Input/ArgvInput))
#46 {main}
"} 
[2026-08-06 11:32:54] local.ERROR: SQLSTATE[HY000]: General error: 1 no such table: cache (Connection: sqlite, Database: database/database.sqlite, SQL: select * from "cache" where "key" in (ojt_evaluation_competency_monitoring_system_cache_trainee@beraucoal.co.id|127.0.0.1)) {"exception":"[object] (Illuminate\\Database\\QueryException(code: HY000): SQLSTATE[HY000]: General error: 1 no such table: cache (Connection: sqlite, Database: database/database.sqlite, SQL: select * from \"cache\" where \"key\" in (ojt_evaluation_competency_monitoring_system_cache_trainee@beraucoal.co.id|127.0.0.1)) at D:/KULIAH/BERAU COAL INTERN/logbook/vendor/laravel/framework/src/Illuminate/Database/Connection.php:838)
[stacktrace]
#0 D:/KULIAH/BERAU COAL INTERN/logbook/vendor/laravel/framework/src/Illuminate/Database/Connection.php(794): Illuminate/Database/Connection->runQueryCallback('select * from \"...', Array, Object(Closure))
#1 D:/KULIAH/BERAU COAL INTERN/logbook/vendor/laravel/framework/src/Illuminate/Database/Connection.php(411): Illuminate/Database/Connection->run('select * from \"...', Array, Object(Closure))
#2 D:/KULIAH/BERAU COAL INTERN/logbook/vendor/laravel/framework/src/Illuminate/Database/Query/Builder.php(3505): Illuminate/Database/Connection->select('select * from \"...', Array, true)
#3 D:/KULIAH/BERAU COAL INTERN/logbook/vendor/laravel/framework/src/Illuminate/Database/Query/Builder.php(3490): Illuminate/Database/Query/Builder->runSelect()
#4 D:/KULIAH/BERAU COAL INTERN/logbook/vendor/laravel/framework/src/Illuminate/Database/Query/Builder.php(4080): Illuminate/Database/Query/Builder->Illuminate/Database/Query/{closure}()
#5 D:/KULIAH/BERAU COAL INTERN/logbook/vendor/laravel/framework/src/Illuminate/Database/Query/Builder.php(3489): Illuminate/Database/Query/Builder->onceWithColumns(Array, Object(Closure))
#6 D:/KULIAH/BERAU COAL INTERN/logbook/vendor/laravel/framework/src/Illuminate/Cache/DatabaseStore.php(140): Illuminate/Database/Query/Builder->get()
#7 D:/KULIAH/BERAU COAL INTERN/logbook/vendor/laravel/framework/src/Illuminate/Cache/DatabaseStore.php(115): Illuminate/Cache/DatabaseStore->many(Array)
#8 D:/KULIAH/BERAU COAL INTERN/logbook/vendor/laravel/framework/src/Illuminate/Cache/Repository.php(125): Illuminate/Cache/DatabaseStore->get('trainee@berauco...')
#9 D:/KULIAH/BERAU COAL INTERN/logbook/vendor/laravel/framework/src/Illuminate/Cache/RateLimiter.php(206): Illuminate/Cache/Repository->get('trainee@berauco...', 0)
#10 D:/KULIAH/BERAU COAL INTERN/logbook/vendor/laravel/framework/src/Illuminate/Cache/RateLimiter.php(300): Illuminate/Cache/RateLimiter->Illuminate/Cache/{closure}()
#11 D:/KULIAH/BERAU COAL INTERN/logbook/vendor/laravel/framework/src/Illuminate/Cache/RateLimiter.php(206): Illuminate/Cache/RateLimiter->withoutSerializationOrCompression(Object(Closure))
#12 D:/KULIAH/BERAU COAL INTERN/logbook/vendor/laravel/framework/src/Illuminate/Cache/RateLimiter.php(129): Illuminate/Cache/RateLimiter->attempts('trainee@berauco...')
#13 D:/KULIAH/BERAU COAL INTERN/logbook/vendor/laravel/framework/src/Illuminate/Support/Facades/Facade.php(363): Illuminate/Cache/RateLimiter->tooManyAttempts('trainee@berauco...', 5)
#14 D:/KULIAH/BERAU COAL INTERN/logbook/app/Http/Requests/Auth/LoginRequest.php(45): Illuminate/Support/Facades/Facade::__callStatic('tooManyAttempts', Array)
#15 D:/KULIAH/BERAU COAL INTERN/logbook/app/Http/Requests/Auth/LoginRequest.php(30): App/Http/Requests/Auth/LoginRequest->ensureIsNotRateLimited()
#16 D:/KULIAH/BERAU COAL INTERN/logbook/app/Http/Controllers/Auth/AuthenticatedSessionController.php(21): App/Http/Requests/Auth/LoginRequest->authenticate()
#17 D:/KULIAH/BERAU COAL INTERN/logbook/vendor/laravel/framework/src/Illuminate/Routing/Controller.php(54): App/Http/Controllers/Auth/AuthenticatedSessionController->store(Object(App/Http/Requests/Auth/LoginRequest))
#18 D:/KULIAH/BERAU COAL INTERN/logbook/vendor/laravel/framework/src/Illuminate/Routing/ControllerDispatcher.php(43): Illuminate/Routing/Controller->callAction('store', Array)
#19 D:/KULIAH/BERAU COAL INTERN/logbook/vendor/laravel/framework/src/Illuminate/Routing/Route.php(265): Illuminate/Routing/ControllerDispatcher->dispatch(Object(Illuminate/Routing/Route), Object(App/Http/Controllers/Auth/AuthenticatedSessionController), 'store')
#20 D:/KULIAH/BERAU COAL INTERN/logbook/vendor/laravel/framework/src/Illuminate/Routing/Route.php(211): Illuminate/Routing/Route->runController()
#21 D:/KULIAH/BERAU COAL INTERN/logbook/vendor/laravel/framework/src/Illuminate/Routing/Router.php(822): Illuminate/Routing/Route->run()
#22 D:/KULIAH/BERAU COAL INTERN/logbook/vendor/laravel/framework/src/Illuminate/Pipeline/Pipeline.php(180): Illuminate/Routing/Router->Illuminate/Routing/{closure}(Object(Illuminate/Http/Request))
#23 D:/KULIAH/BERAU COAL INTERN/logbook/vendor/laravel/framework/src/Illuminate/Auth/Middleware/RedirectIfAuthenticated.php(47): Illuminate/Pipeline/Pipeline->Illuminate/Pipeline/{closure}(Object(Illuminate/Http/Request))
#24 D:/KULIAH/BERAU COAL INTERN/logbook/vendor/laravel/framework/src/Illuminate/Pipeline/Pipeline.php(219): Illuminate/Auth/Middleware/RedirectIfAuthenticated->handle(Object(Illuminate/Http/Request), Object(Closure))
#25 D:/KULIAH/BERAU COAL INTERN/logbook/vendor/laravel/framework/src/Illuminate/Routing/Middleware/SubstituteBindings.php(50): Illuminate/Pipeline/Pipeline->Illuminate/Pipeline/{closure}(Object(Illuminate/Http/Request))
#26 D:/KULIAH/BERAU COAL INTERN/logbook/vendor/laravel/framework/src/Illuminate/Pipeline/Pipeline.php(219): Illuminate/Routing/Middleware/SubstituteBindings->handle(Object(Illuminate/Http/Request), Object(Closure))
#27 D:/KULIAH/BERAU COAL INTERN/logbook/vendor/laravel/framework/src/Illuminate/Foundation/Http/Middleware/VerifyCsrfToken.php(87): Illuminate/Pipeline/Pipeline->Illuminate/Pipeline/{closure}(Object(Illuminate/Http/Request))
#28 D:/KULIAH/BERAU COAL INTERN/logbook/vendor/laravel/framework/src/Illuminate/Pipeline/Pipeline.php(219): Illuminate/Foundation/Http/Middleware/VerifyCsrfToken->handle(Object(Illuminate/Http/Request), Object(Closure))
#29 D:/KULIAH/BERAU COAL INTERN/logbook/vendor/laravel/framework/src/Illuminate/View/Middleware/ShareErrorsFromSession.php(48): Illuminate/Pipeline/Pipeline->Illuminate/Pipeline/{closure}(Object(Illuminate/Http/Request))
#30 D:/KULIAH/BERAU COAL INTERN/logbook/vendor/laravel/framework/src/Illuminate/Pipeline/Pipeline.php(219): Illuminate/View/Middleware/ShareErrorsFromSession->handle(Object(Illuminate/Http/Request), Object(Closure))
#31 D:/KULIAH/BERAU COAL INTERN/logbook/vendor/laravel/framework/src/Illuminate/Session/Middleware/StartSession.php(120): Illuminate/Pipeline/Pipeline->Illuminate/Pipeline/{closure}(Object(Illuminate/Http/Request))
#32 D:/KULIAH/BERAU COAL INTERN/logbook/vendor/laravel/framework/src/Illuminate/Session/Middleware/StartSession.php(63): Illuminate/Session/Middleware/StartSession->handleStatefulRequest(Object(Illuminate/Http/Request), Object(Illuminate/Session/Store), Object(Closure))
#33 D:/KULIAH/BERAU COAL INTERN/logbook/vendor/laravel/framework/src/Illuminate/Pipeline/Pipeline.php(219): Illuminate/Session/Middleware/StartSession->handle(Object(Illuminate/Http/Request), Object(Closure))
#34 D:/KULIAH/BERAU COAL INTERN/logbook/vendor/laravel/framework/src/Illuminate/Cookie/Middleware/AddQueuedCookiesToResponse.php(36): Illuminate/Pipeline/Pipeline->Illuminate/Pipeline/{closure}(Object(Illuminate/Http/Request))
#35 D:/KULIAH/BERAU COAL INTERN/logbook/vendor/laravel/framework/src/Illuminate/Pipeline/Pipeline.php(219): Illuminate/Cookie/Middleware/AddQueuedCookiesToResponse->handle(Object(Illuminate/Http/Request), Object(Closure))
#36 D:/KULIAH/BERAU COAL INTERN/logbook/vendor/laravel/framework/src/Illuminate/Cookie/Middleware/EncryptCookies.php(74): Illuminate/Pipeline/Pipeline->Illuminate/Pipeline/{closure}(Object(Illuminate/Http/Request))
#37 D:/KULIAH/BERAU COAL INTERN/logbook/vendor/laravel/framework/src/Illuminate/Pipeline/Pipeline.php(219): Illuminate/Cookie/Middleware/EncryptCookies->handle(Object(Illuminate/Http/Request), Object(Closure))
#38 D:/KULIAH/BERAU COAL INTERN/logbook/vendor/laravel/framework/src/Illuminate/Pipeline/Pipeline.php(137): Illuminate/Pipeline/Pipeline->Illuminate/Pipeline/{closure}(Object(Illuminate/Http/Request))
#39 D:/KULIAH/BERAU COAL INTERN/logbook/vendor/laravel/framework/src/Illuminate/Routing/Router.php(821): Illuminate/Pipeline/Pipeline->then(Object(Closure))
#40 D:/KULIAH/BERAU COAL INTERN/logbook/vendor/laravel/framework/src/Illuminate/Routing/Router.php(800): Illuminate/Routing/Router->runRouteWithinStack(Object(Illuminate/Routing/Route), Object(Illuminate/Http/Request))
#41 D:/KULIAH/BERAU COAL INTERN/logbook/vendor/laravel/framework/src/Illuminate/Routing/Router.php(764): Illuminate/Routing/Router->runRoute(Object(Illuminate/Http/Request), Object(Illuminate/Routing/Route))
#42 D:/KULIAH/BERAU COAL INTERN/logbook/vendor/laravel/framework/src/Illuminate/Routing/Router.php(753): Illuminate/Routing/Router->dispatchToRoute(Object(Illuminate/Http/Request))
#43 D:/KULIAH/BERAU COAL INTERN/logbook/vendor/laravel/framework/src/Illuminate/Foundation/Http/Kernel.php(200): Illuminate/Routing/Router->dispatch(Object(Illuminate/Http/Request))
#44 D:/KULIAH/BERAU COAL INTERN/logbook/vendor/laravel/framework/src/Illuminate/Pipeline/Pipeline.php(180): Illuminate/Foundation/Http/Kernel->Illuminate/Foundation/Http/{closure}(Object(Illuminate/Http/Request))
#45 D:/KULIAH/BERAU COAL INTERN/logbook/vendor/laravel/framework/src/Illuminate/Foundation/Http/Middleware/TransformsRequest.php(21): Illuminate/Pipeline/Pipeline->Illuminate/Pipeline/{closure}(Object(Illuminate/Http/Request))
#46 D:/KULIAH/BERAU COAL INTERN/logbook/vendor/laravel/framework/src/Illuminate/Foundation/Http/Middleware/ConvertEmptyStringsToNull.php(31): Illuminate/Foundation/Http/Middleware/TransformsRequest->handle(Object(Illuminate/Http/Request), Object(Closure))
#47 D:/KULIAH/BERAU COAL INTERN/logbook/vendor/laravel/framework/src/Illuminate/Pipeline/Pipeline.php(219): Illuminate/Foundation/Http/Middleware/ConvertEmptyStringsToNull->handle(Object(Illuminate/Http/Request), Object(Closure))
#48 D:/KULIAH/BERAU COAL INTERN/logbook/vendor/laravel/framework/src/Illuminate/Foundation/Http/Middleware/TransformsRequest.php(21): Illuminate/Pipeline/Pipeline->Illuminate/Pipeline/{closure}(Object(Illuminate/Http/Request))
#49 D:/KULIAH/BERAU COAL INTERN/logbook/vendor/laravel/framework/src/Illuminate/Foundation/Http/Middleware/TrimStrings.php(51): Illuminate/Foundation/Http/Middleware/TransformsRequest->handle(Object(Illuminate/Http/Request), Object(Closure))
#50 D:/KULIAH/BERAU COAL INTERN/logbook/vendor/laravel/framework/src/Illuminate/Pipeline/Pipeline.php(219): Illuminate/Foundation/Http/Middleware/TrimStrings->handle(Object(Illuminate/Http/Request), Object(Closure))
#51 D:/KULIAH/BERAU COAL INTERN/logbook/vendor/laravel/framework/src/Illuminate/Http/Middleware/ValidatePostSize.php(27): Illuminate/Pipeline/Pipeline->Illuminate/Pipeline/{closure}(Object(Illuminate/Http/Request))
#52 D:/KULIAH/BERAU COAL INTERN/logbook/vendor/laravel/framework/src/Illuminate/Pipeline/Pipeline.php(219): Illuminate/Http/Middleware/ValidatePostSize->handle(Object(Illuminate/Http/Request), Object(Closure))
#53 D:/KULIAH/BERAU COAL INTERN/logbook/vendor/laravel/framework/src/Illuminate/Foundation/Http/Middleware/PreventRequestsDuringMaintenance.php(109): Illuminate/Pipeline/Pipeline->Illuminate/Pipeline/{closure}(Object(Illuminate/Http/Request))
#54 D:/KULIAH/BERAU COAL INTERN/logbook/vendor/laravel/framework/src/Illuminate/Pipeline/Pipeline.php(219): Illuminate/Foundation/Http/Middleware/PreventRequestsDuringMaintenance->handle(Object(Illuminate/Http/Request), Object(Closure))
#55 D:/KULIAH/BERAU COAL INTERN/logbook/vendor/laravel/framework/src/Illuminate/Http/Middleware/HandleCors.php(61): Illuminate/Pipeline/Pipeline->Illuminate/Pipeline/{closure}(Object(Illuminate/Http/Request))
#56 D:/KULIAH/BERAU COAL INTERN/logbook/vendor/laravel/framework/src/Illuminate/Pipeline/Pipeline.php(219): Illuminate/Http/Middleware/HandleCors->handle(Object(Illuminate/Http/Request), Object(Closure))
#57 D:/KULIAH/BERAU COAL INTERN/logbook/vendor/laravel/framework/src/Illuminate/Http/Middleware/TrustProxies.php(58): Illuminate/Pipeline/Pipeline->Illuminate/Pipeline/{closure}(Object(Illuminate/Http/Request))
#58 D:/KULIAH/BERAU COAL INTERN/logbook/vendor/laravel/framework/src/Illuminate/Pipeline/Pipeline.php(219): Illuminate/Http/Middleware/TrustProxies->handle(Object(Illuminate/Http/Request), Object(Closure))
#59 D:/KULIAH/BERAU COAL INTERN/logbook/vendor/laravel/framework/src/Illuminate/Foundation/Http/Middleware/InvokeDeferredCallbacks.php(22): Illuminate/Pipeline/Pipeline->Illuminate/Pipeline/{closure}(Object(Illuminate/Http/Request))
#60 D:/KULIAH/BERAU COAL INTERN/logbook/vendor/laravel/framework/src/Illuminate/Pipeline/Pipeline.php(219): Illuminate/Foundation/Http/Middleware/InvokeDeferredCallbacks->handle(Object(Illuminate/Http/Request), Object(Closure))
#61 D:/KULIAH/BERAU COAL INTERN/logbook/vendor/laravel/framework/src/Illuminate/Http/Middleware/ValidatePathEncoding.php(26): Illuminate/Pipeline/Pipeline->Illuminate/Pipeline/{closure}(Object(Illuminate/Http/Request))
#62 D:/KULIAH/BERAU COAL INTERN/logbook/vendor/laravel/framework/src/Illuminate/Pipeline/Pipeline.php(219): Illuminate/Http/Middleware/ValidatePathEncoding->handle(Object(Illuminate/Http/Request), Object(Closure))
#63 D:/KULIAH/BERAU COAL INTERN/logbook/vendor/laravel/framework/src/Illuminate/Pipeline/Pipeline.php(137): Illuminate/Pipeline/Pipeline->Illuminate/Pipeline/{closure}(Object(Illuminate/Http/Request))
#64 D:/KULIAH/BERAU COAL INTERN/logbook/vendor/laravel/framework/src/Illuminate/Foundation/Http/Kernel.php(175): Illuminate/Pipeline/Pipeline->then(Object(Closure))
#65 D:/KULIAH/BERAU COAL INTERN/logbook/vendor/laravel/framework/src/Illuminate/Foundation/Http/Kernel.php(144): Illuminate/Foundation/Http/Kernel->sendRequestThroughRouter(Object(Illuminate/Http/Request))
#66 D:/KULIAH/BERAU COAL INTERN/logbook/public/index.php(13): Illuminate/Foundation/Http/Kernel->handle(Object(Illuminate/Http/Request))
#67 D:/KULIAH/BERAU COAL INTERN/logbook/vendor/laravel/framework/src/Illuminate/Foundation/resources/server.php(23): require_once('D://KULIAH//BERAU...')
#68 {main}

[previous exception] [object] (PDOException(code: HY000): SQLSTATE[HY000]: General error: 1 no such table: cache at D:/KULIAH/BERAU COAL INTERN/logbook/vendor/laravel/framework/src/Illuminate/Database/Connection.php:420)
[stacktrace]
#0 D:/KULIAH/BERAU COAL INTERN/logbook/vendor/laravel/framework/src/Illuminate/Database/Connection.php(420): PDO->prepare('select * from \"...')
#1 D:/KULIAH/BERAU COAL INTERN/logbook/vendor/laravel/framework/src/Illuminate/Database/Connection.php(827): Illuminate/Database/Connection->Illuminate/Database/{closure}('select * from \"...', Array)
#2 D:/KULIAH/BERAU COAL INTERN/logbook/vendor/laravel/framework/src/Illuminate/Database/Connection.php(794): Illuminate/Database/Connection->runQueryCallback('select * from \"...', Array, Object(Closure))
#3 D:/KULIAH/BERAU COAL INTERN/logbook/vendor/laravel/framework/src/Illuminate/Database/Connection.php(411): Illuminate/Database/Connection->run('select * from \"...', Array, Object(Closure))
#4 D:/KULIAH/BERAU COAL INTERN/logbook/vendor/laravel/framework/src/Illuminate/Database/Query/Builder.php(3505): Illuminate/Database/Connection->select('select * from \"...', Array, true)
#5 D:/KULIAH/BERAU COAL INTERN/logbook/vendor/laravel/framework/src/Illuminate/Database/Query/Builder.php(3490): Illuminate/Database/Query/Builder->runSelect()
#6 D:/KULIAH/BERAU COAL INTERN/logbook/vendor/laravel/framework/src/Illuminate/Database/Query/Builder.php(4080): Illuminate/Database/Query/Builder->Illuminate/Database/Query/{closure}()
#7 D:/KULIAH/BERAU COAL INTERN/logbook/vendor/laravel/framework/src/Illuminate/Database/Query/Builder.php(3489): Illuminate/Database/Query/Builder->onceWithColumns(Array, Object(Closure))
#8 D:/KULIAH/BERAU COAL INTERN/logbook/vendor/laravel/framework/src/Illuminate/Cache/DatabaseStore.php(140): Illuminate/Database/Query/Builder->get()
#9 D:/KULIAH/BERAU COAL INTERN/logbook/vendor/laravel/framework/src/Illuminate/Cache/DatabaseStore.php(115): Illuminate/Cache/DatabaseStore->many(Array)
#10 D:/KULIAH/BERAU COAL INTERN/logbook/vendor/laravel/framework/src/Illuminate/Cache/Repository.php(125): Illuminate/Cache/DatabaseStore->get('trainee@berauco...')
#11 D:/KULIAH/BERAU COAL INTERN/logbook/vendor/laravel/framework/src/Illuminate/Cache/RateLimiter.php(206): Illuminate/Cache/Repository->get('trainee@berauco...', 0)
#12 D:/KULIAH/BERAU COAL INTERN/logbook/vendor/laravel/framework/src/Illuminate/Cache/RateLimiter.php(300): Illuminate/Cache/RateLimiter->Illuminate/Cache/{closure}()
#13 D:/KULIAH/BERAU COAL INTERN/logbook/vendor/laravel/framework/src/Illuminate/Cache/RateLimiter.php(206): Illuminate/Cache/RateLimiter->withoutSerializationOrCompression(Object(Closure))
#14 D:/KULIAH/BERAU COAL INTERN/logbook/vendor/laravel/framework/src/Illuminate/Cache/RateLimiter.php(129): Illuminate/Cache/RateLimiter->attempts('trainee@berauco...')
#15 D:/KULIAH/BERAU COAL INTERN/logbook/vendor/laravel/framework/src/Illuminate/Support/Facades/Facade.php(363): Illuminate/Cache/RateLimiter->tooManyAttempts('trainee@berauco...', 5)
#16 D:/KULIAH/BERAU COAL INTERN/logbook/app/Http/Requests/Auth/LoginRequest.php(45): Illuminate/Support/Facades/Facade::__callStatic('tooManyAttempts', Array)
#17 D:/KULIAH/BERAU COAL INTERN/logbook/app/Http/Requests/Auth/LoginRequest.php(30): App/Http/Requests/Auth/LoginRequest->ensureIsNotRateLimited()
#18 D:/KULIAH/BERAU COAL INTERN/logbook/app/Http/Controllers/Auth/AuthenticatedSessionController.php(21): App/Http/Requests/Auth/LoginRequest->authenticate()
#19 D:/KULIAH/BERAU COAL INTERN/logbook/vendor/laravel/framework/src/Illuminate/Routing/Controller.php(54): App/Http/Controllers/Auth/AuthenticatedSessionController->store(Object(App/Http/Requests/Auth/LoginRequest))
#20 D:/KULIAH/BERAU COAL INTERN/logbook/vendor/laravel/framework/src/Illuminate/Routing/ControllerDispatcher.php(43): Illuminate/Routing/Controller->callAction('store', Array)
#21 D:/KULIAH/BERAU COAL INTERN/logbook/vendor/laravel/framework/src/Illuminate/Routing/Route.php(265): Illuminate/Routing/ControllerDispatcher->dispatch(Object(Illuminate/Routing/Route), Object(App/Http/Controllers/Auth/AuthenticatedSessionController), 'store')
#22 D:/KULIAH/BERAU COAL INTERN/logbook/vendor/laravel/framework/src/Illuminate/Routing/Route.php(211): Illuminate/Routing/Route->runController()
#23 D:/KULIAH/BERAU COAL INTERN/logbook/vendor/laravel/framework/src/Illuminate/Routing/Router.php(822): Illuminate/Routing/Route->run()
#24 D:/KULIAH/BERAU COAL INTERN/logbook/vendor/laravel/framework/src/Illuminate/Pipeline/Pipeline.php(180): Illuminate/Routing/Router->Illuminate/Routing/{closure}(Object(Illuminate/Http/Request))
#25 D:/KULIAH/BERAU COAL INTERN/logbook/vendor/laravel/framework/src/Illuminate/Auth/Middleware/RedirectIfAuthenticated.php(47): Illuminate/Pipeline/Pipeline->Illuminate/Pipeline/{closure}(Object(Illuminate/Http/Request))
#26 D:/KULIAH/BERAU COAL INTERN/logbook/vendor/laravel/framework/src/Illuminate/Pipeline/Pipeline.php(219): Illuminate/Auth/Middleware/RedirectIfAuthenticated->handle(Object(Illuminate/Http/Request), Object(Closure))
#27 D:/KULIAH/BERAU COAL INTERN/logbook/vendor/laravel/framework/src/Illuminate/Routing/Middleware/SubstituteBindings.php(50): Illuminate/Pipeline/Pipeline->Illuminate/Pipeline/{closure}(Object(Illuminate/Http/Request))
#28 D:/KULIAH/BERAU COAL INTERN/logbook/vendor/laravel/framework/src/Illuminate/Pipeline/Pipeline.php(219): Illuminate/Routing/Middleware/SubstituteBindings->handle(Object(Illuminate/Http/Request), Object(Closure))
#29 D:/KULIAH/BERAU COAL INTERN/logbook/vendor/laravel/framework/src/Illuminate/Foundation/Http/Middleware/VerifyCsrfToken.php(87): Illuminate/Pipeline/Pipeline->Illuminate/Pipeline/{closure}(Object(Illuminate/Http/Request))
#30 D:/KULIAH/BERAU COAL INTERN/logbook/vendor/laravel/framework/src/Illuminate/Pipeline/Pipeline.php(219): Illuminate/Foundation/Http/Middleware/VerifyCsrfToken->handle(Object(Illuminate/Http/Request), Object(Closure))
#31 D:/KULIAH/BERAU COAL INTERN/logbook/vendor/laravel/framework/src/Illuminate/View/Middleware/ShareErrorsFromSession.php(48): Illuminate/Pipeline/Pipeline->Illuminate/Pipeline/{closure}(Object(Illuminate/Http/Request))
#32 D:/KULIAH/BERAU COAL INTERN/logbook/vendor/laravel/framework/src/Illuminate/Pipeline/Pipeline.php(219): Illuminate/View/Middleware/ShareErrorsFromSession->handle(Object(Illuminate/Http/Request), Object(Closure))
#33 D:/KULIAH/BERAU COAL INTERN/logbook/vendor/laravel/framework/src/Illuminate/Session/Middleware/StartSession.php(120): Illuminate/Pipeline/Pipeline->Illuminate/Pipeline/{closure}(Object(Illuminate/Http/Request))
#34 D:/KULIAH/BERAU COAL INTERN/logbook/vendor/laravel/framework/src/Illuminate/Session/Middleware/StartSession.php(63): Illuminate/Session/Middleware/StartSession->handleStatefulRequest(Object(Illuminate/Http/Request), Object(Illuminate/Session/Store), Object(Closure))
#35 D:/KULIAH/BERAU COAL INTERN/logbook/vendor/laravel/framework/src/Illuminate/Pipeline/Pipeline.php(219): Illuminate/Session/Middleware/StartSession->handle(Object(Illuminate/Http/Request), Object(Closure))
#36 D:/KULIAH/BERAU COAL INTERN/logbook/vendor/laravel/framework/src/Illuminate/Cookie/Middleware/AddQueuedCookiesToResponse.php(36): Illuminate/Pipeline/Pipeline->Illuminate/Pipeline/{closure}(Object(Illuminate/Http/Request))
#37 D:/KULIAH/BERAU COAL INTERN/logbook/vendor/laravel/framework/src/Illuminate/Pipeline/Pipeline.php(219): Illuminate/Cookie/Middleware/AddQueuedCookiesToResponse->handle(Object(Illuminate/Http/Request), Object(Closure))
#38 D:/KULIAH/BERAU COAL INTERN/logbook/vendor/laravel/framework/src/Illuminate/Cookie/Middleware/EncryptCookies.php(74): Illuminate/Pipeline/Pipeline->Illuminate/Pipeline/{closure}(Object(Illuminate/Http/Request))
#39 D:/KULIAH/BERAU COAL INTERN/logbook/vendor/laravel/framework/src/Illuminate/Pipeline/Pipeline.php(219): Illuminate/Cookie/Middleware/EncryptCookies->handle(Object(Illuminate/Http/Request), Object(Closure))
#40 D:/KULIAH/BERAU COAL INTERN/logbook/vendor/laravel/framework/src/Illuminate/Pipeline/Pipeline.php(137): Illuminate/Pipeline/Pipeline->Illuminate/Pipeline/{closure}(Object(Illuminate/Http/Request))
#41 D:/KULIAH/BERAU COAL INTERN/logbook/vendor/laravel/framework/src/Illuminate/Routing/Router.php(821): Illuminate/Pipeline/Pipeline->then(Object(Closure))
#42 D:/KULIAH/BERAU COAL INTERN/logbook/vendor/laravel/framework/src/Illuminate/Routing/Router.php(800): Illuminate/Routing/Router->runRouteWithinStack(Object(Illuminate/Routing/Route), Object(Illuminate/Http/Request))
#43 D:/KULIAH/BERAU COAL INTERN/logbook/vendor/laravel/framework/src/Illuminate/Routing/Router.php(764): Illuminate/Routing/Router->runRoute(Object(Illuminate/Http/Request), Object(Illuminate/Routing/Route))
#44 D:/KULIAH/BERAU COAL INTERN/logbook/vendor/laravel/framework/src/Illuminate/Routing/Router.php(753): Illuminate/Routing/Router->dispatchToRoute(Object(Illuminate/Http/Request))
#45 D:/KULIAH/BERAU COAL INTERN/logbook/vendor/laravel/framework/src/Illuminate/Foundation/Http/Kernel.php(200): Illuminate/Routing/Router->dispatch(Object(Illuminate/Http/Request))
#46 D:/KULIAH/BERAU COAL INTERN/logbook/vendor/laravel/framework/src/Illuminate/Pipeline/Pipeline.php(180): Illuminate/Foundation/Http/Kernel->Illuminate/Foundation/Http/{closure}(Object(Illuminate/Http/Request))
#47 D:/KULIAH/BERAU COAL INTERN/logbook/vendor/laravel/framework/src/Illuminate/Foundation/Http/Middleware/TransformsRequest.php(21): Illuminate/Pipeline/Pipeline->Illuminate/Pipeline/{closure}(Object(Illuminate/Http/Request))
#48 D:/KULIAH/BERAU COAL INTERN/logbook/vendor/laravel/framework/src/Illuminate/Foundation/Http/Middleware/ConvertEmptyStringsToNull.php(31): Illuminate/Foundation/Http/Middleware/TransformsRequest->handle(Object(Illuminate/Http/Request), Object(Closure))
#49 D:/KULIAH/BERAU COAL INTERN/logbook/vendor/laravel/framework/src/Illuminate/Pipeline/Pipeline.php(219): Illuminate/Foundation/Http/Middleware/ConvertEmptyStringsToNull->handle(Object(Illuminate/Http/Request), Object(Closure))
#50 D:/KULIAH/BERAU COAL INTERN/logbook/vendor/laravel/framework/src/Illuminate/Foundation/Http/Middleware/TransformsRequest.php(21): Illuminate/Pipeline/Pipeline->Illuminate/Pipeline/{closure}(Object(Illuminate/Http/Request))
#51 D:/KULIAH/BERAU COAL INTERN/logbook/vendor/laravel/framework/src/Illuminate/Foundation/Http/Middleware/TrimStrings.php(51): Illuminate/Foundation/Http/Middleware/TransformsRequest->handle(Object(Illuminate/Http/Request), Object(Closure))
#52 D:/KULIAH/BERAU COAL INTERN/logbook/vendor/laravel/framework/src/Illuminate/Pipeline/Pipeline.php(219): Illuminate/Foundation/Http/Middleware/TrimStrings->handle(Object(Illuminate/Http/Request), Object(Closure))
#53 D:/KULIAH/BERAU COAL INTERN/logbook/vendor/laravel/framework/src/Illuminate/Http/Middleware/ValidatePostSize.php(27): Illuminate/Pipeline/Pipeline->Illuminate/Pipeline/{closure}(Object(Illuminate/Http/Request))
#54 D:/KULIAH/BERAU COAL INTERN/logbook/vendor/laravel/framework/src/Illuminate/Pipeline/Pipeline.php(219): Illuminate/Http/Middleware/ValidatePostSize->handle(Object(Illuminate/Http/Request), Object(Closure))
#55 D:/KULIAH/BERAU COAL INTERN/logbook/vendor/laravel/framework/src/Illuminate/Foundation/Http/Middleware/PreventRequestsDuringMaintenance.php(109): Illuminate/Pipeline/Pipeline->Illuminate/Pipeline/{closure}(Object(Illuminate/Http/Request))
#56 D:/KULIAH/BERAU COAL INTERN/logbook/vendor/laravel/framework/src/Illuminate/Pipeline/Pipeline.php(219): Illuminate/Foundation/Http/Middleware/PreventRequestsDuringMaintenance->handle(Object(Illuminate/Http/Request), Object(Closure))
#57 D:/KULIAH/BERAU COAL INTERN/logbook/vendor/laravel/framework/src/Illuminate/Http/Middleware/HandleCors.php(61): Illuminate/Pipeline/Pipeline->Illuminate/Pipeline/{closure}(Object(Illuminate/Http/Request))
#58 D:/KULIAH/BERAU COAL INTERN/logbook/vendor/laravel/framework/src/Illuminate/Pipeline/Pipeline.php(219): Illuminate/Http/Middleware/HandleCors->handle(Object(Illuminate/Http/Request), Object(Closure))
#59 D:/KULIAH/BERAU COAL INTERN/logbook/vendor/laravel/framework/src/Illuminate/Http/Middleware/TrustProxies.php(58): Illuminate/Pipeline/Pipeline->Illuminate/Pipeline/{closure}(Object(Illuminate/Http/Request))
#60 D:/KULIAH/BERAU COAL INTERN/logbook/vendor/laravel/framework/src/Illuminate/Pipeline/Pipeline.php(219): Illuminate/Http/Middleware/TrustProxies->handle(Object(Illuminate/Http/Request), Object(Closure))
#61 D:/KULIAH/BERAU COAL INTERN/logbook/vendor/laravel/framework/src/Illuminate/Foundation/Http/Middleware/InvokeDeferredCallbacks.php(22): Illuminate/Pipeline/Pipeline->Illuminate/Pipeline/{closure}(Object(Illuminate/Http/Request))
#62 D:/KULIAH/BERAU COAL INTERN/logbook/vendor/laravel/framework/src/Illuminate/Pipeline/Pipeline.php(219): Illuminate/Foundation/Http/Middleware/InvokeDeferredCallbacks->handle(Object(Illuminate/Http/Request), Object(Closure))
#63 D:/KULIAH/BERAU COAL INTERN/logbook/vendor/laravel/framework/src/Illuminate/Http/Middleware/ValidatePathEncoding.php(26): Illuminate/Pipeline/Pipeline->Illuminate/Pipeline/{closure}(Object(Illuminate/Http/Request))
#64 D:/KULIAH/BERAU COAL INTERN/logbook/vendor/laravel/framework/src/Illuminate/Pipeline/Pipeline.php(219): Illuminate/Http/Middleware/ValidatePathEncoding->handle(Object(Illuminate/Http/Request), Object(Closure))
#65 D:/KULIAH/BERAU COAL INTERN/logbook/vendor/laravel/framework/src/Illuminate/Pipeline/Pipeline.php(137): Illuminate/Pipeline/Pipeline->Illuminate/Pipeline/{closure}(Object(Illuminate/Http/Request))
#66 D:/KULIAH/BERAU COAL INTERN/logbook/vendor/laravel/framework/src/Illuminate/Foundation/Http/Kernel.php(175): Illuminate/Pipeline/Pipeline->then(Object(Closure))
#67 D:/KULIAH/BERAU COAL INTERN/logbook/vendor/laravel/framework/src/Illuminate/Foundation/Http/Kernel.php(144): Illuminate/Foundation/Http/Kernel->sendRequestThroughRouter(Object(Illuminate/Http/Request))
#68 D:/KULIAH/BERAU COAL INTERN/logbook/public/index.php(13): Illuminate/Foundation/Http/Kernel->handle(Object(Illuminate/Http/Request))
#69 D:/KULIAH/BERAU COAL INTERN/logbook/vendor/laravel/framework/src/Illuminate/Foundation/resources/server.php(23): require_once('D://KULIAH//BERAU...')
#70 {main}
"} 
[2026-08-06 11:33:17] local.ERROR: SQLSTATE[HY000]: General error: 1 no such table: cache (Connection: sqlite, Database: database/database.sqlite, SQL: select * from "cache" where "key" in (ojt_evaluation_competency_monitoring_system_cache_trainee@beraucoal.co.id|127.0.0.1)) {"exception":"[object] (Illuminate\\Database\\QueryException(code: HY000): SQLSTATE[HY000]: General error: 1 no such table: cache (Connection: sqlite, Database: database/database.sqlite, SQL: select * from \"cache\" where \"key\" in (ojt_evaluation_competency_monitoring_system_cache_trainee@beraucoal.co.id|127.0.0.1)) at D:/KULIAH/BERAU COAL INTERN/logbook/vendor/laravel/framework/src/Illuminate/Database/Connection.php:838)
[stacktrace]
#0 D:/KULIAH/BERAU COAL INTERN/logbook/vendor/laravel/framework/src/Illuminate/Database/Connection.php(794): Illuminate/Database/Connection->runQueryCallback('select * from \"...', Array, Object(Closure))
#1 D:/KULIAH/BERAU COAL INTERN/logbook/vendor/laravel/framework/src/Illuminate/Database/Connection.php(411): Illuminate/Database/Connection->run('select * from \"...', Array, Object(Closure))
#2 D:/KULIAH/BERAU COAL INTERN/logbook/vendor/laravel/framework/src/Illuminate/Database/Query/Builder.php(3505): Illuminate/Database/Connection->select('select * from \"...', Array, true)
#3 D:/KULIAH/BERAU COAL INTERN/logbook/vendor/laravel/framework/src/Illuminate/Database/Query/Builder.php(3490): Illuminate/Database/Query/Builder->runSelect()
#4 D:/KULIAH/BERAU COAL INTERN/logbook/vendor/laravel/framework/src/Illuminate/Database/Query/Builder.php(4080): Illuminate/Database/Query/Builder->Illuminate/Database/Query/{closure}()
#5 D:/KULIAH/BERAU COAL INTERN/logbook/vendor/laravel/framework/src/Illuminate/Database/Query/Builder.php(3489): Illuminate/Database/Query/Builder->onceWithColumns(Array, Object(Closure))
#6 D:/KULIAH/BERAU COAL INTERN/logbook/vendor/laravel/framework/src/Illuminate/Cache/DatabaseStore.php(140): Illuminate/Database/Query/Builder->get()
#7 D:/KULIAH/BERAU COAL INTERN/logbook/vendor/laravel/framework/src/Illuminate/Cache/DatabaseStore.php(115): Illuminate/Cache/DatabaseStore->many(Array)
#8 D:/KULIAH/BERAU COAL INTERN/logbook/vendor/laravel/framework/src/Illuminate/Cache/Repository.php(125): Illuminate/Cache/DatabaseStore->get('trainee@berauco...')
#9 D:/KULIAH/BERAU COAL INTERN/logbook/vendor/laravel/framework/src/Illuminate/Cache/RateLimiter.php(206): Illuminate/Cache/Repository->get('trainee@berauco...', 0)
#10 D:/KULIAH/BERAU COAL INTERN/logbook/vendor/laravel/framework/src/Illuminate/Cache/RateLimiter.php(300): Illuminate/Cache/RateLimiter->Illuminate/Cache/{closure}()
#11 D:/KULIAH/BERAU COAL INTERN/logbook/vendor/laravel/framework/src/Illuminate/Cache/RateLimiter.php(206): Illuminate/Cache/RateLimiter->withoutSerializationOrCompression(Object(Closure))
#12 D:/KULIAH/BERAU COAL INTERN/logbook/vendor/laravel/framework/src/Illuminate/Cache/RateLimiter.php(129): Illuminate/Cache/RateLimiter->attempts('trainee@berauco...')
#13 D:/KULIAH/BERAU COAL INTERN/logbook/vendor/laravel/framework/src/Illuminate/Support/Facades/Facade.php(363): Illuminate/Cache/RateLimiter->tooManyAttempts('trainee@berauco...', 5)
#14 D:/KULIAH/BERAU COAL INTERN/logbook/app/Http/Requests/Auth/LoginRequest.php(45): Illuminate/Support/Facades/Facade::__callStatic('tooManyAttempts', Array)
#15 D:/KULIAH/BERAU COAL INTERN/logbook/app/Http/Requests/Auth/LoginRequest.php(30): App/Http/Requests/Auth/LoginRequest->ensureIsNotRateLimited()
#16 D:/KULIAH/BERAU COAL INTERN/logbook/app/Http/Controllers/Auth/AuthenticatedSessionController.php(21): App/Http/Requests/Auth/LoginRequest->authenticate()
#17 D:/KULIAH/BERAU COAL INTERN/logbook/vendor/laravel/framework/src/Illuminate/Routing/Controller.php(54): App/Http/Controllers/Auth/AuthenticatedSessionController->store(Object(App/Http/Requests/Auth/LoginRequest))
#18 D:/KULIAH/BERAU COAL INTERN/logbook/vendor/laravel/framework/src/Illuminate/Routing/ControllerDispatcher.php(43): Illuminate/Routing/Controller->callAction('store', Array)
#19 D:/KULIAH/BERAU COAL INTERN/logbook/vendor/laravel/framework/src/Illuminate/Routing/Route.php(265): Illuminate/Routing/ControllerDispatcher->dispatch(Object(Illuminate/Routing/Route), Object(App/Http/Controllers/Auth/AuthenticatedSessionController), 'store')
#20 D:/KULIAH/BERAU COAL INTERN/logbook/vendor/laravel/framework/src/Illuminate/Routing/Route.php(211): Illuminate/Routing/Route->runController()
#21 D:/KULIAH/BERAU COAL INTERN/logbook/vendor/laravel/framework/src/Illuminate/Routing/Router.php(822): Illuminate/Routing/Route->run()
#22 D:/KULIAH/BERAU COAL INTERN/logbook/vendor/laravel/framework/src/Illuminate/Pipeline/Pipeline.php(180): Illuminate/Routing/Router->Illuminate/Routing/{closure}(Object(Illuminate/Http/Request))
#23 D:/KULIAH/BERAU COAL INTERN/logbook/vendor/laravel/framework/src/Illuminate/Auth/Middleware/RedirectIfAuthenticated.php(47): Illuminate/Pipeline/Pipeline->Illuminate/Pipeline/{closure}(Object(Illuminate/Http/Request))
#24 D:/KULIAH/BERAU COAL INTERN/logbook/vendor/laravel/framework/src/Illuminate/Pipeline/Pipeline.php(219): Illuminate/Auth/Middleware/RedirectIfAuthenticated->handle(Object(Illuminate/Http/Request), Object(Closure))
#25 D:/KULIAH/BERAU COAL INTERN/logbook/vendor/laravel/framework/src/Illuminate/Routing/Middleware/SubstituteBindings.php(50): Illuminate/Pipeline/Pipeline->Illuminate/Pipeline/{closure}(Object(Illuminate/Http/Request))
#26 D:/KULIAH/BERAU COAL INTERN/logbook/vendor/laravel/framework/src/Illuminate/Pipeline/Pipeline.php(219): Illuminate/Routing/Middleware/SubstituteBindings->handle(Object(Illuminate/Http/Request), Object(Closure))
#27 D:/KULIAH/BERAU COAL INTERN/logbook/vendor/laravel/framework/src/Illuminate/Foundation/Http/Middleware/VerifyCsrfToken.php(87): Illuminate/Pipeline/Pipeline->Illuminate/Pipeline/{closure}(Object(Illuminate/Http/Request))
#28 D:/KULIAH/BERAU COAL INTERN/logbook/vendor/laravel/framework/src/Illuminate/Pipeline/Pipeline.php(219): Illuminate/Foundation/Http/Middleware/VerifyCsrfToken->handle(Object(Illuminate/Http/Request), Object(Closure))
#29 D:/KULIAH/BERAU COAL INTERN/logbook/vendor/laravel/framework/src/Illuminate/View/Middleware/ShareErrorsFromSession.php(48): Illuminate/Pipeline/Pipeline->Illuminate/Pipeline/{closure}(Object(Illuminate/Http/Request))
#30 D:/KULIAH/BERAU COAL INTERN/logbook/vendor/laravel/framework/src/Illuminate/Pipeline/Pipeline.php(219): Illuminate/View/Middleware/ShareErrorsFromSession->handle(Object(Illuminate/Http/Request), Object(Closure))
#31 D:/KULIAH/BERAU COAL INTERN/logbook/vendor/laravel/framework/src/Illuminate/Session/Middleware/StartSession.php(120): Illuminate/Pipeline/Pipeline->Illuminate/Pipeline/{closure}(Object(Illuminate/Http/Request))
#32 D:/KULIAH/BERAU COAL INTERN/logbook/vendor/laravel/framework/src/Illuminate/Session/Middleware/StartSession.php(63): Illuminate/Session/Middleware/StartSession->handleStatefulRequest(Object(Illuminate/Http/Request), Object(Illuminate/Session/Store), Object(Closure))
#33 D:/KULIAH/BERAU COAL INTERN/logbook/vendor/laravel/framework/src/Illuminate/Pipeline/Pipeline.php(219): Illuminate/Session/Middleware/StartSession->handle(Object(Illuminate/Http/Request), Object(Closure))
#34 D:/KULIAH/BERAU COAL INTERN/logbook/vendor/laravel/framework/src/Illuminate/Cookie/Middleware/AddQueuedCookiesToResponse.php(36): Illuminate/Pipeline/Pipeline->Illuminate/Pipeline/{closure}(Object(Illuminate/Http/Request))
#35 D:/KULIAH/BERAU COAL INTERN/logbook/vendor/laravel/framework/src/Illuminate/Pipeline/Pipeline.php(219): Illuminate/Cookie/Middleware/AddQueuedCookiesToResponse->handle(Object(Illuminate/Http/Request), Object(Closure))
#36 D:/KULIAH/BERAU COAL INTERN/logbook/vendor/laravel/framework/src/Illuminate/Cookie/Middleware/EncryptCookies.php(74): Illuminate/Pipeline/Pipeline->Illuminate/Pipeline/{closure}(Object(Illuminate/Http/Request))
#37 D:/KULIAH/BERAU COAL INTERN/logbook/vendor/laravel/framework/src/Illuminate/Pipeline/Pipeline.php(219): Illuminate/Cookie/Middleware/EncryptCookies->handle(Object(Illuminate/Http/Request), Object(Closure))
#38 D:/KULIAH/BERAU COAL INTERN/logbook/vendor/laravel/framework/src/Illuminate/Pipeline/Pipeline.php(137): Illuminate/Pipeline/Pipeline->Illuminate/Pipeline/{closure}(Object(Illuminate/Http/Request))
#39 D:/KULIAH/BERAU COAL INTERN/logbook/vendor/laravel/framework/src/Illuminate/Routing/Router.php(821): Illuminate/Pipeline/Pipeline->then(Object(Closure))
#40 D:/KULIAH/BERAU COAL INTERN/logbook/vendor/laravel/framework/src/Illuminate/Routing/Router.php(800): Illuminate/Routing/Router->runRouteWithinStack(Object(Illuminate/Routing/Route), Object(Illuminate/Http/Request))
#41 D:/KULIAH/BERAU COAL INTERN/logbook/vendor/laravel/framework/src/Illuminate/Routing/Router.php(764): Illuminate/Routing/Router->runRoute(Object(Illuminate/Http/Request), Object(Illuminate/Routing/Route))
#42 D:/KULIAH/BERAU COAL INTERN/logbook/vendor/laravel/framework/src/Illuminate/Routing/Router.php(753): Illuminate/Routing/Router->dispatchToRoute(Object(Illuminate/Http/Request))
#43 D:/KULIAH/BERAU COAL INTERN/logbook/vendor/laravel/framework/src/Illuminate/Foundation/Http/Kernel.php(200): Illuminate/Routing/Router->dispatch(Object(Illuminate/Http/Request))
#44 D:/KULIAH/BERAU COAL INTERN/logbook/vendor/laravel/framework/src/Illuminate/Pipeline/Pipeline.php(180): Illuminate/Foundation/Http/Kernel->Illuminate/Foundation/Http/{closure}(Object(Illuminate/Http/Request))
#45 D:/KULIAH/BERAU COAL INTERN/logbook/vendor/laravel/framework/src/Illuminate/Foundation/Http/Middleware/TransformsRequest.php(21): Illuminate/Pipeline/Pipeline->Illuminate/Pipeline/{closure}(Object(Illuminate/Http/Request))
#46 D:/KULIAH/BERAU COAL INTERN/logbook/vendor/laravel/framework/src/Illuminate/Foundation/Http/Middleware/ConvertEmptyStringsToNull.php(31): Illuminate/Foundation/Http/Middleware/TransformsRequest->handle(Object(Illuminate/Http/Request), Object(Closure))
#47 D:/KULIAH/BERAU COAL INTERN/logbook/vendor/laravel/framework/src/Illuminate/Pipeline/Pipeline.php(219): Illuminate/Foundation/Http/Middleware/ConvertEmptyStringsToNull->handle(Object(Illuminate/Http/Request), Object(Closure))
#48 D:/KULIAH/BERAU COAL INTERN/logbook/vendor/laravel/framework/src/Illuminate/Foundation/Http/Middleware/TransformsRequest.php(21): Illuminate/Pipeline/Pipeline->Illuminate/Pipeline/{closure}(Object(Illuminate/Http/Request))
#49 D:/KULIAH/BERAU COAL INTERN/logbook/vendor/laravel/framework/src/Illuminate/Foundation/Http/Middleware/TrimStrings.php(51): Illuminate/Foundation/Http/Middleware/TransformsRequest->handle(Object(Illuminate/Http/Request), Object(Closure))
#50 D:/KULIAH/BERAU COAL INTERN/logbook/vendor/laravel/framework/src/Illuminate/Pipeline/Pipeline.php(219): Illuminate/Foundation/Http/Middleware/TrimStrings->handle(Object(Illuminate/Http/Request), Object(Closure))
#51 D:/KULIAH/BERAU COAL INTERN/logbook/vendor/laravel/framework/src/Illuminate/Http/Middleware/ValidatePostSize.php(27): Illuminate/Pipeline/Pipeline->Illuminate/Pipeline/{closure}(Object(Illuminate/Http/Request))
#52 D:/KULIAH/BERAU COAL INTERN/logbook/vendor/laravel/framework/src/Illuminate/Pipeline/Pipeline.php(219): Illuminate/Http/Middleware/ValidatePostSize->handle(Object(Illuminate/Http/Request), Object(Closure))
#53 D:/KULIAH/BERAU COAL INTERN/logbook/vendor/laravel/framework/src/Illuminate/Foundation/Http/Middleware/PreventRequestsDuringMaintenance.php(109): Illuminate/Pipeline/Pipeline->Illuminate/Pipeline/{closure}(Object(Illuminate/Http/Request))
#54 D:/KULIAH/BERAU COAL INTERN/logbook/vendor/laravel/framework/src/Illuminate/Pipeline/Pipeline.php(219): Illuminate/Foundation/Http/Middleware/PreventRequestsDuringMaintenance->handle(Object(Illuminate/Http/Request), Object(Closure))
#55 D:/KULIAH/BERAU COAL INTERN/logbook/vendor/laravel/framework/src/Illuminate/Http/Middleware/HandleCors.php(61): Illuminate/Pipeline/Pipeline->Illuminate/Pipeline/{closure}(Object(Illuminate/Http/Request))
#56 D:/KULIAH/BERAU COAL INTERN/logbook/vendor/laravel/framework/src/Illuminate/Pipeline/Pipeline.php(219): Illuminate/Http/Middleware/HandleCors->handle(Object(Illuminate/Http/Request), Object(Closure))
#57 D:/KULIAH/BERAU COAL INTERN/logbook/vendor/laravel/framework/src/Illuminate/Http/Middleware/TrustProxies.php(58): Illuminate/Pipeline/Pipeline->Illuminate/Pipeline/{closure}(Object(Illuminate/Http/Request))
#58 D:/KULIAH/BERAU COAL INTERN/logbook/vendor/laravel/framework/src/Illuminate/Pipeline/Pipeline.php(219): Illuminate/Http/Middleware/TrustProxies->handle(Object(Illuminate/Http/Request), Object(Closure))
#59 D:/KULIAH/BERAU COAL INTERN/logbook/vendor/laravel/framework/src/Illuminate/Foundation/Http/Middleware/InvokeDeferredCallbacks.php(22): Illuminate/Pipeline/Pipeline->Illuminate/Pipeline/{closure}(Object(Illuminate/Http/Request))
#60 D:/KULIAH/BERAU COAL INTERN/logbook/vendor/laravel/framework/src/Illuminate/Pipeline/Pipeline.php(219): Illuminate/Foundation/Http/Middleware/InvokeDeferredCallbacks->handle(Object(Illuminate/Http/Request), Object(Closure))
#61 D:/KULIAH/BERAU COAL INTERN/logbook/vendor/laravel/framework/src/Illuminate/Http/Middleware/ValidatePathEncoding.php(26): Illuminate/Pipeline/Pipeline->Illuminate/Pipeline/{closure}(Object(Illuminate/Http/Request))
#62 D:/KULIAH/BERAU COAL INTERN/logbook/vendor/laravel/framework/src/Illuminate/Pipeline/Pipeline.php(219): Illuminate/Http/Middleware/ValidatePathEncoding->handle(Object(Illuminate/Http/Request), Object(Closure))
#63 D:/KULIAH/BERAU COAL INTERN/logbook/vendor/laravel/framework/src/Illuminate/Pipeline/Pipeline.php(137): Illuminate/Pipeline/Pipeline->Illuminate/Pipeline/{closure}(Object(Illuminate/Http/Request))
#64 D:/KULIAH/BERAU COAL INTERN/logbook/vendor/laravel/framework/src/Illuminate/Foundation/Http/Kernel.php(175): Illuminate/Pipeline/Pipeline->then(Object(Closure))
#65 D:/KULIAH/BERAU COAL INTERN/logbook/vendor/laravel/framework/src/Illuminate/Foundation/Http/Kernel.php(144): Illuminate/Foundation/Http/Kernel->sendRequestThroughRouter(Object(Illuminate/Http/Request))
#66 D:/KULIAH/BERAU COAL INTERN/logbook/public/index.php(13): Illuminate/Foundation/Http/Kernel->handle(Object(Illuminate/Http/Request))
#67 D:/KULIAH/BERAU COAL INTERN/logbook/vendor/laravel/framework/src/Illuminate/Foundation/resources/server.php(23): require_once('D://KULIAH//BERAU...')
#68 {main}

[previous exception] [object] (PDOException(code: HY000): SQLSTATE[HY000]: General error: 1 no such table: cache at D:/KULIAH/BERAU COAL INTERN/logbook/vendor/laravel/framework/src/Illuminate/Database/Connection.php:420)
[stacktrace]
#0 D:/KULIAH/BERAU COAL INTERN/logbook/vendor/laravel/framework/src/Illuminate/Database/Connection.php(420): PDO->prepare('select * from \"...')
#1 D:/KULIAH/BERAU COAL INTERN/logbook/vendor/laravel/framework/src/Illuminate/Database/Connection.php(827): Illuminate/Database/Connection->Illuminate/Database/{closure}('select * from \"...', Array)
#2 D:/KULIAH/BERAU COAL INTERN/logbook/vendor/laravel/framework/src/Illuminate/Database/Connection.php(794): Illuminate/Database/Connection->runQueryCallback('select * from \"...', Array, Object(Closure))
#3 D:/KULIAH/BERAU COAL INTERN/logbook/vendor/laravel/framework/src/Illuminate/Database/Connection.php(411): Illuminate/Database/Connection->run('select * from \"...', Array, Object(Closure))
#4 D:/KULIAH/BERAU COAL INTERN/logbook/vendor/laravel/framework/src/Illuminate/Database/Query/Builder.php(3505): Illuminate/Database/Connection->select('select * from \"...', Array, true)
#5 D:/KULIAH/BERAU COAL INTERN/logbook/vendor/laravel/framework/src/Illuminate/Database/Query/Builder.php(3490): Illuminate/Database/Query/Builder->runSelect()
#6 D:/KULIAH/BERAU COAL INTERN/logbook/vendor/laravel/framework/src/Illuminate/Database/Query/Builder.php(4080): Illuminate/Database/Query/Builder->Illuminate/Database/Query/{closure}()
#7 D:/KULIAH/BERAU COAL INTERN/logbook/vendor/laravel/framework/src/Illuminate/Database/Query/Builder.php(3489): Illuminate/Database/Query/Builder->onceWithColumns(Array, Object(Closure))
#8 D:/KULIAH/BERAU COAL INTERN/logbook/vendor/laravel/framework/src/Illuminate/Cache/DatabaseStore.php(140): Illuminate/Database/Query/Builder->get()
#9 D:/KULIAH/BERAU COAL INTERN/logbook/vendor/laravel/framework/src/Illuminate/Cache/DatabaseStore.php(115): Illuminate/Cache/DatabaseStore->many(Array)
#10 D:/KULIAH/BERAU COAL INTERN/logbook/vendor/laravel/framework/src/Illuminate/Cache/Repository.php(125): Illuminate/Cache/DatabaseStore->get('trainee@berauco...')
#11 D:/KULIAH/BERAU COAL INTERN/logbook/vendor/laravel/framework/src/Illuminate/Cache/RateLimiter.php(206): Illuminate/Cache/Repository->get('trainee@berauco...', 0)
#12 D:/KULIAH/BERAU COAL INTERN/logbook/vendor/laravel/framework/src/Illuminate/Cache/RateLimiter.php(300): Illuminate/Cache/RateLimiter->Illuminate/Cache/{closure}()
#13 D:/KULIAH/BERAU COAL INTERN/logbook/vendor/laravel/framework/src/Illuminate/Cache/RateLimiter.php(206): Illuminate/Cache/RateLimiter->withoutSerializationOrCompression(Object(Closure))
#14 D:/KULIAH/BERAU COAL INTERN/logbook/vendor/laravel/framework/src/Illuminate/Cache/RateLimiter.php(129): Illuminate/Cache/RateLimiter->attempts('trainee@berauco...')
#15 D:/KULIAH/BERAU COAL INTERN/logbook/vendor/laravel/framework/src/Illuminate/Support/Facades/Facade.php(363): Illuminate/Cache/RateLimiter->tooManyAttempts('trainee@berauco...', 5)
#16 D:/KULIAH/BERAU COAL INTERN/logbook/app/Http/Requests/Auth/LoginRequest.php(45): Illuminate/Support/Facades/Facade::__callStatic('tooManyAttempts', Array)
#17 D:/KULIAH/BERAU COAL INTERN/logbook/app/Http/Requests/Auth/LoginRequest.php(30): App/Http/Requests/Auth/LoginRequest->ensureIsNotRateLimited()
#18 D:/KULIAH/BERAU COAL INTERN/logbook/app/Http/Controllers/Auth/AuthenticatedSessionController.php(21): App/Http/Requests/Auth/LoginRequest->authenticate()
#19 D:/KULIAH/BERAU COAL INTERN/logbook/vendor/laravel/framework/src/Illuminate/Routing/Controller.php(54): App/Http/Controllers/Auth/AuthenticatedSessionController->store(Object(App/Http/Requests/Auth/LoginRequest))
#20 D:/KULIAH/BERAU COAL INTERN/logbook/vendor/laravel/framework/src/Illuminate/Routing/ControllerDispatcher.php(43): Illuminate/Routing/Controller->callAction('store', Array)
#21 D:/KULIAH/BERAU COAL INTERN/logbook/vendor/laravel/framework/src/Illuminate/Routing/Route.php(265): Illuminate/Routing/ControllerDispatcher->dispatch(Object(Illuminate/Routing/Route), Object(App/Http/Controllers/Auth/AuthenticatedSessionController), 'store')
#22 D:/KULIAH/BERAU COAL INTERN/logbook/vendor/laravel/framework/src/Illuminate/Routing/Route.php(211): Illuminate/Routing/Route->runController()
#23 D:/KULIAH/BERAU COAL INTERN/logbook/vendor/laravel/framework/src/Illuminate/Routing/Router.php(822): Illuminate/Routing/Route->run()
#24 D:/KULIAH/BERAU COAL INTERN/logbook/vendor/laravel/framework/src/Illuminate/Pipeline/Pipeline.php(180): Illuminate/Routing/Router->Illuminate/Routing/{closure}(Object(Illuminate/Http/Request))
#25 D:/KULIAH/BERAU COAL INTERN/logbook/vendor/laravel/framework/src/Illuminate/Auth/Middleware/RedirectIfAuthenticated.php(47): Illuminate/Pipeline/Pipeline->Illuminate/Pipeline/{closure}(Object(Illuminate/Http/Request))
#26 D:/KULIAH/BERAU COAL INTERN/logbook/vendor/laravel/framework/src/Illuminate/Pipeline/Pipeline.php(219): Illuminate/Auth/Middleware/RedirectIfAuthenticated->handle(Object(Illuminate/Http/Request), Object(Closure))
#27 D:/KULIAH/BERAU COAL INTERN/logbook/vendor/laravel/framework/src/Illuminate/Routing/Middleware/SubstituteBindings.php(50): Illuminate/Pipeline/Pipeline->Illuminate/Pipeline/{closure}(Object(Illuminate/Http/Request))
#28 D:/KULIAH/BERAU COAL INTERN/logbook/vendor/laravel/framework/src/Illuminate/Pipeline/Pipeline.php(219): Illuminate/Routing/Middleware/SubstituteBindings->handle(Object(Illuminate/Http/Request), Object(Closure))
#29 D:/KULIAH/BERAU COAL INTERN/logbook/vendor/laravel/framework/src/Illuminate/Foundation/Http/Middleware/VerifyCsrfToken.php(87): Illuminate/Pipeline/Pipeline->Illuminate/Pipeline/{closure}(Object(Illuminate/Http/Request))
#30 D:/KULIAH/BERAU COAL INTERN/logbook/vendor/laravel/framework/src/Illuminate/Pipeline/Pipeline.php(219): Illuminate/Foundation/Http/Middleware/VerifyCsrfToken->handle(Object(Illuminate/Http/Request), Object(Closure))
#31 D:/KULIAH/BERAU COAL INTERN/logbook/vendor/laravel/framework/src/Illuminate/View/Middleware/ShareErrorsFromSession.php(48): Illuminate/Pipeline/Pipeline->Illuminate/Pipeline/{closure}(Object(Illuminate/Http/Request))
#32 D:/KULIAH/BERAU COAL INTERN/logbook/vendor/laravel/framework/src/Illuminate/Pipeline/Pipeline.php(219): Illuminate/View/Middleware/ShareErrorsFromSession->handle(Object(Illuminate/Http/Request), Object(Closure))
#33 D:/KULIAH/BERAU COAL INTERN/logbook/vendor/laravel/framework/src/Illuminate/Session/Middleware/StartSession.php(120): Illuminate/Pipeline/Pipeline->Illuminate/Pipeline/{closure}(Object(Illuminate/Http/Request))
#34 D:/KULIAH/BERAU COAL INTERN/logbook/vendor/laravel/framework/src/Illuminate/Session/Middleware/StartSession.php(63): Illuminate/Session/Middleware/StartSession->handleStatefulRequest(Object(Illuminate/Http/Request), Object(Illuminate/Session/Store), Object(Closure))
#35 D:/KULIAH/BERAU COAL INTERN/logbook/vendor/laravel/framework/src/Illuminate/Pipeline/Pipeline.php(219): Illuminate/Session/Middleware/StartSession->handle(Object(Illuminate/Http/Request), Object(Closure))
#36 D:/KULIAH/BERAU COAL INTERN/logbook/vendor/laravel/framework/src/Illuminate/Cookie/Middleware/AddQueuedCookiesToResponse.php(36): Illuminate/Pipeline/Pipeline->Illuminate/Pipeline/{closure}(Object(Illuminate/Http/Request))
#37 D:/KULIAH/BERAU COAL INTERN/logbook/vendor/laravel/framework/src/Illuminate/Pipeline/Pipeline.php(219): Illuminate/Cookie/Middleware/AddQueuedCookiesToResponse->handle(Object(Illuminate/Http/Request), Object(Closure))
#38 D:/KULIAH/BERAU COAL INTERN/logbook/vendor/laravel/framework/src/Illuminate/Cookie/Middleware/EncryptCookies.php(74): Illuminate/Pipeline/Pipeline->Illuminate/Pipeline/{closure}(Object(Illuminate/Http/Request))
#39 D:/KULIAH/BERAU COAL INTERN/logbook/vendor/laravel/framework/src/Illuminate/Pipeline/Pipeline.php(219): Illuminate/Cookie/Middleware/EncryptCookies->handle(Object(Illuminate/Http/Request), Object(Closure))
#40 D:/KULIAH/BERAU COAL INTERN/logbook/vendor/laravel/framework/src/Illuminate/Pipeline/Pipeline.php(137): Illuminate/Pipeline/Pipeline->Illuminate/Pipeline/{closure}(Object(Illuminate/Http/Request))
#41 D:/KULIAH/BERAU COAL INTERN/logbook/vendor/laravel/framework/src/Illuminate/Routing/Router.php(821): Illuminate/Pipeline/Pipeline->then(Object(Closure))
#42 D:/KULIAH/BERAU COAL INTERN/logbook/vendor/laravel/framework/src/Illuminate/Routing/Router.php(800): Illuminate/Routing/Router->runRouteWithinStack(Object(Illuminate/Routing/Route), Object(Illuminate/Http/Request))
#43 D:/KULIAH/BERAU COAL INTERN/logbook/vendor/laravel/framework/src/Illuminate/Routing/Router.php(764): Illuminate/Routing/Router->runRoute(Object(Illuminate/Http/Request), Object(Illuminate/Routing/Route))
#44 D:/KULIAH/BERAU COAL INTERN/logbook/vendor/laravel/framework/src/Illuminate/Routing/Router.php(753): Illuminate/Routing/Router->dispatchToRoute(Object(Illuminate/Http/Request))
#45 D:/KULIAH/BERAU COAL INTERN/logbook/vendor/laravel/framework/src/Illuminate/Foundation/Http/Kernel.php(200): Illuminate/Routing/Router->dispatch(Object(Illuminate/Http/Request))
#46 D:/KULIAH/BERAU COAL INTERN/logbook/vendor/laravel/framework/src/Illuminate/Pipeline/Pipeline.php(180): Illuminate/Foundation/Http/Kernel->Illuminate/Foundation/Http/{closure}(Object(Illuminate/Http/Request))
#47 D:/KULIAH/BERAU COAL INTERN/logbook/vendor/laravel/framework/src/Illuminate/Foundation/Http/Middleware/TransformsRequest.php(21): Illuminate/Pipeline/Pipeline->Illuminate/Pipeline/{closure}(Object(Illuminate/Http/Request))
#48 D:/KULIAH/BERAU COAL INTERN/logbook/vendor/laravel/framework/src/Illuminate/Foundation/Http/Middleware/ConvertEmptyStringsToNull.php(31): Illuminate/Foundation/Http/Middleware/TransformsRequest->handle(Object(Illuminate/Http/Request), Object(Closure))
#49 D:/KULIAH/BERAU COAL INTERN/logbook/vendor/laravel/framework/src/Illuminate/Pipeline/Pipeline.php(219): Illuminate/Foundation/Http/Middleware/ConvertEmptyStringsToNull->handle(Object(Illuminate/Http/Request), Object(Closure))
#50 D:/KULIAH/BERAU COAL INTERN/logbook/vendor/laravel/framework/src/Illuminate/Foundation/Http/Middleware/TransformsRequest.php(21): Illuminate/Pipeline/Pipeline->Illuminate/Pipeline/{closure}(Object(Illuminate/Http/Request))
#51 D:/KULIAH/BERAU COAL INTERN/logbook/vendor/laravel/framework/src/Illuminate/Foundation/Http/Middleware/TrimStrings.php(51): Illuminate/Foundation/Http/Middleware/TransformsRequest->handle(Object(Illuminate/Http/Request), Object(Closure))
#52 D:/KULIAH/BERAU COAL INTERN/logbook/vendor/laravel/framework/src/Illuminate/Pipeline/Pipeline.php(219): Illuminate/Foundation/Http/Middleware/TrimStrings->handle(Object(Illuminate/Http/Request), Object(Closure))
#53 D:/KULIAH/BERAU COAL INTERN/logbook/vendor/laravel/framework/src/Illuminate/Http/Middleware/ValidatePostSize.php(27): Illuminate/Pipeline/Pipeline->Illuminate/Pipeline/{closure}(Object(Illuminate/Http/Request))
#54 D:/KULIAH/BERAU COAL INTERN/logbook/vendor/laravel/framework/src/Illuminate/Pipeline/Pipeline.php(219): Illuminate/Http/Middleware/ValidatePostSize->handle(Object(Illuminate/Http/Request), Object(Closure))
#55 D:/KULIAH/BERAU COAL INTERN/logbook/vendor/laravel/framework/src/Illuminate/Foundation/Http/Middleware/PreventRequestsDuringMaintenance.php(109): Illuminate/Pipeline/Pipeline->Illuminate/Pipeline/{closure}(Object(Illuminate/Http/Request))
#56 D:/KULIAH/BERAU COAL INTERN/logbook/vendor/laravel/framework/src/Illuminate/Pipeline/Pipeline.php(219): Illuminate/Foundation/Http/Middleware/PreventRequestsDuringMaintenance->handle(Object(Illuminate/Http/Request), Object(Closure))
#57 D:/KULIAH/BERAU COAL INTERN/logbook/vendor/laravel/framework/src/Illuminate/Http/Middleware/HandleCors.php(61): Illuminate/Pipeline/Pipeline->Illuminate/Pipeline/{closure}(Object(Illuminate/Http/Request))
#58 D:/KULIAH/BERAU COAL INTERN/logbook/vendor/laravel/framework/src/Illuminate/Pipeline/Pipeline.php(219): Illuminate/Http/Middleware/HandleCors->handle(Object(Illuminate/Http/Request), Object(Closure))
#59 D:/KULIAH/BERAU COAL INTERN/logbook/vendor/laravel/framework/src/Illuminate/Http/Middleware/TrustProxies.php(58): Illuminate/Pipeline/Pipeline->Illuminate/Pipeline/{closure}(Object(Illuminate/Http/Request))
#60 D:/KULIAH/BERAU COAL INTERN/logbook/vendor/laravel/framework/src/Illuminate/Pipeline/Pipeline.php(219): Illuminate/Http/Middleware/TrustProxies->handle(Object(Illuminate/Http/Request), Object(Closure))
#61 D:/KULIAH/BERAU COAL INTERN/logbook/vendor/laravel/framework/src/Illuminate/Foundation/Http/Middleware/InvokeDeferredCallbacks.php(22): Illuminate/Pipeline/Pipeline->Illuminate/Pipeline/{closure}(Object(Illuminate/Http/Request))
#62 D:/KULIAH/BERAU COAL INTERN/logbook/vendor/laravel/framework/src/Illuminate/Pipeline/Pipeline.php(219): Illuminate/Foundation/Http/Middleware/InvokeDeferredCallbacks->handle(Object(Illuminate/Http/Request), Object(Closure))
#63 D:/KULIAH/BERAU COAL INTERN/logbook/vendor/laravel/framework/src/Illuminate/Http/Middleware/ValidatePathEncoding.php(26): Illuminate/Pipeline/Pipeline->Illuminate/Pipeline/{closure}(Object(Illuminate/Http/Request))
#64 D:/KULIAH/BERAU COAL INTERN/logbook/vendor/laravel/framework/src/Illuminate/Pipeline/Pipeline.php(219): Illuminate/Http/Middleware/ValidatePathEncoding->handle(Object(Illuminate/Http/Request), Object(Closure))
#65 D:/KULIAH/BERAU COAL INTERN/logbook/vendor/laravel/framework/src/Illuminate/Pipeline/Pipeline.php(137): Illuminate/Pipeline/Pipeline->Illuminate/Pipeline/{closure}(Object(Illuminate/Http/Request))
#66 D:/KULIAH/BERAU COAL INTERN/logbook/vendor/laravel/framework/src/Illuminate/Foundation/Http/Kernel.php(175): Illuminate/Pipeline/Pipeline->then(Object(Closure))
#67 D:/KULIAH/BERAU COAL INTERN/logbook/vendor/laravel/framework/src/Illuminate/Foundation/Http/Kernel.php(144): Illuminate/Foundation/Http/Kernel->sendRequestThroughRouter(Object(Illuminate/Http/Request))
#68 D:/KULIAH/BERAU COAL INTERN/logbook/public/index.php(13): Illuminate/Foundation/Http/Kernel->handle(Object(Illuminate/Http/Request))
#69 D:/KULIAH/BERAU COAL INTERN/logbook/vendor/laravel/framework/src/Illuminate/Foundation/resources/server.php(23): require_once('D://KULIAH//BERAU...')
#70 {main}
"} 
[2026-08-06 11:33:36] local.ERROR: SQLSTATE[HY000]: General error: 1 no such table: cache (Connection: sqlite, Database: database/database.sqlite, SQL: select * from "cache" where "key" in (ojt_evaluation_competency_monitoring_system_cache_trainee@beraucoal.co.id|127.0.0.1)) {"exception":"[object] (Illuminate\\Database\\QueryException(code: HY000): SQLSTATE[HY000]: General error: 1 no such table: cache (Connection: sqlite, Database: database/database.sqlite, SQL: select * from \"cache\" where \"key\" in (ojt_evaluation_competency_monitoring_system_cache_trainee@beraucoal.co.id|127.0.0.1)) at D:/KULIAH/BERAU COAL INTERN/logbook/vendor/laravel/framework/src/Illuminate/Database/Connection.php:838)
[stacktrace]
#0 D:/KULIAH/BERAU COAL INTERN/logbook/vendor/laravel/framework/src/Illuminate/Database/Connection.php(794): Illuminate/Database/Connection->runQueryCallback('select * from \"...', Array, Object(Closure))
#1 D:/KULIAH/BERAU COAL INTERN/logbook/vendor/laravel/framework/src/Illuminate/Database/Connection.php(411): Illuminate/Database/Connection->run('select * from \"...', Array, Object(Closure))
#2 D:/KULIAH/BERAU COAL INTERN/logbook/vendor/laravel/framework/src/Illuminate/Database/Query/Builder.php(3505): Illuminate/Database/Connection->select('select * from \"...', Array, true)
#3 D:/KULIAH/BERAU COAL INTERN/logbook/vendor/laravel/framework/src/Illuminate/Database/Query/Builder.php(3490): Illuminate/Database/Query/Builder->runSelect()
#4 D:/KULIAH/BERAU COAL INTERN/logbook/vendor/laravel/framework/src/Illuminate/Database/Query/Builder.php(4080): Illuminate/Database/Query/Builder->Illuminate/Database/Query/{closure}()
#5 D:/KULIAH/BERAU COAL INTERN/logbook/vendor/laravel/framework/src/Illuminate/Database/Query/Builder.php(3489): Illuminate/Database/Query/Builder->onceWithColumns(Array, Object(Closure))
#6 D:/KULIAH/BERAU COAL INTERN/logbook/vendor/laravel/framework/src/Illuminate/Cache/DatabaseStore.php(140): Illuminate/Database/Query/Builder->get()
#7 D:/KULIAH/BERAU COAL INTERN/logbook/vendor/laravel/framework/src/Illuminate/Cache/DatabaseStore.php(115): Illuminate/Cache/DatabaseStore->many(Array)
#8 D:/KULIAH/BERAU COAL INTERN/logbook/vendor/laravel/framework/src/Illuminate/Cache/Repository.php(125): Illuminate/Cache/DatabaseStore->get('trainee@berauco...')
#9 D:/KULIAH/BERAU COAL INTERN/logbook/vendor/laravel/framework/src/Illuminate/Cache/RateLimiter.php(206): Illuminate/Cache/Repository->get('trainee@berauco...', 0)
#10 D:/KULIAH/BERAU COAL INTERN/logbook/vendor/laravel/framework/src/Illuminate/Cache/RateLimiter.php(300): Illuminate/Cache/RateLimiter->Illuminate/Cache/{closure}()
#11 D:/KULIAH/BERAU COAL INTERN/logbook/vendor/laravel/framework/src/Illuminate/Cache/RateLimiter.php(206): Illuminate/Cache/RateLimiter->withoutSerializationOrCompression(Object(Closure))
#12 D:/KULIAH/BERAU COAL INTERN/logbook/vendor/laravel/framework/src/Illuminate/Cache/RateLimiter.php(129): Illuminate/Cache/RateLimiter->attempts('trainee@berauco...')
#13 D:/KULIAH/BERAU COAL INTERN/logbook/vendor/laravel/framework/src/Illuminate/Support/Facades/Facade.php(363): Illuminate/Cache/RateLimiter->tooManyAttempts('trainee@berauco...', 5)
#14 D:/KULIAH/BERAU COAL INTERN/logbook/app/Http/Requests/Auth/LoginRequest.php(45): Illuminate/Support/Facades/Facade::__callStatic('tooManyAttempts', Array)
#15 D:/KULIAH/BERAU COAL INTERN/logbook/app/Http/Requests/Auth/LoginRequest.php(30): App/Http/Requests/Auth/LoginRequest->ensureIsNotRateLimited()
#16 D:/KULIAH/BERAU COAL INTERN/logbook/app/Http/Controllers/Auth/AuthenticatedSessionController.php(21): App/Http/Requests/Auth/LoginRequest->authenticate()
#17 D:/KULIAH/BERAU COAL INTERN/logbook/vendor/laravel/framework/src/Illuminate/Routing/Controller.php(54): App/Http/Controllers/Auth/AuthenticatedSessionController->store(Object(App/Http/Requests/Auth/LoginRequest))
#18 D:/KULIAH/BERAU COAL INTERN/logbook/vendor/laravel/framework/src/Illuminate/Routing/ControllerDispatcher.php(43): Illuminate/Routing/Controller->callAction('store', Array)
#19 D:/KULIAH/BERAU COAL INTERN/logbook/vendor/laravel/framework/src/Illuminate/Routing/Route.php(265): Illuminate/Routing/ControllerDispatcher->dispatch(Object(Illuminate/Routing/Route), Object(App/Http/Controllers/Auth/AuthenticatedSessionController), 'store')
#20 D:/KULIAH/BERAU COAL INTERN/logbook/vendor/laravel/framework/src/Illuminate/Routing/Route.php(211): Illuminate/Routing/Route->runController()
#21 D:/KULIAH/BERAU COAL INTERN/logbook/vendor/laravel/framework/src/Illuminate/Routing/Router.php(822): Illuminate/Routing/Route->run()
#22 D:/KULIAH/BERAU COAL INTERN/logbook/vendor/laravel/framework/src/Illuminate/Pipeline/Pipeline.php(180): Illuminate/Routing/Router->Illuminate/Routing/{closure}(Object(Illuminate/Http/Request))
#23 D:/KULIAH/BERAU COAL INTERN/logbook/vendor/laravel/framework/src/Illuminate/Auth/Middleware/RedirectIfAuthenticated.php(47): Illuminate/Pipeline/Pipeline->Illuminate/Pipeline/{closure}(Object(Illuminate/Http/Request))
#24 D:/KULIAH/BERAU COAL INTERN/logbook/vendor/laravel/framework/src/Illuminate/Pipeline/Pipeline.php(219): Illuminate/Auth/Middleware/RedirectIfAuthenticated->handle(Object(Illuminate/Http/Request), Object(Closure))
#25 D:/KULIAH/BERAU COAL INTERN/logbook/vendor/laravel/framework/src/Illuminate/Routing/Middleware/SubstituteBindings.php(50): Illuminate/Pipeline/Pipeline->Illuminate/Pipeline/{closure}(Object(Illuminate/Http/Request))
#26 D:/KULIAH/BERAU COAL INTERN/logbook/vendor/laravel/framework/src/Illuminate/Pipeline/Pipeline.php(219): Illuminate/Routing/Middleware/SubstituteBindings->handle(Object(Illuminate/Http/Request), Object(Closure))
#27 D:/KULIAH/BERAU COAL INTERN/logbook/vendor/laravel/framework/src/Illuminate/Foundation/Http/Middleware/VerifyCsrfToken.php(87): Illuminate/Pipeline/Pipeline->Illuminate/Pipeline/{closure}(Object(Illuminate/Http/Request))
#28 D:/KULIAH/BERAU COAL INTERN/logbook/vendor/laravel/framework/src/Illuminate/Pipeline/Pipeline.php(219): Illuminate/Foundation/Http/Middleware/VerifyCsrfToken->handle(Object(Illuminate/Http/Request), Object(Closure))
#29 D:/KULIAH/BERAU COAL INTERN/logbook/vendor/laravel/framework/src/Illuminate/View/Middleware/ShareErrorsFromSession.php(48): Illuminate/Pipeline/Pipeline->Illuminate/Pipeline/{closure}(Object(Illuminate/Http/Request))
#30 D:/KULIAH/BERAU COAL INTERN/logbook/vendor/laravel/framework/src/Illuminate/Pipeline/Pipeline.php(219): Illuminate/View/Middleware/ShareErrorsFromSession->handle(Object(Illuminate/Http/Request), Object(Closure))
#31 D:/KULIAH/BERAU COAL INTERN/logbook/vendor/laravel/framework/src/Illuminate/Session/Middleware/StartSession.php(120): Illuminate/Pipeline/Pipeline->Illuminate/Pipeline/{closure}(Object(Illuminate/Http/Request))
#32 D:/KULIAH/BERAU COAL INTERN/logbook/vendor/laravel/framework/src/Illuminate/Session/Middleware/StartSession.php(63): Illuminate/Session/Middleware/StartSession->handleStatefulRequest(Object(Illuminate/Http/Request), Object(Illuminate/Session/Store), Object(Closure))
#33 D:/KULIAH/BERAU COAL INTERN/logbook/vendor/laravel/framework/src/Illuminate/Pipeline/Pipeline.php(219): Illuminate/Session/Middleware/StartSession->handle(Object(Illuminate/Http/Request), Object(Closure))
#34 D:/KULIAH/BERAU COAL INTERN/logbook/vendor/laravel/framework/src/Illuminate/Cookie/Middleware/AddQueuedCookiesToResponse.php(36): Illuminate/Pipeline/Pipeline->Illuminate/Pipeline/{closure}(Object(Illuminate/Http/Request))
#35 D:/KULIAH/BERAU COAL INTERN/logbook/vendor/laravel/framework/src/Illuminate/Pipeline/Pipeline.php(219): Illuminate/Cookie/Middleware/AddQueuedCookiesToResponse->handle(Object(Illuminate/Http/Request), Object(Closure))
#36 D:/KULIAH/BERAU COAL INTERN/logbook/vendor/laravel/framework/src/Illuminate/Cookie/Middleware/EncryptCookies.php(74): Illuminate/Pipeline/Pipeline->Illuminate/Pipeline/{closure}(Object(Illuminate/Http/Request))
#37 D:/KULIAH/BERAU COAL INTERN/logbook/vendor/laravel/framework/src/Illuminate/Pipeline/Pipeline.php(219): Illuminate/Cookie/Middleware/EncryptCookies->handle(Object(Illuminate/Http/Request), Object(Closure))
#38 D:/KULIAH/BERAU COAL INTERN/logbook/vendor/laravel/framework/src/Illuminate/Pipeline/Pipeline.php(137): Illuminate/Pipeline/Pipeline->Illuminate/Pipeline/{closure}(Object(Illuminate/Http/Request))
#39 D:/KULIAH/BERAU COAL INTERN/logbook/vendor/laravel/framework/src/Illuminate/Routing/Router.php(821): Illuminate/Pipeline/Pipeline->then(Object(Closure))
#40 D:/KULIAH/BERAU COAL INTERN/logbook/vendor/laravel/framework/src/Illuminate/Routing/Router.php(800): Illuminate/Routing/Router->runRouteWithinStack(Object(Illuminate/Routing/Route), Object(Illuminate/Http/Request))
#41 D:/KULIAH/BERAU COAL INTERN/logbook/vendor/laravel/framework/src/Illuminate/Routing/Router.php(764): Illuminate/Routing/Router->runRoute(Object(Illuminate/Http/Request), Object(Illuminate/Routing/Route))
#42 D:/KULIAH/BERAU COAL INTERN/logbook/vendor/laravel/framework/src/Illuminate/Routing/Router.php(753): Illuminate/Routing/Router->dispatchToRoute(Object(Illuminate/Http/Request))
#43 D:/KULIAH/BERAU COAL INTERN/logbook/vendor/laravel/framework/src/Illuminate/Foundation/Http/Kernel.php(200): Illuminate/Routing/Router->dispatch(Object(Illuminate/Http/Request))
#44 D:/KULIAH/BERAU COAL INTERN/logbook/vendor/laravel/framework/src/Illuminate/Pipeline/Pipeline.php(180): Illuminate/Foundation/Http/Kernel->Illuminate/Foundation/Http/{closure}(Object(Illuminate/Http/Request))
#45 D:/KULIAH/BERAU COAL INTERN/logbook/vendor/laravel/framework/src/Illuminate/Foundation/Http/Middleware/TransformsRequest.php(21): Illuminate/Pipeline/Pipeline->Illuminate/Pipeline/{closure}(Object(Illuminate/Http/Request))
#46 D:/KULIAH/BERAU COAL INTERN/logbook/vendor/laravel/framework/src/Illuminate/Foundation/Http/Middleware/ConvertEmptyStringsToNull.php(31): Illuminate/Foundation/Http/Middleware/TransformsRequest->handle(Object(Illuminate/Http/Request), Object(Closure))
#47 D:/KULIAH/BERAU COAL INTERN/logbook/vendor/laravel/framework/src/Illuminate/Pipeline/Pipeline.php(219): Illuminate/Foundation/Http/Middleware/ConvertEmptyStringsToNull->handle(Object(Illuminate/Http/Request), Object(Closure))
#48 D:/KULIAH/BERAU COAL INTERN/logbook/vendor/laravel/framework/src/Illuminate/Foundation/Http/Middleware/TransformsRequest.php(21): Illuminate/Pipeline/Pipeline->Illuminate/Pipeline/{closure}(Object(Illuminate/Http/Request))
#49 D:/KULIAH/BERAU COAL INTERN/logbook/vendor/laravel/framework/src/Illuminate/Foundation/Http/Middleware/TrimStrings.php(51): Illuminate/Foundation/Http/Middleware/TransformsRequest->handle(Object(Illuminate/Http/Request), Object(Closure))
#50 D:/KULIAH/BERAU COAL INTERN/logbook/vendor/laravel/framework/src/Illuminate/Pipeline/Pipeline.php(219): Illuminate/Foundation/Http/Middleware/TrimStrings->handle(Object(Illuminate/Http/Request), Object(Closure))
#51 D:/KULIAH/BERAU COAL INTERN/logbook/vendor/laravel/framework/src/Illuminate/Http/Middleware/ValidatePostSize.php(27): Illuminate/Pipeline/Pipeline->Illuminate/Pipeline/{closure}(Object(Illuminate/Http/Request))
#52 D:/KULIAH/BERAU COAL INTERN/logbook/vendor/laravel/framework/src/Illuminate/Pipeline/Pipeline.php(219): Illuminate/Http/Middleware/ValidatePostSize->handle(Object(Illuminate/Http/Request), Object(Closure))
#53 D:/KULIAH/BERAU COAL INTERN/logbook/vendor/laravel/framework/src/Illuminate/Foundation/Http/Middleware/PreventRequestsDuringMaintenance.php(109): Illuminate/Pipeline/Pipeline->Illuminate/Pipeline/{closure}(Object(Illuminate/Http/Request))
#54 D:/KULIAH/BERAU COAL INTERN/logbook/vendor/laravel/framework/src/Illuminate/Pipeline/Pipeline.php(219): Illuminate/Foundation/Http/Middleware/PreventRequestsDuringMaintenance->handle(Object(Illuminate/Http/Request), Object(Closure))
#55 D:/KULIAH/BERAU COAL INTERN/logbook/vendor/laravel/framework/src/Illuminate/Http/Middleware/HandleCors.php(61): Illuminate/Pipeline/Pipeline->Illuminate/Pipeline/{closure}(Object(Illuminate/Http/Request))
#56 D:/KULIAH/BERAU COAL INTERN/logbook/vendor/laravel/framework/src/Illuminate/Pipeline/Pipeline.php(219): Illuminate/Http/Middleware/HandleCors->handle(Object(Illuminate/Http/Request), Object(Closure))
#57 D:/KULIAH/BERAU COAL INTERN/logbook/vendor/laravel/framework/src/Illuminate/Http/Middleware/TrustProxies.php(58): Illuminate/Pipeline/Pipeline->Illuminate/Pipeline/{closure}(Object(Illuminate/Http/Request))
#58 D:/KULIAH/BERAU COAL INTERN/logbook/vendor/laravel/framework/src/Illuminate/Pipeline/Pipeline.php(219): Illuminate/Http/Middleware/TrustProxies->handle(Object(Illuminate/Http/Request), Object(Closure))
#59 D:/KULIAH/BERAU COAL INTERN/logbook/vendor/laravel/framework/src/Illuminate/Foundation/Http/Middleware/InvokeDeferredCallbacks.php(22): Illuminate/Pipeline/Pipeline->Illuminate/Pipeline/{closure}(Object(Illuminate/Http/Request))
#60 D:/KULIAH/BERAU COAL INTERN/logbook/vendor/laravel/framework/src/Illuminate/Pipeline/Pipeline.php(219): Illuminate/Foundation/Http/Middleware/InvokeDeferredCallbacks->handle(Object(Illuminate/Http/Request), Object(Closure))
#61 D:/KULIAH/BERAU COAL INTERN/logbook/vendor/laravel/framework/src/Illuminate/Http/Middleware/ValidatePathEncoding.php(26): Illuminate/Pipeline/Pipeline->Illuminate/Pipeline/{closure}(Object(Illuminate/Http/Request))
#62 D:/KULIAH/BERAU COAL INTERN/logbook/vendor/laravel/framework/src/Illuminate/Pipeline/Pipeline.php(219): Illuminate/Http/Middleware/ValidatePathEncoding->handle(Object(Illuminate/Http/Request), Object(Closure))
#63 D:/KULIAH/BERAU COAL INTERN/logbook/vendor/laravel/framework/src/Illuminate/Pipeline/Pipeline.php(137): Illuminate/Pipeline/Pipeline->Illuminate/Pipeline/{closure}(Object(Illuminate/Http/Request))
#64 D:/KULIAH/BERAU COAL INTERN/logbook/vendor/laravel/framework/src/Illuminate/Foundation/Http/Kernel.php(175): Illuminate/Pipeline/Pipeline->then(Object(Closure))
#65 D:/KULIAH/BERAU COAL INTERN/logbook/vendor/laravel/framework/src/Illuminate/Foundation/Http/Kernel.php(144): Illuminate/Foundation/Http/Kernel->sendRequestThroughRouter(Object(Illuminate/Http/Request))
#66 D:/KULIAH/BERAU COAL INTERN/logbook/public/index.php(13): Illuminate/Foundation/Http/Kernel->handle(Object(Illuminate/Http/Request))
#67 D:/KULIAH/BERAU COAL INTERN/logbook/vendor/laravel/framework/src/Illuminate/Foundation/resources/server.php(23): require_once('D://KULIAH//BERAU...')
#68 {main}

[previous exception] [object] (PDOException(code: HY000): SQLSTATE[HY000]: General error: 1 no such table: cache at D:/KULIAH/BERAU COAL INTERN/logbook/vendor/laravel/framework/src/Illuminate/Database/Connection.php:420)
[stacktrace]
#0 D:/KULIAH/BERAU COAL INTERN/logbook/vendor/laravel/framework/src/Illuminate/Database/Connection.php(420): PDO->prepare('select * from \"...')
#1 D:/KULIAH/BERAU COAL INTERN/logbook/vendor/laravel/framework/src/Illuminate/Database/Connection.php(827): Illuminate/Database/Connection->Illuminate/Database/{closure}('select * from \"...', Array)
#2 D:/KULIAH/BERAU COAL INTERN/logbook/vendor/laravel/framework/src/Illuminate/Database/Connection.php(794): Illuminate/Database/Connection->runQueryCallback('select * from \"...', Array, Object(Closure))
#3 D:/KULIAH/BERAU COAL INTERN/logbook/vendor/laravel/framework/src/Illuminate/Database/Connection.php(411): Illuminate/Database/Connection->run('select * from \"...', Array, Object(Closure))
#4 D:/KULIAH/BERAU COAL INTERN/logbook/vendor/laravel/framework/src/Illuminate/Database/Query/Builder.php(3505): Illuminate/Database/Connection->select('select * from \"...', Array, true)
#5 D:/KULIAH/BERAU COAL INTERN/logbook/vendor/laravel/framework/src/Illuminate/Database/Query/Builder.php(3490): Illuminate/Database/Query/Builder->runSelect()
#6 D:/KULIAH/BERAU COAL INTERN/logbook/vendor/laravel/framework/src/Illuminate/Database/Query/Builder.php(4080): Illuminate/Database/Query/Builder->Illuminate/Database/Query/{closure}()
#7 D:/KULIAH/BERAU COAL INTERN/logbook/vendor/laravel/framework/src/Illuminate/Database/Query/Builder.php(3489): Illuminate/Database/Query/Builder->onceWithColumns(Array, Object(Closure))
#8 D:/KULIAH/BERAU COAL INTERN/logbook/vendor/laravel/framework/src/Illuminate/Cache/DatabaseStore.php(140): Illuminate/Database/Query/Builder->get()
#9 D:/KULIAH/BERAU COAL INTERN/logbook/vendor/laravel/framework/src/Illuminate/Cache/DatabaseStore.php(115): Illuminate/Cache/DatabaseStore->many(Array)
#10 D:/KULIAH/BERAU COAL INTERN/logbook/vendor/laravel/framework/src/Illuminate/Cache/Repository.php(125): Illuminate/Cache/DatabaseStore->get('trainee@berauco...')
#11 D:/KULIAH/BERAU COAL INTERN/logbook/vendor/laravel/framework/src/Illuminate/Cache/RateLimiter.php(206): Illuminate/Cache/Repository->get('trainee@berauco...', 0)
#12 D:/KULIAH/BERAU COAL INTERN/logbook/vendor/laravel/framework/src/Illuminate/Cache/RateLimiter.php(300): Illuminate/Cache/RateLimiter->Illuminate/Cache/{closure}()
#13 D:/KULIAH/BERAU COAL INTERN/logbook/vendor/laravel/framework/src/Illuminate/Cache/RateLimiter.php(206): Illuminate/Cache/RateLimiter->withoutSerializationOrCompression(Object(Closure))
#14 D:/KULIAH/BERAU COAL INTERN/logbook/vendor/laravel/framework/src/Illuminate/Cache/RateLimiter.php(129): Illuminate/Cache/RateLimiter->attempts('trainee@berauco...')
#15 D:/KULIAH/BERAU COAL INTERN/logbook/vendor/laravel/framework/src/Illuminate/Support/Facades/Facade.php(363): Illuminate/Cache/RateLimiter->tooManyAttempts('trainee@berauco...', 5)
#16 D:/KULIAH/BERAU COAL INTERN/logbook/app/Http/Requests/Auth/LoginRequest.php(45): Illuminate/Support/Facades/Facade::__callStatic('tooManyAttempts', Array)
#17 D:/KULIAH/BERAU COAL INTERN/logbook/app/Http/Requests/Auth/LoginRequest.php(30): App/Http/Requests/Auth/LoginRequest->ensureIsNotRateLimited()
#18 D:/KULIAH/BERAU COAL INTERN/logbook/app/Http/Controllers/Auth/AuthenticatedSessionController.php(21): App/Http/Requests/Auth/LoginRequest->authenticate()
#19 D:/KULIAH/BERAU COAL INTERN/logbook/vendor/laravel/framework/src/Illuminate/Routing/Controller.php(54): App/Http/Controllers/Auth/AuthenticatedSessionController->store(Object(App/Http/Requests/Auth/LoginRequest))
#20 D:/KULIAH/BERAU COAL INTERN/logbook/vendor/laravel/framework/src/Illuminate/Routing/ControllerDispatcher.php(43): Illuminate/Routing/Controller->callAction('store', Array)
#21 D:/KULIAH/BERAU COAL INTERN/logbook/vendor/laravel/framework/src/Illuminate/Routing/Route.php(265): Illuminate/Routing/ControllerDispatcher->dispatch(Object(Illuminate/Routing/Route), Object(App/Http/Controllers/Auth/AuthenticatedSessionController), 'store')
#22 D:/KULIAH/BERAU COAL INTERN/logbook/vendor/laravel/framework/src/Illuminate/Routing/Route.php(211): Illuminate/Routing/Route->runController()
#23 D:/KULIAH/BERAU COAL INTERN/logbook/vendor/laravel/framework/src/Illuminate/Routing/Router.php(822): Illuminate/Routing/Route->run()
#24 D:/KULIAH/BERAU COAL INTERN/logbook/vendor/laravel/framework/src/Illuminate/Pipeline/Pipeline.php(180): Illuminate/Routing/Router->Illuminate/Routing/{closure}(Object(Illuminate/Http/Request))
#25 D:/KULIAH/BERAU COAL INTERN/logbook/vendor/laravel/framework/src/Illuminate/Auth/Middleware/RedirectIfAuthenticated.php(47): Illuminate/Pipeline/Pipeline->Illuminate/Pipeline/{closure}(Object(Illuminate/Http/Request))
#26 D:/KULIAH/BERAU COAL INTERN/logbook/vendor/laravel/framework/src/Illuminate/Pipeline/Pipeline.php(219): Illuminate/Auth/Middleware/RedirectIfAuthenticated->handle(Object(Illuminate/Http/Request), Object(Closure))
#27 D:/KULIAH/BERAU COAL INTERN/logbook/vendor/laravel/framework/src/Illuminate/Routing/Middleware/SubstituteBindings.php(50): Illuminate/Pipeline/Pipeline->Illuminate/Pipeline/{closure}(Object(Illuminate/Http/Request))
#28 D:/KULIAH/BERAU COAL INTERN/logbook/vendor/laravel/framework/src/Illuminate/Pipeline/Pipeline.php(219): Illuminate/Routing/Middleware/SubstituteBindings->handle(Object(Illuminate/Http/Request), Object(Closure))
#29 D:/KULIAH/BERAU COAL INTERN/logbook/vendor/laravel/framework/src/Illuminate/Foundation/Http/Middleware/VerifyCsrfToken.php(87): Illuminate/Pipeline/Pipeline->Illuminate/Pipeline/{closure}(Object(Illuminate/Http/Request))
#30 D:/KULIAH/BERAU COAL INTERN/logbook/vendor/laravel/framework/src/Illuminate/Pipeline/Pipeline.php(219): Illuminate/Foundation/Http/Middleware/VerifyCsrfToken->handle(Object(Illuminate/Http/Request), Object(Closure))
#31 D:/KULIAH/BERAU COAL INTERN/logbook/vendor/laravel/framework/src/Illuminate/View/Middleware/ShareErrorsFromSession.php(48): Illuminate/Pipeline/Pipeline->Illuminate/Pipeline/{closure}(Object(Illuminate/Http/Request))
#32 D:/KULIAH/BERAU COAL INTERN/logbook/vendor/laravel/framework/src/Illuminate/Pipeline/Pipeline.php(219): Illuminate/View/Middleware/ShareErrorsFromSession->handle(Object(Illuminate/Http/Request), Object(Closure))
#33 D:/KULIAH/BERAU COAL INTERN/logbook/vendor/laravel/framework/src/Illuminate/Session/Middleware/StartSession.php(120): Illuminate/Pipeline/Pipeline->Illuminate/Pipeline/{closure}(Object(Illuminate/Http/Request))
#34 D:/KULIAH/BERAU COAL INTERN/logbook/vendor/laravel/framework/src/Illuminate/Session/Middleware/StartSession.php(63): Illuminate/Session/Middleware/StartSession->handleStatefulRequest(Object(Illuminate/Http/Request), Object(Illuminate/Session/Store), Object(Closure))
#35 D:/KULIAH/BERAU COAL INTERN/logbook/vendor/laravel/framework/src/Illuminate/Pipeline/Pipeline.php(219): Illuminate/Session/Middleware/StartSession->handle(Object(Illuminate/Http/Request), Object(Closure))
#36 D:/KULIAH/BERAU COAL INTERN/logbook/vendor/laravel/framework/src/Illuminate/Cookie/Middleware/AddQueuedCookiesToResponse.php(36): Illuminate/Pipeline/Pipeline->Illuminate/Pipeline/{closure}(Object(Illuminate/Http/Request))
#37 D:/KULIAH/BERAU COAL INTERN/logbook/vendor/laravel/framework/src/Illuminate/Pipeline/Pipeline.php(219): Illuminate/Cookie/Middleware/AddQueuedCookiesToResponse->handle(Object(Illuminate/Http/Request), Object(Closure))
#38 D:/KULIAH/BERAU COAL INTERN/logbook/vendor/laravel/framework/src/Illuminate/Cookie/Middleware/EncryptCookies.php(74): Illuminate/Pipeline/Pipeline->Illuminate/Pipeline/{closure}(Object(Illuminate/Http/Request))
#39 D:/KULIAH/BERAU COAL INTERN/logbook/vendor/laravel/framework/src/Illuminate/Pipeline/Pipeline.php(219): Illuminate/Cookie/Middleware/EncryptCookies->handle(Object(Illuminate/Http/Request), Object(Closure))
#40 D:/KULIAH/BERAU COAL INTERN/logbook/vendor/laravel/framework/src/Illuminate/Pipeline/Pipeline.php(137): Illuminate/Pipeline/Pipeline->Illuminate/Pipeline/{closure}(Object(Illuminate/Http/Request))
#41 D:/KULIAH/BERAU COAL INTERN/logbook/vendor/laravel/framework/src/Illuminate/Routing/Router.php(821): Illuminate/Pipeline/Pipeline->then(Object(Closure))
#42 D:/KULIAH/BERAU COAL INTERN/logbook/vendor/laravel/framework/src/Illuminate/Routing/Router.php(800): Illuminate/Routing/Router->runRouteWithinStack(Object(Illuminate/Routing/Route), Object(Illuminate/Http/Request))
#43 D:/KULIAH/BERAU COAL INTERN/logbook/vendor/laravel/framework/src/Illuminate/Routing/Router.php(764): Illuminate/Routing/Router->runRoute(Object(Illuminate/Http/Request), Object(Illuminate/Routing/Route))
#44 D:/KULIAH/BERAU COAL INTERN/logbook/vendor/laravel/framework/src/Illuminate/Routing/Router.php(753): Illuminate/Routing/Router->dispatchToRoute(Object(Illuminate/Http/Request))
#45 D:/KULIAH/BERAU COAL INTERN/logbook/vendor/laravel/framework/src/Illuminate/Foundation/Http/Kernel.php(200): Illuminate/Routing/Router->dispatch(Object(Illuminate/Http/Request))
#46 D:/KULIAH/BERAU COAL INTERN/logbook/vendor/laravel/framework/src/Illuminate/Pipeline/Pipeline.php(180): Illuminate/Foundation/Http/Kernel->Illuminate/Foundation/Http/{closure}(Object(Illuminate/Http/Request))
#47 D:/KULIAH/BERAU COAL INTERN/logbook/vendor/laravel/framework/src/Illuminate/Foundation/Http/Middleware/TransformsRequest.php(21): Illuminate/Pipeline/Pipeline->Illuminate/Pipeline/{closure}(Object(Illuminate/Http/Request))
#48 D:/KULIAH/BERAU COAL INTERN/logbook/vendor/laravel/framework/src/Illuminate/Foundation/Http/Middleware/ConvertEmptyStringsToNull.php(31): Illuminate/Foundation/Http/Middleware/TransformsRequest->handle(Object(Illuminate/Http/Request), Object(Closure))
#49 D:/KULIAH/BERAU COAL INTERN/logbook/vendor/laravel/framework/src/Illuminate/Pipeline/Pipeline.php(219): Illuminate/Foundation/Http/Middleware/ConvertEmptyStringsToNull->handle(Object(Illuminate/Http/Request), Object(Closure))
#50 D:/KULIAH/BERAU COAL INTERN/logbook/vendor/laravel/framework/src/Illuminate/Foundation/Http/Middleware/TransformsRequest.php(21): Illuminate/Pipeline/Pipeline->Illuminate/Pipeline/{closure}(Object(Illuminate/Http/Request))
#51 D:/KULIAH/BERAU COAL INTERN/logbook/vendor/laravel/framework/src/Illuminate/Foundation/Http/Middleware/TrimStrings.php(51): Illuminate/Foundation/Http/Middleware/TransformsRequest->handle(Object(Illuminate/Http/Request), Object(Closure))
#52 D:/KULIAH/BERAU COAL INTERN/logbook/vendor/laravel/framework/src/Illuminate/Pipeline/Pipeline.php(219): Illuminate/Foundation/Http/Middleware/TrimStrings->handle(Object(Illuminate/Http/Request), Object(Closure))
#53 D:/KULIAH/BERAU COAL INTERN/logbook/vendor/laravel/framework/src/Illuminate/Http/Middleware/ValidatePostSize.php(27): Illuminate/Pipeline/Pipeline->Illuminate/Pipeline/{closure}(Object(Illuminate/Http/Request))
#54 D:/KULIAH/BERAU COAL INTERN/logbook/vendor/laravel/framework/src/Illuminate/Pipeline/Pipeline.php(219): Illuminate/Http/Middleware/ValidatePostSize->handle(Object(Illuminate/Http/Request), Object(Closure))
#55 D:/KULIAH/BERAU COAL INTERN/logbook/vendor/laravel/framework/src/Illuminate/Foundation/Http/Middleware/PreventRequestsDuringMaintenance.php(109): Illuminate/Pipeline/Pipeline->Illuminate/Pipeline/{closure}(Object(Illuminate/Http/Request))
#56 D:/KULIAH/BERAU COAL INTERN/logbook/vendor/laravel/framework/src/Illuminate/Pipeline/Pipeline.php(219): Illuminate/Foundation/Http/Middleware/PreventRequestsDuringMaintenance->handle(Object(Illuminate/Http/Request), Object(Closure))
#57 D:/KULIAH/BERAU COAL INTERN/logbook/vendor/laravel/framework/src/Illuminate/Http/Middleware/HandleCors.php(61): Illuminate/Pipeline/Pipeline->Illuminate/Pipeline/{closure}(Object(Illuminate/Http/Request))
#58 D:/KULIAH/BERAU COAL INTERN/logbook/vendor/laravel/framework/src/Illuminate/Pipeline/Pipeline.php(219): Illuminate/Http/Middleware/HandleCors->handle(Object(Illuminate/Http/Request), Object(Closure))
#59 D:/KULIAH/BERAU COAL INTERN/logbook/vendor/laravel/framework/src/Illuminate/Http/Middleware/TrustProxies.php(58): Illuminate/Pipeline/Pipeline->Illuminate/Pipeline/{closure}(Object(Illuminate/Http/Request))
#60 D:/KULIAH/BERAU COAL INTERN/logbook/vendor/laravel/framework/src/Illuminate/Pipeline/Pipeline.php(219): Illuminate/Http/Middleware/TrustProxies->handle(Object(Illuminate/Http/Request), Object(Closure))
#61 D:/KULIAH/BERAU COAL INTERN/logbook/vendor/laravel/framework/src/Illuminate/Foundation/Http/Middleware/InvokeDeferredCallbacks.php(22): Illuminate/Pipeline/Pipeline->Illuminate/Pipeline/{closure}(Object(Illuminate/Http/Request))
#62 D:/KULIAH/BERAU COAL INTERN/logbook/vendor/laravel/framework/src/Illuminate/Pipeline/Pipeline.php(219): Illuminate/Foundation/Http/Middleware/InvokeDeferredCallbacks->handle(Object(Illuminate/Http/Request), Object(Closure))
#63 D:/KULIAH/BERAU COAL INTERN/logbook/vendor/laravel/framework/src/Illuminate/Http/Middleware/ValidatePathEncoding.php(26): Illuminate/Pipeline/Pipeline->Illuminate/Pipeline/{closure}(Object(Illuminate/Http/Request))
#64 D:/KULIAH/BERAU COAL INTERN/logbook/vendor/laravel/framework/src/Illuminate/Pipeline/Pipeline.php(219): Illuminate/Http/Middleware/ValidatePathEncoding->handle(Object(Illuminate/Http/Request), Object(Closure))
#65 D:/KULIAH/BERAU COAL INTERN/logbook/vendor/laravel/framework/src/Illuminate/Pipeline/Pipeline.php(137): Illuminate/Pipeline/Pipeline->Illuminate/Pipeline/{closure}(Object(Illuminate/Http/Request))
#66 D:/KULIAH/BERAU COAL INTERN/logbook/vendor/laravel/framework/src/Illuminate/Foundation/Http/Kernel.php(175): Illuminate/Pipeline/Pipeline->then(Object(Closure))
#67 D:/KULIAH/BERAU COAL INTERN/logbook/vendor/laravel/framework/src/Illuminate/Foundation/Http/Kernel.php(144): Illuminate/Foundation/Http/Kernel->sendRequestThroughRouter(Object(Illuminate/Http/Request))
#68 D:/KULIAH/BERAU COAL INTERN/logbook/public/index.php(13): Illuminate/Foundation/Http/Kernel->handle(Object(Illuminate/Http/Request))
#69 D:/KULIAH/BERAU COAL INTERN/logbook/vendor/laravel/framework/src/Illuminate/Foundation/resources/server.php(23): require_once('D://KULIAH//BERAU...')
#70 {main}
"} 
[2026-08-06 11:34:26] local.ERROR: Writing to C:/Users/Ibnu Zaky F/AppData/Roaming/PsySH/psysh_history is not allowed. {"exception":"[object] (ErrorException(code: 0): Writing to C:/Users/Ibnu Zaky F/AppData/Roaming/PsySH/psysh_history is not allowed. at D:/KULIAH/BERAU COAL INTERN/logbook/vendor/psy/psysh/src/ConfigPaths.php:480)
[stacktrace]
#0 D:/KULIAH/BERAU COAL INTERN/logbook/vendor/laravel/framework/src/Illuminate/Foundation/Bootstrap/HandleExceptions.php(262): Illuminate/Foundation/Bootstrap/HandleExceptions->handleError(1024, 'Writing to C:/U...', 'D://KULIAH//BERAU...', 480)
#1 [internal function]: Illuminate/Foundation/Bootstrap/HandleExceptions->Illuminate/Foundation/Bootstrap/{closure}(1024, 'Writing to C:/U...', 'D://KULIAH//BERAU...', 480)
#2 D:/KULIAH/BERAU COAL INTERN/logbook/vendor/psy/psysh/src/ConfigPaths.php(480): trigger_error('Writing to C:/U...', 1024)
#3 D:/KULIAH/BERAU COAL INTERN/logbook/vendor/psy/psysh/src/Configuration.php(1068): Psy/ConfigPaths::touchFileWithMkdir('C:/Users/Ibnu Z...')
#4 D:/KULIAH/BERAU COAL INTERN/logbook/vendor/psy/psysh/src/Configuration.php(1106): Psy/Configuration->setHistoryFile('C:/Users/Ibnu Z...')
#5 D:/KULIAH/BERAU COAL INTERN/logbook/vendor/psy/psysh/src/Configuration.php(1285): Psy/Configuration->getHistoryFile()
#6 D:/KULIAH/BERAU COAL INTERN/logbook/vendor/psy/psysh/src/Shell.php(192): Psy/Configuration->getReadline()
#7 D:/KULIAH/BERAU COAL INTERN/logbook/vendor/psy/psysh/src/Shell.php(2213): Psy/Shell->boot()
#8 D:/KULIAH/BERAU COAL INTERN/logbook/vendor/laravel/tinker/src/Console/TinkerCommand.php(77): Psy/Shell->execute('echo 'users=' ....')
#9 D:/KULIAH/BERAU COAL INTERN/logbook/vendor/laravel/framework/src/Illuminate/Container/BoundMethod.php(36): Laravel/Tinker/Console/TinkerCommand->handle()
#10 D:/KULIAH/BERAU COAL INTERN/logbook/vendor/laravel/framework/src/Illuminate/Container/Util.php(43): Illuminate/Container/BoundMethod::Illuminate/Container/{closure}()
#11 D:/KULIAH/BERAU COAL INTERN/logbook/vendor/laravel/framework/src/Illuminate/Container/BoundMethod.php(96): Illuminate/Container/Util::unwrapIfClosure(Object(Closure))
#12 D:/KULIAH/BERAU COAL INTERN/logbook/vendor/laravel/framework/src/Illuminate/Container/BoundMethod.php(35): Illuminate/Container/BoundMethod::callBoundMethod(Object(Illuminate/Foundation/Application), Array, Object(Closure))
#13 D:/KULIAH/BERAU COAL INTERN/logbook/vendor/laravel/framework/src/Illuminate/Container/Container.php(799): Illuminate/Container/BoundMethod::call(Object(Illuminate/Foundation/Application), Array, Array, NULL)
#14 D:/KULIAH/BERAU COAL INTERN/logbook/vendor/laravel/framework/src/Illuminate/Console/Command.php(211): Illuminate/Container/Container->call(Array)
#15 D:/KULIAH/BERAU COAL INTERN/logbook/vendor/symfony/console/Command/Command.php(341): Illuminate/Console/Command->execute(Object(Symfony/Component/Console/Input/ArgvInput), Object(Illuminate/Console/OutputStyle))
#16 D:/KULIAH/BERAU COAL INTERN/logbook/vendor/laravel/framework/src/Illuminate/Console/Command.php(180): Symfony/Component/Console/Command/Command->run(Object(Symfony/Component/Console/Input/ArgvInput), Object(Illuminate/Console/OutputStyle))
#17 D:/KULIAH/BERAU COAL INTERN/logbook/vendor/symfony/console/Application.php(1117): Illuminate/Console/Command->run(Object(Symfony/Component/Console/Input/ArgvInput), Object(Symfony/Component/Console/Output/ConsoleOutput))
#18 D:/KULIAH/BERAU COAL INTERN/logbook/vendor/symfony/console/Application.php(356): Symfony/Component/Console/Application->doRunCommand(Object(Laravel/Tinker/Console/TinkerCommand), Object(Symfony/Component/Console/Input/ArgvInput), Object(Symfony/Component/Console/Output/ConsoleOutput))
#19 D:/KULIAH/BERAU COAL INTERN/logbook/vendor/symfony/console/Application.php(195): Symfony/Component/Console/Application->doRun(Object(Symfony/Component/Console/Input/ArgvInput), Object(Symfony/Component/Console/Output/ConsoleOutput))
#20 D:/KULIAH/BERAU COAL INTERN/logbook/vendor/laravel/framework/src/Illuminate/Foundation/Console/Kernel.php(198): Symfony/Component/Console/Application->run(Object(Symfony/Component/Console/Input/ArgvInput), Object(Symfony/Component/Console/Output/ConsoleOutput))
#21 D:/KULIAH/BERAU COAL INTERN/logbook/vendor/laravel/framework/src/Illuminate/Foundation/Application.php(1235): Illuminate/Foundation/Console/Kernel->handle(Object(Symfony/Component/Console/Input/ArgvInput), Object(Symfony/Component/Console/Output/ConsoleOutput))
#22 D:/KULIAH/BERAU COAL INTERN/logbook/artisan(16): Illuminate/Foundation/Application->handleCommand(Object(Symfony/Component/Console/Input/ArgvInput))
#23 {main}
"} 
[2026-08-06 13:05:50] local.ERROR: Writing to C:/Users/Ibnu Zaky F/AppData/Roaming/PsySH/psysh_history is not allowed. {"exception":"[object] (ErrorException(code: 0): Writing to C:/Users/Ibnu Zaky F/AppData/Roaming/PsySH/psysh_history is not allowed. at D:/KULIAH/BERAU COAL INTERN/logbook/vendor/psy/psysh/src/ConfigPaths.php:480)
[stacktrace]
#0 D:/KULIAH/BERAU COAL INTERN/logbook/vendor/laravel/framework/src/Illuminate/Foundation/Bootstrap/HandleExceptions.php(262): Illuminate/Foundation/Bootstrap/HandleExceptions->handleError(1024, 'Writing to C:/U...', 'D://KULIAH//BERAU...', 480)
#1 [internal function]: Illuminate/Foundation/Bootstrap/HandleExceptions->Illuminate/Foundation/Bootstrap/{closure}(1024, 'Writing to C:/U...', 'D://KULIAH//BERAU...', 480)
#2 D:/KULIAH/BERAU COAL INTERN/logbook/vendor/psy/psysh/src/ConfigPaths.php(480): trigger_error('Writing to C:/U...', 1024)
#3 D:/KULIAH/BERAU COAL INTERN/logbook/vendor/psy/psysh/src/Configuration.php(1068): Psy/ConfigPaths::touchFileWithMkdir('C:/Users/Ibnu Z...')
#4 D:/KULIAH/BERAU COAL INTERN/logbook/vendor/psy/psysh/src/Configuration.php(1106): Psy/Configuration->setHistoryFile('C:/Users/Ibnu Z...')
#5 D:/KULIAH/BERAU COAL INTERN/logbook/vendor/psy/psysh/src/Configuration.php(1285): Psy/Configuration->getHistoryFile()
#6 D:/KULIAH/BERAU COAL INTERN/logbook/vendor/psy/psysh/src/Shell.php(192): Psy/Configuration->getReadline()
#7 D:/KULIAH/BERAU COAL INTERN/logbook/vendor/psy/psysh/src/Shell.php(2213): Psy/Shell->boot()
#8 D:/KULIAH/BERAU COAL INTERN/logbook/vendor/laravel/tinker/src/Console/TinkerCommand.php(77): Psy/Shell->execute('App//Models//OjtL...')
#9 D:/KULIAH/BERAU COAL INTERN/logbook/vendor/laravel/framework/src/Illuminate/Container/BoundMethod.php(36): Laravel/Tinker/Console/TinkerCommand->handle()
#10 D:/KULIAH/BERAU COAL INTERN/logbook/vendor/laravel/framework/src/Illuminate/Container/Util.php(43): Illuminate/Container/BoundMethod::Illuminate/Container/{closure}()
#11 D:/KULIAH/BERAU COAL INTERN/logbook/vendor/laravel/framework/src/Illuminate/Container/BoundMethod.php(96): Illuminate/Container/Util::unwrapIfClosure(Object(Closure))
#12 D:/KULIAH/BERAU COAL INTERN/logbook/vendor/laravel/framework/src/Illuminate/Container/BoundMethod.php(35): Illuminate/Container/BoundMethod::callBoundMethod(Object(Illuminate/Foundation/Application), Array, Object(Closure))
#13 D:/KULIAH/BERAU COAL INTERN/logbook/vendor/laravel/framework/src/Illuminate/Container/Container.php(799): Illuminate/Container/BoundMethod::call(Object(Illuminate/Foundation/Application), Array, Array, NULL)
#14 D:/KULIAH/BERAU COAL INTERN/logbook/vendor/laravel/framework/src/Illuminate/Console/Command.php(211): Illuminate/Container/Container->call(Array)
#15 D:/KULIAH/BERAU COAL INTERN/logbook/vendor/symfony/console/Command/Command.php(341): Illuminate/Console/Command->execute(Object(Symfony/Component/Console/Input/ArgvInput), Object(Illuminate/Console/OutputStyle))
#16 D:/KULIAH/BERAU COAL INTERN/logbook/vendor/laravel/framework/src/Illuminate/Console/Command.php(180): Symfony/Component/Console/Command/Command->run(Object(Symfony/Component/Console/Input/ArgvInput), Object(Illuminate/Console/OutputStyle))
#17 D:/KULIAH/BERAU COAL INTERN/logbook/vendor/symfony/console/Application.php(1117): Illuminate/Console/Command->run(Object(Symfony/Component/Console/Input/ArgvInput), Object(Symfony/Component/Console/Output/ConsoleOutput))
#18 D:/KULIAH/BERAU COAL INTERN/logbook/vendor/symfony/console/Application.php(356): Symfony/Component/Console/Application->doRunCommand(Object(Laravel/Tinker/Console/TinkerCommand), Object(Symfony/Component/Console/Input/ArgvInput), Object(Symfony/Component/Console/Output/ConsoleOutput))
#19 D:/KULIAH/BERAU COAL INTERN/logbook/vendor/symfony/console/Application.php(195): Symfony/Component/Console/Application->doRun(Object(Symfony/Component/Console/Input/ArgvInput), Object(Symfony/Component/Console/Output/ConsoleOutput))
#20 D:/KULIAH/BERAU COAL INTERN/logbook/vendor/laravel/framework/src/Illuminate/Foundation/Console/Kernel.php(198): Symfony/Component/Console/Application->run(Object(Symfony/Component/Console/Input/ArgvInput), Object(Symfony/Component/Console/Output/ConsoleOutput))
#21 D:/KULIAH/BERAU COAL INTERN/logbook/vendor/laravel/framework/src/Illuminate/Foundation/Application.php(1235): Illuminate/Foundation/Console/Kernel->handle(Object(Symfony/Component/Console/Input/ArgvInput), Object(Symfony/Component/Console/Output/ConsoleOutput))
#22 D:/KULIAH/BERAU COAL INTERN/logbook/artisan(16): Illuminate/Foundation/Application->handleCommand(Object(Symfony/Component/Console/Input/ArgvInput))
#23 {main}
"} 
[2026-08-06 13:36:58] local.ERROR: The "-e" option does not exist. {"exception":"[object] (Symfony\\Component\\Console\\Exception\\RuntimeException(code: 0): The \"-e\" option does not exist. at D:/KULIAH/BERAU COAL INTERN/logbook/vendor/symfony/console/Input/ArgvInput.php:128)
[stacktrace]
#0 D:/KULIAH/BERAU COAL INTERN/logbook/vendor/symfony/console/Input/ArgvInput.php(110): Symfony/Component/Console/Input/ArgvInput->parseShortOptionSet('encodedCommand')
#1 D:/KULIAH/BERAU COAL INTERN/logbook/vendor/symfony/console/Input/ArgvInput.php(90): Symfony/Component/Console/Input/ArgvInput->parseShortOption('-encodedCommand')
#2 D:/KULIAH/BERAU COAL INTERN/logbook/vendor/symfony/console/Input/ArgvInput.php(77): Symfony/Component/Console/Input/ArgvInput->parseToken('-encodedCommand', true)
#3 D:/KULIAH/BERAU COAL INTERN/logbook/vendor/symfony/console/Input/Input.php(53): Symfony/Component/Console/Input/ArgvInput->parse()
#4 D:/KULIAH/BERAU COAL INTERN/logbook/vendor/symfony/console/Command/Command.php(295): Symfony/Component/Console/Input/Input->bind(Object(Symfony/Component/Console/Input/InputDefinition))
#5 D:/KULIAH/BERAU COAL INTERN/logbook/vendor/laravel/framework/src/Illuminate/Console/Command.php(180): Symfony/Component/Console/Command/Command->run(Object(Symfony/Component/Console/Input/ArgvInput), Object(Illuminate/Console/OutputStyle))
#6 D:/KULIAH/BERAU COAL INTERN/logbook/vendor/symfony/console/Application.php(1117): Illuminate/Console/Command->run(Object(Symfony/Component/Console/Input/ArgvInput), Object(Symfony/Component/Console/Output/ConsoleOutput))
#7 D:/KULIAH/BERAU COAL INTERN/logbook/vendor/symfony/console/Application.php(356): Symfony/Component/Console/Application->doRunCommand(Object(Illuminate/Foundation/Console/RouteListCommand), Object(Symfony/Component/Console/Input/ArgvInput), Object(Symfony/Component/Console/Output/ConsoleOutput))
#8 D:/KULIAH/BERAU COAL INTERN/logbook/vendor/symfony/console/Application.php(195): Symfony/Component/Console/Application->doRun(Object(Symfony/Component/Console/Input/ArgvInput), Object(Symfony/Component/Console/Output/ConsoleOutput))
#9 D:/KULIAH/BERAU COAL INTERN/logbook/vendor/laravel/framework/src/Illuminate/Foundation/Console/Kernel.php(198): Symfony/Component/Console/Application->run(Object(Symfony/Component/Console/Input/ArgvInput), Object(Symfony/Component/Console/Output/ConsoleOutput))
#10 D:/KULIAH/BERAU COAL INTERN/logbook/vendor/laravel/framework/src/Illuminate/Foundation/Application.php(1235): Illuminate/Foundation/Console/Kernel->handle(Object(Symfony/Component/Console/Input/ArgvInput), Object(Symfony/Component/Console/Output/ConsoleOutput))
#11 D:/KULIAH/BERAU COAL INTERN/logbook/artisan(16): Illuminate/Foundation/Application->handleCommand(Object(Symfony/Component/Console/Input/ArgvInput))
#12 {main}
"} 
[2026-08-06 17:27:48] local.ERROR: Maximum execution time of 30 seconds exceeded {"exception":"[object] (Symfony\\Component\\ErrorHandler\\Error\\FatalError(code: 0): Maximum execution time of 30 seconds exceeded at D:/KULIAH/BERAU COAL INTERN/logbook/vendor/composer/ClassLoader.php:429)
[stacktrace]
#0 {main}
"} 
[2026-08-06 17:35:41] local.ERROR: Maximum execution time of 30 seconds exceeded {"userId":2,"exception":"[object] (Symfony\\Component\\ErrorHandler\\Error\\FatalError(code: 0): Maximum execution time of 30 seconds exceeded at D:/KULIAH/BERAU COAL INTERN/logbook/vendor/composer/ClassLoader.php:429)
[stacktrace]
#0 {main}
"} 
[2026-08-07 15:08:28] local.ERROR: The "-e" option does not exist. {"exception":"[object] (Symfony\\Component\\Console\\Exception\\RuntimeException(code: 0): The \"-e\" option does not exist. at D:/KULIAH/BERAU COAL INTERN/logbook/vendor/symfony/console/Input/ArgvInput.php:128)
[stacktrace]
#0 D:/KULIAH/BERAU COAL INTERN/logbook/vendor/symfony/console/Input/ArgvInput.php(110): Symfony/Component/Console/Input/ArgvInput->parseShortOptionSet('encodedCommand')
#1 D:/KULIAH/BERAU COAL INTERN/logbook/vendor/symfony/console/Input/ArgvInput.php(90): Symfony/Component/Console/Input/ArgvInput->parseShortOption('-encodedCommand')
#2 D:/KULIAH/BERAU COAL INTERN/logbook/vendor/symfony/console/Input/ArgvInput.php(77): Symfony/Component/Console/Input/ArgvInput->parseToken('-encodedCommand', true)
#3 D:/KULIAH/BERAU COAL INTERN/logbook/vendor/symfony/console/Input/Input.php(53): Symfony/Component/Console/Input/ArgvInput->parse()
#4 D:/KULIAH/BERAU COAL INTERN/logbook/vendor/symfony/console/Command/Command.php(295): Symfony/Component/Console/Input/Input->bind(Object(Symfony/Component/Console/Input/InputDefinition))
#5 D:/KULIAH/BERAU COAL INTERN/logbook/vendor/laravel/framework/src/Illuminate/Console/Command.php(180): Symfony/Component/Console/Command/Command->run(Object(Symfony/Component/Console/Input/ArgvInput), Object(Illuminate/Console/OutputStyle))
#6 D:/KULIAH/BERAU COAL INTERN/logbook/vendor/symfony/console/Application.php(1117): Illuminate/Console/Command->run(Object(Symfony/Component/Console/Input/ArgvInput), Object(Symfony/Component/Console/Output/ConsoleOutput))
#7 D:/KULIAH/BERAU COAL INTERN/logbook/vendor/symfony/console/Application.php(356): Symfony/Component/Console/Application->doRunCommand(Object(Illuminate/Foundation/Console/RouteListCommand), Object(Symfony/Component/Console/Input/ArgvInput), Object(Symfony/Component/Console/Output/ConsoleOutput))
#8 D:/KULIAH/BERAU COAL INTERN/logbook/vendor/symfony/console/Application.php(195): Symfony/Component/Console/Application->doRun(Object(Symfony/Component/Console/Input/ArgvInput), Object(Symfony/Component/Console/Output/ConsoleOutput))
#9 D:/KULIAH/BERAU COAL INTERN/logbook/vendor/laravel/framework/src/Illuminate/Foundation/Console/Kernel.php(198): Symfony/Component/Console/Application->run(Object(Symfony/Component/Console/Input/ArgvInput), Object(Symfony/Component/Console/Output/ConsoleOutput))
#10 D:/KULIAH/BERAU COAL INTERN/logbook/vendor/laravel/framework/src/Illuminate/Foundation/Application.php(1235): Illuminate/Foundation/Console/Kernel->handle(Object(Symfony/Component/Console/Input/ArgvInput), Object(Symfony/Component/Console/Output/ConsoleOutput))
#11 D:/KULIAH/BERAU COAL INTERN/logbook/artisan(16): Illuminate/Foundation/Application->handleCommand(Object(Symfony/Component/Console/Input/ArgvInput))
#12 {main}
"} 
[2026-08-07 15:12:06] local.ERROR: SQLSTATE[23000]: Integrity constraint violation: 19 NOT NULL constraint failed: ojt_logbooks.daily_activity (Connection: sqlite, Database: database/database.sqlite, SQL: insert into "ojt_logbooks" ("logbook_number", "trainee_id", "trainer_id", "supervisor_id", "department_id", "equipment_category_id", "equipment_id", "equipment_number", "date", "shift", "location", "start_time", "finish_time", "hm_start", "hm_end", "total_hm", "daily_activity", "sop_payload", "status", "submitted_at", "updated_at", "created_at") values (LOG-202608-0014, 1, 2, 3, 1, 3, ?, DZ-234, 2026-08-07 00:00:00, day, Bench 45, 07:00, 17:00, 2557, 2589, 32, ?, {"meta":{"category_code":"DZ","unit_family":"track","trainee_name":"Ahmad Rian Syahputra","certification":"Green","company":"PT BERAU COAL \/ PT MTL","sticker_expired_at":"2026-08-07","assessment_mode":"pendampingan","assessment_stage":"bulanan"},"track":{"groups":[{"title":"Teknik Pengoperasian","subtitle":"Dozing & Digging untuk Buldozer \/ Grading & Digging untuk Motor Grader","items":[{"code":"1.1","label":"Cara memposisikan blade pada saat mendorong \/ grading","kind":"Skl","status":"K","note":null},{"code":"1.2","label":"Penggunaan tilt blade","kind":"Kwn","note":null},{"code":"1.3","label":"Cara pengoperasian blade untuk mendorong \/ ditching","kind":"Skl","note":null},{"code":"1.4","label":"Cara pengoperasian blade untuk menggali \/ sloping","kind":"Skl","note":null},{"code":"1.5","label":"Penyesuaian beban dengan RPM \/ posisi transmisi","kind":"Skl","note":null},{"code":"1.6","label":"Teknik dozing \/ grading \/ digging","kind":"Skl","note":null}]},{"title":"Spreading & Leveling","subtitle":"Pengoperasian untuk meratakan, memadatkan, dan membentuk area kerja","items":[{"code":"2.1","label":"Penggunaan speed \/ transmisi saat bergerak","kind":"Kwn","note":null},{"code":"2.2","label":"Cara leveling menggunakan tilt","kind":"Kwn","note":null},{"code":"2.3","label":"Cara menghampar material untuk membuat jalan \/ menimbun lubang","kind":"Skl","note":null},{"code":"2.4","label":"Filling pada saat melewatkan area kerja","kind":"Skl","note":null},{"code":"2.5","label":"Penggunaan steering","kind":"Skl","note":null},{"code":"2.6","label":"Penggunaan articulated (khusus unit GR)","kind":"Skl","note":null},{"code":"2.7","label":"Teknik spreading \/ leveling","kind":"Skl","note":null}]},{"title":"Ripping","subtitle":"Khusus untuk pekerjaan ripping dan pembukaan material keras","items":[{"code":"3.1","label":"Cara memposisikan ripper","kind":"Skl","note":null},{"code":"3.2","label":"Teknik penetrasi ripping","kind":"Kwn","note":null},{"code":"3.3","label":"Penyesuaian posisi ripper dengan kekerasan material","kind":"Skl","note":null}]},{"title":"Finishing","subtitle":"Finishing grading dan koreksi permukaan kerja","items":[{"code":"4.1","label":"Kesesuaian penggunaan speed","kind":"Skl","note":null},{"code":"4.2","label":"Hasil akurasi \/ kualitas pekerjaan","kind":"Skl","note":null}]}],"behavior":[{"code":"1","label":"Mempedulikan pemakaian fuel\/ bahan bakar","kind":"Atd","note":null},{"code":"2","label":"Mempedulikan pemakaian tyre\/ undercarriage","kind":"Atd","note":null},{"code":"3","label":"Mempedulikan akan ketidaknormalan unit","kind":"Atd","note":null},{"code":"4","label":"Mempedulikan untuk bekerja dengan efektif dan efisien","kind":"Atd","note":null},{"code":"5","label":"Mempedulikan untuk meniadakan pemborosan dimanapun","kind":"Atd","note":null},{"code":"6","label":"Melaksanakan aktivitas sesuai instruksi","kind":"Atd","note":null},{"code":"7","label":"Berusaha untuk melakukan yang terbaik","kind":"Atd","note":null},{"code":"8","label":"Selalu siap menerima tugas yang diberikan","kind":"Atd","note":null},{"code":"9","label":"Berani mengingatkan jika ada yang berbuat kesalahan","kind":"Atd","note":null},{"code":"10","label":"Disiplin waktu saat pelaksanaan pelatihan","kind":"Atd","note":null},{"code":"11","label":"Mematuhi semua aturan yang berlaku","kind":"Atd","note":null},{"code":"12","label":"Tidak pernah mangkir","kind":"Atd","note":null},{"code":"13","label":"Melaksanakan tugas kelompok bersama-sama","kind":"Atd","note":null},{"code":"14","label":"Berinisiatif untuk membantu","kind":"Atd","note":null},{"code":"15","label":"Selalu antusias jika diberi tugas","kind":"Atd","note":null},{"code":"16","label":"Melaporkan setiap kejadian diluar wewenangnya","kind":"Atd","note":null},{"code":"17","label":"Tidak ragu-ragu jika diberi instruksi","kind":"Atd","note":null},{"code":"18","label":"Mengoperasikan unit dengan penuh keyakinan","kind":"Atd","note":null},{"code":"19","label":"Bersikap proaktif di setiap kegiatan","kind":"Atd","note":null},{"code":"20","label":"Tidak malu untuk bertanya jika ada kesulitan","kind":"Atd","note":null}]},"excavator":{"groups":[{"title":"Positioning","subtitle":"Positioning unit di front loading dan sudut kerja bucket","items":[{"code":"1.1","label":"Posisi unit di front loading","kind":"Kwn","note":null},{"code":"1.2","label":"Sudut kerja bucket ke material","kind":"Skl","note":null},{"code":"1.3","label":"Cara menempatkan bucket dengan aman","kind":"Skl","note":null},{"code":"1.4","label":"Posisi travel dan swing saat bekerja","kind":"Skl","note":null}]},{"title":"Loading & Dumping","subtitle":"Cara swing, memuat, dan dumping yang aman","items":[{"code":"2.1","label":"Cara swing menuju truck","kind":"Kwn","note":null},{"code":"2.2","label":"Cara loading material ke dump truck","kind":"Kwn","note":null},{"code":"2.3","label":"Kontrol bucket saat dumping","kind":"Kwn","note":null},{"code":"2.4","label":"Cara dumping dan kerapian muatan","kind":"Skl","note":null},{"code":"2.5","label":"Cycle time","kind":"Kwn","note":null}]},{"title":"Digging","subtitle":"Teknik gali dan pengaturan kerja bucket","items":[{"code":"3.1","label":"Self positioning dan penempatan bucket","kind":"Skl","note":null},{"code":"3.2","label":"Teknik kombinasi maju pada saat digging","kind":"Skl","note":null},{"code":"3.3","label":"Cara pengambilan material pada saat digging","kind":"Skl","note":null},{"code":"3.4","label":"Volume bucket","kind":"Kwn","note":null}]},{"title":"Sloping","subtitle":"Kontur slope dan kerja finishing area lereng","items":[{"code":"4.1","label":"Keterampilan saat sloping","kind":"Skl","note":null},{"code":"4.2","label":"Ketinggian \/ sudut penempatan slope","kind":"Skl","note":null},{"code":"4.3","label":"Kecepatan kerja ketika sloping","kind":"Skl","note":null},{"code":"4.4","label":"Hasil akhir permukaan slope","kind":"Skl","note":null}]}],"behavior":[{"code":"1","label":"Mempedulikan pemakaian fuel\/ bahan bakar","kind":"Atd","note":null},{"code":"2","label":"Mempedulikan pemakaian tyre\/ undercarriage","kind":"Atd","note":null},{"code":"3","label":"Mempedulikan akan ketidaknormalan unit","kind":"Atd","note":null},{"code":"4","label":"Mempedulikan untuk bekerja dengan efektif dan efisien","kind":"Atd","note":null},{"code":"5","label":"Mempedulikan untuk meniadakan pemborosan dimanapun","kind":"Atd","note":null},{"code":"6","label":"Melaksanakan aktivitas sesuai instruksi","kind":"Atd","note":null},{"code":"7","label":"Berusaha untuk melakukan yang terbaik","kind":"Atd","note":null},{"code":"8","label":"Selalu siap menerima tugas yang diberikan","kind":"Atd","note":null},{"code":"9","label":"Berani mengingatkan jika ada yang berbuat kesalahan","kind":"Atd","note":null},{"code":"10","label":"Disiplin waktu saat pelaksanaan pelatihan","kind":"Atd","note":null},{"code":"11","label":"Mematuhi semua aturan yang berlaku","kind":"Atd","note":null},{"code":"12","label":"Tidak pernah mangkir","kind":"Atd","note":null},{"code":"13","label":"Melaksanakan tugas kelompok bersama-sama","kind":"Atd","note":null},{"code":"14","label":"Berinisiatif untuk membantu","kind":"Atd","note":null},{"code":"15","label":"Selalu antusias jika diberi tugas","kind":"Atd","note":null},{"code":"16","label":"Melaporkan setiap kejadian diluar wewenangnya","kind":"Atd","note":null},{"code":"17","label":"Tidak ragu-ragu jika diberi instruksi","kind":"Atd","note":null},{"code":"18","label":"Mengoperasikan unit dengan penuh keyakinan","kind":"Atd","note":null},{"code":"19","label":"Bersikap proaktif di setiap kegiatan","kind":"Atd","note":null},{"code":"20","label":"Tidak malu untuk bertanya jika ada kesulitan","kind":"Atd","note":null}]}}, draft, ?, 2026-08-07 15:12:06, 2026-08-07 15:12:06)) {"userId":1,"exception":"[object] (Illuminate\\Database\\QueryException(code: 23000): SQLSTATE[23000]: Integrity constraint violation: 19 NOT NULL constraint failed: ojt_logbooks.daily_activity (Connection: sqlite, Database: database/database.sqlite, SQL: insert into \"ojt_logbooks\" (\"logbook_number\", \"trainee_id\", \"trainer_id\", \"supervisor_id\", \"department_id\", \"equipment_category_id\", \"equipment_id\", \"equipment_number\", \"date\", \"shift\", \"location\", \"start_time\", \"finish_time\", \"hm_start\", \"hm_end\", \"total_hm\", \"daily_activity\", \"sop_payload\", \"status\", \"submitted_at\", \"updated_at\", \"created_at\") values (LOG-202608-0014, 1, 2, 3, 1, 3, ?, DZ-234, 2026-08-07 00:00:00, day, Bench 45, 07:00, 17:00, 2557, 2589, 32, ?, {\"meta\":{\"category_code\":\"DZ\",\"unit_family\":\"track\",\"trainee_name\":\"Ahmad Rian Syahputra\",\"certification\":\"Green\",\"company\":\"PT BERAU COAL \\/ PT MTL\",\"sticker_expired_at\":\"2026-08-07\",\"assessment_mode\":\"pendampingan\",\"assessment_stage\":\"bulanan\"},\"track\":{\"groups\":[{\"title\":\"Teknik Pengoperasian\",\"subtitle\":\"Dozing & Digging untuk Buldozer \\/ Grading & Digging untuk Motor Grader\",\"items\":[{\"code\":\"1.1\",\"label\":\"Cara memposisikan blade pada saat mendorong \\/ grading\",\"kind\":\"Skl\",\"status\":\"K\",\"note\":null},{\"code\":\"1.2\",\"label\":\"Penggunaan tilt blade\",\"kind\":\"Kwn\",\"note\":null},{\"code\":\"1.3\",\"label\":\"Cara pengoperasian blade untuk mendorong \\/ ditching\",\"kind\":\"Skl\",\"note\":null},{\"code\":\"1.4\",\"label\":\"Cara pengoperasian blade untuk menggali \\/ sloping\",\"kind\":\"Skl\",\"note\":null},{\"code\":\"1.5\",\"label\":\"Penyesuaian beban dengan RPM \\/ posisi transmisi\",\"kind\":\"Skl\",\"note\":null},{\"code\":\"1.6\",\"label\":\"Teknik dozing \\/ grading \\/ digging\",\"kind\":\"Skl\",\"note\":null}]},{\"title\":\"Spreading & Leveling\",\"subtitle\":\"Pengoperasian untuk meratakan, memadatkan, dan membentuk area kerja\",\"items\":[{\"code\":\"2.1\",\"label\":\"Penggunaan speed \\/ transmisi saat bergerak\",\"kind\":\"Kwn\",\"note\":null},{\"code\":\"2.2\",\"label\":\"Cara leveling menggunakan tilt\",\"kind\":\"Kwn\",\"note\":null},{\"code\":\"2.3\",\"label\":\"Cara menghampar material untuk membuat jalan \\/ menimbun lubang\",\"kind\":\"Skl\",\"note\":null},{\"code\":\"2.4\",\"label\":\"Filling pada saat melewatkan area kerja\",\"kind\":\"Skl\",\"note\":null},{\"code\":\"2.5\",\"label\":\"Penggunaan steering\",\"kind\":\"Skl\",\"note\":null},{\"code\":\"2.6\",\"label\":\"Penggunaan articulated (khusus unit GR)\",\"kind\":\"Skl\",\"note\":null},{\"code\":\"2.7\",\"label\":\"Teknik spreading \\/ leveling\",\"kind\":\"Skl\",\"note\":null}]},{\"title\":\"Ripping\",\"subtitle\":\"Khusus untuk pekerjaan ripping dan pembukaan material keras\",\"items\":[{\"code\":\"3.1\",\"label\":\"Cara memposisikan ripper\",\"kind\":\"Skl\",\"note\":null},{\"code\":\"3.2\",\"label\":\"Teknik penetrasi ripping\",\"kind\":\"Kwn\",\"note\":null},{\"code\":\"3.3\",\"label\":\"Penyesuaian posisi ripper dengan kekerasan material\",\"kind\":\"Skl\",\"note\":null}]},{\"title\":\"Finishing\",\"subtitle\":\"Finishing grading dan koreksi permukaan kerja\",\"items\":[{\"code\":\"4.1\",\"label\":\"Kesesuaian penggunaan speed\",\"kind\":\"Skl\",\"note\":null},{\"code\":\"4.2\",\"label\":\"Hasil akurasi \\/ kualitas pekerjaan\",\"kind\":\"Skl\",\"note\":null}]}],\"behavior\":[{\"code\":\"1\",\"label\":\"Mempedulikan pemakaian fuel\\/ bahan bakar\",\"kind\":\"Atd\",\"note\":null},{\"code\":\"2\",\"label\":\"Mempedulikan pemakaian tyre\\/ undercarriage\",\"kind\":\"Atd\",\"note\":null},{\"code\":\"3\",\"label\":\"Mempedulikan akan ketidaknormalan unit\",\"kind\":\"Atd\",\"note\":null},{\"code\":\"4\",\"label\":\"Mempedulikan untuk bekerja dengan efektif dan efisien\",\"kind\":\"Atd\",\"note\":null},{\"code\":\"5\",\"label\":\"Mempedulikan untuk meniadakan pemborosan dimanapun\",\"kind\":\"Atd\",\"note\":null},{\"code\":\"6\",\"label\":\"Melaksanakan aktivitas sesuai instruksi\",\"kind\":\"Atd\",\"note\":null},{\"code\":\"7\",\"label\":\"Berusaha untuk melakukan yang terbaik\",\"kind\":\"Atd\",\"note\":null},{\"code\":\"8\",\"label\":\"Selalu siap menerima tugas yang diberikan\",\"kind\":\"Atd\",\"note\":null},{\"code\":\"9\",\"label\":\"Berani mengingatkan jika ada yang berbuat kesalahan\",\"kind\":\"Atd\",\"note\":null},{\"code\":\"10\",\"label\":\"Disiplin waktu saat pelaksanaan pelatihan\",\"kind\":\"Atd\",\"note\":null},{\"code\":\"11\",\"label\":\"Mematuhi semua aturan yang berlaku\",\"kind\":\"Atd\",\"note\":null},{\"code\":\"12\",\"label\":\"Tidak pernah mangkir\",\"kind\":\"Atd\",\"note\":null},{\"code\":\"13\",\"label\":\"Melaksanakan tugas kelompok bersama-sama\",\"kind\":\"Atd\",\"note\":null},{\"code\":\"14\",\"label\":\"Berinisiatif untuk membantu\",\"kind\":\"Atd\",\"note\":null},{\"code\":\"15\",\"label\":\"Selalu antusias jika diberi tugas\",\"kind\":\"Atd\",\"note\":null},{\"code\":\"16\",\"label\":\"Melaporkan setiap kejadian diluar wewenangnya\",\"kind\":\"Atd\",\"note\":null},{\"code\":\"17\",\"label\":\"Tidak ragu-ragu jika diberi instruksi\",\"kind\":\"Atd\",\"note\":null},{\"code\":\"18\",\"label\":\"Mengoperasikan unit dengan penuh keyakinan\",\"kind\":\"Atd\",\"note\":null},{\"code\":\"19\",\"label\":\"Bersikap proaktif di setiap kegiatan\",\"kind\":\"Atd\",\"note\":null},{\"code\":\"20\",\"label\":\"Tidak malu untuk bertanya jika ada kesulitan\",\"kind\":\"Atd\",\"note\":null}]},\"excavator\":{\"groups\":[{\"title\":\"Positioning\",\"subtitle\":\"Positioning unit di front loading dan sudut kerja bucket\",\"items\":[{\"code\":\"1.1\",\"label\":\"Posisi unit di front loading\",\"kind\":\"Kwn\",\"note\":null},{\"code\":\"1.2\",\"label\":\"Sudut kerja bucket ke material\",\"kind\":\"Skl\",\"note\":null},{\"code\":\"1.3\",\"label\":\"Cara menempatkan bucket dengan aman\",\"kind\":\"Skl\",\"note\":null},{\"code\":\"1.4\",\"label\":\"Posisi travel dan swing saat bekerja\",\"kind\":\"Skl\",\"note\":null}]},{\"title\":\"Loading & Dumping\",\"subtitle\":\"Cara swing, memuat, dan dumping yang aman\",\"items\":[{\"code\":\"2.1\",\"label\":\"Cara swing menuju truck\",\"kind\":\"Kwn\",\"note\":null},{\"code\":\"2.2\",\"label\":\"Cara loading material ke dump truck\",\"kind\":\"Kwn\",\"note\":null},{\"code\":\"2.3\",\"label\":\"Kontrol bucket saat dumping\",\"kind\":\"Kwn\",\"note\":null},{\"code\":\"2.4\",\"label\":\"Cara dumping dan kerapian muatan\",\"kind\":\"Skl\",\"note\":null},{\"code\":\"2.5\",\"label\":\"Cycle time\",\"kind\":\"Kwn\",\"note\":null}]},{\"title\":\"Digging\",\"subtitle\":\"Teknik gali dan pengaturan kerja bucket\",\"items\":[{\"code\":\"3.1\",\"label\":\"Self positioning dan penempatan bucket\",\"kind\":\"Skl\",\"note\":null},{\"code\":\"3.2\",\"label\":\"Teknik kombinasi maju pada saat digging\",\"kind\":\"Skl\",\"note\":null},{\"code\":\"3.3\",\"label\":\"Cara pengambilan material pada saat digging\",\"kind\":\"Skl\",\"note\":null},{\"code\":\"3.4\",\"label\":\"Volume bucket\",\"kind\":\"Kwn\",\"note\":null}]},{\"title\":\"Sloping\",\"subtitle\":\"Kontur slope dan kerja finishing area lereng\",\"items\":[{\"code\":\"4.1\",\"label\":\"Keterampilan saat sloping\",\"kind\":\"Skl\",\"note\":null},{\"code\":\"4.2\",\"label\":\"Ketinggian \\/ sudut penempatan slope\",\"kind\":\"Skl\",\"note\":null},{\"code\":\"4.3\",\"label\":\"Kecepatan kerja ketika sloping\",\"kind\":\"Skl\",\"note\":null},{\"code\":\"4.4\",\"label\":\"Hasil akhir permukaan slope\",\"kind\":\"Skl\",\"note\":null}]}],\"behavior\":[{\"code\":\"1\",\"label\":\"Mempedulikan pemakaian fuel\\/ bahan bakar\",\"kind\":\"Atd\",\"note\":null},{\"code\":\"2\",\"label\":\"Mempedulikan pemakaian tyre\\/ undercarriage\",\"kind\":\"Atd\",\"note\":null},{\"code\":\"3\",\"label\":\"Mempedulikan akan ketidaknormalan unit\",\"kind\":\"Atd\",\"note\":null},{\"code\":\"4\",\"label\":\"Mempedulikan untuk bekerja dengan efektif dan efisien\",\"kind\":\"Atd\",\"note\":null},{\"code\":\"5\",\"label\":\"Mempedulikan untuk meniadakan pemborosan dimanapun\",\"kind\":\"Atd\",\"note\":null},{\"code\":\"6\",\"label\":\"Melaksanakan aktivitas sesuai instruksi\",\"kind\":\"Atd\",\"note\":null},{\"code\":\"7\",\"label\":\"Berusaha untuk melakukan yang terbaik\",\"kind\":\"Atd\",\"note\":null},{\"code\":\"8\",\"label\":\"Selalu siap menerima tugas yang diberikan\",\"kind\":\"Atd\",\"note\":null},{\"code\":\"9\",\"label\":\"Berani mengingatkan jika ada yang berbuat kesalahan\",\"kind\":\"Atd\",\"note\":null},{\"code\":\"10\",\"label\":\"Disiplin waktu saat pelaksanaan pelatihan\",\"kind\":\"Atd\",\"note\":null},{\"code\":\"11\",\"label\":\"Mematuhi semua aturan yang berlaku\",\"kind\":\"Atd\",\"note\":null},{\"code\":\"12\",\"label\":\"Tidak pernah mangkir\",\"kind\":\"Atd\",\"note\":null},{\"code\":\"13\",\"label\":\"Melaksanakan tugas kelompok bersama-sama\",\"kind\":\"Atd\",\"note\":null},{\"code\":\"14\",\"label\":\"Berinisiatif untuk membantu\",\"kind\":\"Atd\",\"note\":null},{\"code\":\"15\",\"label\":\"Selalu antusias jika diberi tugas\",\"kind\":\"Atd\",\"note\":null},{\"code\":\"16\",\"label\":\"Melaporkan setiap kejadian diluar wewenangnya\",\"kind\":\"Atd\",\"note\":null},{\"code\":\"17\",\"label\":\"Tidak ragu-ragu jika diberi instruksi\",\"kind\":\"Atd\",\"note\":null},{\"code\":\"18\",\"label\":\"Mengoperasikan unit dengan penuh keyakinan\",\"kind\":\"Atd\",\"note\":null},{\"code\":\"19\",\"label\":\"Bersikap proaktif di setiap kegiatan\",\"kind\":\"Atd\",\"note\":null},{\"code\":\"20\",\"label\":\"Tidak malu untuk bertanya jika ada kesulitan\",\"kind\":\"Atd\",\"note\":null}]}}, draft, ?, 2026-08-07 15:12:06, 2026-08-07 15:12:06)) at D:/KULIAH/BERAU COAL INTERN/logbook/vendor/laravel/framework/src/Illuminate/Database/Connection.php:838)
[stacktrace]
#0 D:/KULIAH/BERAU COAL INTERN/logbook/vendor/laravel/framework/src/Illuminate/Database/Connection.php(794): Illuminate/Database/Connection->runQueryCallback('insert into \"oj...', Array, Object(Closure))
#1 D:/KULIAH/BERAU COAL INTERN/logbook/vendor/laravel/framework/src/Illuminate/Database/Connection.php(573): Illuminate/Database/Connection->run('insert into \"oj...', Array, Object(Closure))
#2 D:/KULIAH/BERAU COAL INTERN/logbook/vendor/laravel/framework/src/Illuminate/Database/Connection.php(537): Illuminate/Database/Connection->statement('insert into \"oj...', Array)
#3 D:/KULIAH/BERAU COAL INTERN/logbook/vendor/laravel/framework/src/Illuminate/Database/Query/Processors/Processor.php(32): Illuminate/Database/Connection->insert('insert into \"oj...', Array)
#4 D:/KULIAH/BERAU COAL INTERN/logbook/vendor/laravel/framework/src/Illuminate/Database/Query/Builder.php(4170): Illuminate/Database/Query/Processors/Processor->processInsertGetId(Object(Illuminate/Database/Query/Builder), 'insert into \"oj...', Array, 'id')
#5 D:/KULIAH/BERAU COAL INTERN/logbook/vendor/laravel/framework/src/Illuminate/Database/Eloquent/Builder.php(2237): Illuminate/Database/Query/Builder->insertGetId(Array, 'id')
#6 D:/KULIAH/BERAU COAL INTERN/logbook/vendor/laravel/framework/src/Illuminate/Database/Eloquent/Model.php(1436): Illuminate/Database/Eloquent/Builder->__call('insertGetId', Array)
#7 D:/KULIAH/BERAU COAL INTERN/logbook/vendor/laravel/framework/src/Illuminate/Database/Eloquent/Model.php(1401): Illuminate/Database/Eloquent/Model->insertAndSetId(Object(Illuminate/Database/Eloquent/Builder), Array)
#8 D:/KULIAH/BERAU COAL INTERN/logbook/vendor/laravel/framework/src/Illuminate/Database/Eloquent/Model.php(1240): Illuminate/Database/Eloquent/Model->performInsert(Object(Illuminate/Database/Eloquent/Builder))
#9 D:/KULIAH/BERAU COAL INTERN/logbook/vendor/laravel/framework/src/Illuminate/Database/Eloquent/Builder.php(1219): Illuminate/Database/Eloquent/Model->save()
#10 D:/KULIAH/BERAU COAL INTERN/logbook/vendor/laravel/framework/src/Illuminate/Support/helpers.php(393): Illuminate/Database/Eloquent/Builder->Illuminate/Database/Eloquent/{closure}(Object(App/Models/OjtLogbook))
#11 D:/KULIAH/BERAU COAL INTERN/logbook/vendor/laravel/framework/src/Illuminate/Database/Eloquent/Builder.php(1218): tap(Object(App/Models/OjtLogbook), Object(Closure))
#12 D:/KULIAH/BERAU COAL INTERN/logbook/vendor/laravel/framework/src/Illuminate/Support/Traits/ForwardsCalls.php(23): Illuminate/Database/Eloquent/Builder->create(Array)
#13 D:/KULIAH/BERAU COAL INTERN/logbook/vendor/laravel/framework/src/Illuminate/Database/Eloquent/Model.php(2544): Illuminate/Database/Eloquent/Model->forwardCallTo(Object(Illuminate/Database/Eloquent/Builder), 'create', Array)
#14 D:/KULIAH/BERAU COAL INTERN/logbook/vendor/laravel/framework/src/Illuminate/Database/Eloquent/Model.php(2560): Illuminate/Database/Eloquent/Model->__call('create', Array)
#15 D:/KULIAH/BERAU COAL INTERN/logbook/app/Http/Controllers/OjtLogbookController.php(100): Illuminate/Database/Eloquent/Model::__callStatic('create', Array)
#16 D:/KULIAH/BERAU COAL INTERN/logbook/vendor/laravel/framework/src/Illuminate/Routing/Controller.php(54): App/Http/Controllers/OjtLogbookController->store(Object(App/Http/Requests/StoreLogbookRequest))
#17 D:/KULIAH/BERAU COAL INTERN/logbook/vendor/laravel/framework/src/Illuminate/Routing/ControllerDispatcher.php(43): Illuminate/Routing/Controller->callAction('store', Array)
#18 D:/KULIAH/BERAU COAL INTERN/logbook/vendor/laravel/framework/src/Illuminate/Routing/Route.php(265): Illuminate/Routing/ControllerDispatcher->dispatch(Object(Illuminate/Routing/Route), Object(App/Http/Controllers/OjtLogbookController), 'store')
#19 D:/KULIAH/BERAU COAL INTERN/logbook/vendor/laravel/framework/src/Illuminate/Routing/Route.php(211): Illuminate/Routing/Route->runController()
#20 D:/KULIAH/BERAU COAL INTERN/logbook/vendor/laravel/framework/src/Illuminate/Routing/Router.php(822): Illuminate/Routing/Route->run()
#21 D:/KULIAH/BERAU COAL INTERN/logbook/vendor/laravel/framework/src/Illuminate/Pipeline/Pipeline.php(180): Illuminate/Routing/Router->Illuminate/Routing/{closure}(Object(Illuminate/Http/Request))
#22 D:/KULIAH/BERAU COAL INTERN/logbook/app/Http/Middleware/RoleMiddleware.php(23): Illuminate/Pipeline/Pipeline->Illuminate/Pipeline/{closure}(Object(Illuminate/Http/Request))
#23 D:/KULIAH/BERAU COAL INTERN/logbook/vendor/laravel/framework/src/Illuminate/Pipeline/Pipeline.php(219): App/Http/Middleware/RoleMiddleware->handle(Object(Illuminate/Http/Request), Object(Closure), 'trainee')
#24 D:/KULIAH/BERAU COAL INTERN/logbook/vendor/laravel/framework/src/Illuminate/Routing/Middleware/SubstituteBindings.php(50): Illuminate/Pipeline/Pipeline->Illuminate/Pipeline/{closure}(Object(Illuminate/Http/Request))
#25 D:/KULIAH/BERAU COAL INTERN/logbook/vendor/laravel/framework/src/Illuminate/Pipeline/Pipeline.php(219): Illuminate/Routing/Middleware/SubstituteBindings->handle(Object(Illuminate/Http/Request), Object(Closure))
#26 D:/KULIAH/BERAU COAL INTERN/logbook/vendor/laravel/framework/src/Illuminate/Auth/Middleware/Authenticate.php(63): Illuminate/Pipeline/Pipeline->Illuminate/Pipeline/{closure}(Object(Illuminate/Http/Request))
#27 D:/KULIAH/BERAU COAL INTERN/logbook/vendor/laravel/framework/src/Illuminate/Pipeline/Pipeline.php(219): Illuminate/Auth/Middleware/Authenticate->handle(Object(Illuminate/Http/Request), Object(Closure))
#28 D:/KULIAH/BERAU COAL INTERN/logbook/vendor/laravel/framework/src/Illuminate/Foundation/Http/Middleware/VerifyCsrfToken.php(87): Illuminate/Pipeline/Pipeline->Illuminate/Pipeline/{closure}(Object(Illuminate/Http/Request))
#29 D:/KULIAH/BERAU COAL INTERN/logbook/vendor/laravel/framework/src/Illuminate/Pipeline/Pipeline.php(219): Illuminate/Foundation/Http/Middleware/VerifyCsrfToken->handle(Object(Illuminate/Http/Request), Object(Closure))
#30 D:/KULIAH/BERAU COAL INTERN/logbook/vendor/laravel/framework/src/Illuminate/View/Middleware/ShareErrorsFromSession.php(48): Illuminate/Pipeline/Pipeline->Illuminate/Pipeline/{closure}(Object(Illuminate/Http/Request))
#31 D:/KULIAH/BERAU COAL INTERN/logbook/vendor/laravel/framework/src/Illuminate/Pipeline/Pipeline.php(219): Illuminate/View/Middleware/ShareErrorsFromSession->handle(Object(Illuminate/Http/Request), Object(Closure))
#32 D:/KULIAH/BERAU COAL INTERN/logbook/vendor/laravel/framework/src/Illuminate/Session/Middleware/StartSession.php(120): Illuminate/Pipeline/Pipeline->Illuminate/Pipeline/{closure}(Object(Illuminate/Http/Request))
#33 D:/KULIAH/BERAU COAL INTERN/logbook/vendor/laravel/framework/src/Illuminate/Session/Middleware/StartSession.php(63): Illuminate/Session/Middleware/StartSession->handleStatefulRequest(Object(Illuminate/Http/Request), Object(Illuminate/Session/Store), Object(Closure))
#34 D:/KULIAH/BERAU COAL INTERN/logbook/vendor/laravel/framework/src/Illuminate/Pipeline/Pipeline.php(219): Illuminate/Session/Middleware/StartSession->handle(Object(Illuminate/Http/Request), Object(Closure))
#35 D:/KULIAH/BERAU COAL INTERN/logbook/vendor/laravel/framework/src/Illuminate/Cookie/Middleware/AddQueuedCookiesToResponse.php(36): Illuminate/Pipeline/Pipeline->Illuminate/Pipeline/{closure}(Object(Illuminate/Http/Request))
#36 D:/KULIAH/BERAU COAL INTERN/logbook/vendor/laravel/framework/src/Illuminate/Pipeline/Pipeline.php(219): Illuminate/Cookie/Middleware/AddQueuedCookiesToResponse->handle(Object(Illuminate/Http/Request), Object(Closure))
#37 D:/KULIAH/BERAU COAL INTERN/logbook/vendor/laravel/framework/src/Illuminate/Cookie/Middleware/EncryptCookies.php(74): Illuminate/Pipeline/Pipeline->Illuminate/Pipeline/{closure}(Object(Illuminate/Http/Request))
#38 D:/KULIAH/BERAU COAL INTERN/logbook/vendor/laravel/framework/src/Illuminate/Pipeline/Pipeline.php(219): Illuminate/Cookie/Middleware/EncryptCookies->handle(Object(Illuminate/Http/Request), Object(Closure))
#39 D:/KULIAH/BERAU COAL INTERN/logbook/vendor/laravel/framework/src/Illuminate/Pipeline/Pipeline.php(137): Illuminate/Pipeline/Pipeline->Illuminate/Pipeline/{closure}(Object(Illuminate/Http/Request))
#40 D:/KULIAH/BERAU COAL INTERN/logbook/vendor/laravel/framework/src/Illuminate/Routing/Router.php(821): Illuminate/Pipeline/Pipeline->then(Object(Closure))
#41 D:/KULIAH/BERAU COAL INTERN/logbook/vendor/laravel/framework/src/Illuminate/Routing/Router.php(800): Illuminate/Routing/Router->runRouteWithinStack(Object(Illuminate/Routing/Route), Object(Illuminate/Http/Request))
#42 D:/KULIAH/BERAU COAL INTERN/logbook/vendor/laravel/framework/src/Illuminate/Routing/Router.php(764): Illuminate/Routing/Router->runRoute(Object(Illuminate/Http/Request), Object(Illuminate/Routing/Route))
#43 D:/KULIAH/BERAU COAL INTERN/logbook/vendor/laravel/framework/src/Illuminate/Routing/Router.php(753): Illuminate/Routing/Router->dispatchToRoute(Object(Illuminate/Http/Request))
#44 D:/KULIAH/BERAU COAL INTERN/logbook/vendor/laravel/framework/src/Illuminate/Foundation/Http/Kernel.php(200): Illuminate/Routing/Router->dispatch(Object(Illuminate/Http/Request))
#45 D:/KULIAH/BERAU COAL INTERN/logbook/vendor/laravel/framework/src/Illuminate/Pipeline/Pipeline.php(180): Illuminate/Foundation/Http/Kernel->Illuminate/Foundation/Http/{closure}(Object(Illuminate/Http/Request))
#46 D:/KULIAH/BERAU COAL INTERN/logbook/vendor/laravel/framework/src/Illuminate/Foundation/Http/Middleware/TransformsRequest.php(21): Illuminate/Pipeline/Pipeline->Illuminate/Pipeline/{closure}(Object(Illuminate/Http/Request))
#47 D:/KULIAH/BERAU COAL INTERN/logbook/vendor/laravel/framework/src/Illuminate/Foundation/Http/Middleware/ConvertEmptyStringsToNull.php(31): Illuminate/Foundation/Http/Middleware/TransformsRequest->handle(Object(Illuminate/Http/Request), Object(Closure))
#48 D:/KULIAH/BERAU COAL INTERN/logbook/vendor/laravel/framework/src/Illuminate/Pipeline/Pipeline.php(219): Illuminate/Foundation/Http/Middleware/ConvertEmptyStringsToNull->handle(Object(Illuminate/Http/Request), Object(Closure))
#49 D:/KULIAH/BERAU COAL INTERN/logbook/vendor/laravel/framework/src/Illuminate/Foundation/Http/Middleware/TransformsRequest.php(21): Illuminate/Pipeline/Pipeline->Illuminate/Pipeline/{closure}(Object(Illuminate/Http/Request))
#50 D:/KULIAH/BERAU COAL INTERN/logbook/vendor/laravel/framework/src/Illuminate/Foundation/Http/Middleware/TrimStrings.php(51): Illuminate/Foundation/Http/Middleware/TransformsRequest->handle(Object(Illuminate/Http/Request), Object(Closure))
#51 D:/KULIAH/BERAU COAL INTERN/logbook/vendor/laravel/framework/src/Illuminate/Pipeline/Pipeline.php(219): Illuminate/Foundation/Http/Middleware/TrimStrings->handle(Object(Illuminate/Http/Request), Object(Closure))
#52 D:/KULIAH/BERAU COAL INTERN/logbook/vendor/laravel/framework/src/Illuminate/Http/Middleware/ValidatePostSize.php(27): Illuminate/Pipeline/Pipeline->Illuminate/Pipeline/{closure}(Object(Illuminate/Http/Request))
#53 D:/KULIAH/BERAU COAL INTERN/logbook/vendor/laravel/framework/src/Illuminate/Pipeline/Pipeline.php(219): Illuminate/Http/Middleware/ValidatePostSize->handle(Object(Illuminate/Http/Request), Object(Closure))
#54 D:/KULIAH/BERAU COAL INTERN/logbook/vendor/laravel/framework/src/Illuminate/Foundation/Http/Middleware/PreventRequestsDuringMaintenance.php(109): Illuminate/Pipeline/Pipeline->Illuminate/Pipeline/{closure}(Object(Illuminate/Http/Request))
#55 D:/KULIAH/BERAU COAL INTERN/logbook/vendor/laravel/framework/src/Illuminate/Pipeline/Pipeline.php(219): Illuminate/Foundation/Http/Middleware/PreventRequestsDuringMaintenance->handle(Object(Illuminate/Http/Request), Object(Closure))
#56 D:/KULIAH/BERAU COAL INTERN/logbook/vendor/laravel/framework/src/Illuminate/Http/Middleware/HandleCors.php(61): Illuminate/Pipeline/Pipeline->Illuminate/Pipeline/{closure}(Object(Illuminate/Http/Request))
#57 D:/KULIAH/BERAU COAL INTERN/logbook/vendor/laravel/framework/src/Illuminate/Pipeline/Pipeline.php(219): Illuminate/Http/Middleware/HandleCors->handle(Object(Illuminate/Http/Request), Object(Closure))
#58 D:/KULIAH/BERAU COAL INTERN/logbook/vendor/laravel/framework/src/Illuminate/Http/Middleware/TrustProxies.php(58): Illuminate/Pipeline/Pipeline->Illuminate/Pipeline/{closure}(Object(Illuminate/Http/Request))
#59 D:/KULIAH/BERAU COAL INTERN/logbook/vendor/laravel/framework/src/Illuminate/Pipeline/Pipeline.php(219): Illuminate/Http/Middleware/TrustProxies->handle(Object(Illuminate/Http/Request), Object(Closure))
#60 D:/KULIAH/BERAU COAL INTERN/logbook/vendor/laravel/framework/src/Illuminate/Foundation/Http/Middleware/InvokeDeferredCallbacks.php(22): Illuminate/Pipeline/Pipeline->Illuminate/Pipeline/{closure}(Object(Illuminate/Http/Request))
#61 D:/KULIAH/BERAU COAL INTERN/logbook/vendor/laravel/framework/src/Illuminate/Pipeline/Pipeline.php(219): Illuminate/Foundation/Http/Middleware/InvokeDeferredCallbacks->handle(Object(Illuminate/Http/Request), Object(Closure))
#62 D:/KULIAH/BERAU COAL INTERN/logbook/vendor/laravel/framework/src/Illuminate/Http/Middleware/ValidatePathEncoding.php(26): Illuminate/Pipeline/Pipeline->Illuminate/Pipeline/{closure}(Object(Illuminate/Http/Request))
#63 D:/KULIAH/BERAU COAL INTERN/logbook/vendor/laravel/framework/src/Illuminate/Pipeline/Pipeline.php(219): Illuminate/Http/Middleware/ValidatePathEncoding->handle(Object(Illuminate/Http/Request), Object(Closure))
#64 D:/KULIAH/BERAU COAL INTERN/logbook/vendor/laravel/framework/src/Illuminate/Pipeline/Pipeline.php(137): Illuminate/Pipeline/Pipeline->Illuminate/Pipeline/{closure}(Object(Illuminate/Http/Request))
#65 D:/KULIAH/BERAU COAL INTERN/logbook/vendor/laravel/framework/src/Illuminate/Foundation/Http/Kernel.php(175): Illuminate/Pipeline/Pipeline->then(Object(Closure))
#66 D:/KULIAH/BERAU COAL INTERN/logbook/vendor/laravel/framework/src/Illuminate/Foundation/Http/Kernel.php(144): Illuminate/Foundation/Http/Kernel->sendRequestThroughRouter(Object(Illuminate/Http/Request))
#67 D:/KULIAH/BERAU COAL INTERN/logbook/public/index.php(13): Illuminate/Foundation/Http/Kernel->handle(Object(Illuminate/Http/Request))
#68 D:/KULIAH/BERAU COAL INTERN/logbook/vendor/laravel/framework/src/Illuminate/Foundation/resources/server.php(23): require_once('D://KULIAH//BERAU...')
#69 {main}

[previous exception] [object] (PDOException(code: 23000): SQLSTATE[23000]: Integrity constraint violation: 19 NOT NULL constraint failed: ojt_logbooks.daily_activity at D:/KULIAH/BERAU COAL INTERN/logbook/vendor/laravel/framework/src/Illuminate/Database/Connection.php:584)
[stacktrace]
#0 D:/KULIAH/BERAU COAL INTERN/logbook/vendor/laravel/framework/src/Illuminate/Database/Connection.php(584): PDOStatement->execute()
#1 D:/KULIAH/BERAU COAL INTERN/logbook/vendor/laravel/framework/src/Illuminate/Database/Connection.php(827): Illuminate/Database/Connection->Illuminate/Database/{closure}('insert into \"oj...', Array)
#2 D:/KULIAH/BERAU COAL INTERN/logbook/vendor/laravel/framework/src/Illuminate/Database/Connection.php(794): Illuminate/Database/Connection->runQueryCallback('insert into \"oj...', Array, Object(Closure))
#3 D:/KULIAH/BERAU COAL INTERN/logbook/vendor/laravel/framework/src/Illuminate/Database/Connection.php(573): Illuminate/Database/Connection->run('insert into \"oj...', Array, Object(Closure))
#4 D:/KULIAH/BERAU COAL INTERN/logbook/vendor/laravel/framework/src/Illuminate/Database/Connection.php(537): Illuminate/Database/Connection->statement('insert into \"oj...', Array)
#5 D:/KULIAH/BERAU COAL INTERN/logbook/vendor/laravel/framework/src/Illuminate/Database/Query/Processors/Processor.php(32): Illuminate/Database/Connection->insert('insert into \"oj...', Array)
#6 D:/KULIAH/BERAU COAL INTERN/logbook/vendor/laravel/framework/src/Illuminate/Database/Query/Builder.php(4170): Illuminate/Database/Query/Processors/Processor->processInsertGetId(Object(Illuminate/Database/Query/Builder), 'insert into \"oj...', Array, 'id')
#7 D:/KULIAH/BERAU COAL INTERN/logbook/vendor/laravel/framework/src/Illuminate/Database/Eloquent/Builder.php(2237): Illuminate/Database/Query/Builder->insertGetId(Array, 'id')
#8 D:/KULIAH/BERAU COAL INTERN/logbook/vendor/laravel/framework/src/Illuminate/Database/Eloquent/Model.php(1436): Illuminate/Database/Eloquent/Builder->__call('insertGetId', Array)
#9 D:/KULIAH/BERAU COAL INTERN/logbook/vendor/laravel/framework/src/Illuminate/Database/Eloquent/Model.php(1401): Illuminate/Database/Eloquent/Model->insertAndSetId(Object(Illuminate/Database/Eloquent/Builder), Array)
#10 D:/KULIAH/BERAU COAL INTERN/logbook/vendor/laravel/framework/src/Illuminate/Database/Eloquent/Model.php(1240): Illuminate/Database/Eloquent/Model->performInsert(Object(Illuminate/Database/Eloquent/Builder))
#11 D:/KULIAH/BERAU COAL INTERN/logbook/vendor/laravel/framework/src/Illuminate/Database/Eloquent/Builder.php(1219): Illuminate/Database/Eloquent/Model->save()
#12 D:/KULIAH/BERAU COAL INTERN/logbook/vendor/laravel/framework/src/Illuminate/Support/helpers.php(393): Illuminate/Database/Eloquent/Builder->Illuminate/Database/Eloquent/{closure}(Object(App/Models/OjtLogbook))
#13 D:/KULIAH/BERAU COAL INTERN/logbook/vendor/laravel/framework/src/Illuminate/Database/Eloquent/Builder.php(1218): tap(Object(App/Models/OjtLogbook), Object(Closure))
#14 D:/KULIAH/BERAU COAL INTERN/logbook/vendor/laravel/framework/src/Illuminate/Support/Traits/ForwardsCalls.php(23): Illuminate/Database/Eloquent/Builder->create(Array)
#15 D:/KULIAH/BERAU COAL INTERN/logbook/vendor/laravel/framework/src/Illuminate/Database/Eloquent/Model.php(2544): Illuminate/Database/Eloquent/Model->forwardCallTo(Object(Illuminate/Database/Eloquent/Builder), 'create', Array)
#16 D:/KULIAH/BERAU COAL INTERN/logbook/vendor/laravel/framework/src/Illuminate/Database/Eloquent/Model.php(2560): Illuminate/Database/Eloquent/Model->__call('create', Array)
#17 D:/KULIAH/BERAU COAL INTERN/logbook/app/Http/Controllers/OjtLogbookController.php(100): Illuminate/Database/Eloquent/Model::__callStatic('create', Array)
#18 D:/KULIAH/BERAU COAL INTERN/logbook/vendor/laravel/framework/src/Illuminate/Routing/Controller.php(54): App/Http/Controllers/OjtLogbookController->store(Object(App/Http/Requests/StoreLogbookRequest))
#19 D:/KULIAH/BERAU COAL INTERN/logbook/vendor/laravel/framework/src/Illuminate/Routing/ControllerDispatcher.php(43): Illuminate/Routing/Controller->callAction('store', Array)
#20 D:/KULIAH/BERAU COAL INTERN/logbook/vendor/laravel/framework/src/Illuminate/Routing/Route.php(265): Illuminate/Routing/ControllerDispatcher->dispatch(Object(Illuminate/Routing/Route), Object(App/Http/Controllers/OjtLogbookController), 'store')
#21 D:/KULIAH/BERAU COAL INTERN/logbook/vendor/laravel/framework/src/Illuminate/Routing/Route.php(211): Illuminate/Routing/Route->runController()
#22 D:/KULIAH/BERAU COAL INTERN/logbook/vendor/laravel/framework/src/Illuminate/Routing/Router.php(822): Illuminate/Routing/Route->run()
#23 D:/KULIAH/BERAU COAL INTERN/logbook/vendor/laravel/framework/src/Illuminate/Pipeline/Pipeline.php(180): Illuminate/Routing/Router->Illuminate/Routing/{closure}(Object(Illuminate/Http/Request))
#24 D:/KULIAH/BERAU COAL INTERN/logbook/app/Http/Middleware/RoleMiddleware.php(23): Illuminate/Pipeline/Pipeline->Illuminate/Pipeline/{closure}(Object(Illuminate/Http/Request))
#25 D:/KULIAH/BERAU COAL INTERN/logbook/vendor/laravel/framework/src/Illuminate/Pipeline/Pipeline.php(219): App/Http/Middleware/RoleMiddleware->handle(Object(Illuminate/Http/Request), Object(Closure), 'trainee')
#26 D:/KULIAH/BERAU COAL INTERN/logbook/vendor/laravel/framework/src/Illuminate/Routing/Middleware/SubstituteBindings.php(50): Illuminate/Pipeline/Pipeline->Illuminate/Pipeline/{closure}(Object(Illuminate/Http/Request))
#27 D:/KULIAH/BERAU COAL INTERN/logbook/vendor/laravel/framework/src/Illuminate/Pipeline/Pipeline.php(219): Illuminate/Routing/Middleware/SubstituteBindings->handle(Object(Illuminate/Http/Request), Object(Closure))
#28 D:/KULIAH/BERAU COAL INTERN/logbook/vendor/laravel/framework/src/Illuminate/Auth/Middleware/Authenticate.php(63): Illuminate/Pipeline/Pipeline->Illuminate/Pipeline/{closure}(Object(Illuminate/Http/Request))
#29 D:/KULIAH/BERAU COAL INTERN/logbook/vendor/laravel/framework/src/Illuminate/Pipeline/Pipeline.php(219): Illuminate/Auth/Middleware/Authenticate->handle(Object(Illuminate/Http/Request), Object(Closure))
#30 D:/KULIAH/BERAU COAL INTERN/logbook/vendor/laravel/framework/src/Illuminate/Foundation/Http/Middleware/VerifyCsrfToken.php(87): Illuminate/Pipeline/Pipeline->Illuminate/Pipeline/{closure}(Object(Illuminate/Http/Request))
#31 D:/KULIAH/BERAU COAL INTERN/logbook/vendor/laravel/framework/src/Illuminate/Pipeline/Pipeline.php(219): Illuminate/Foundation/Http/Middleware/VerifyCsrfToken->handle(Object(Illuminate/Http/Request), Object(Closure))
#32 D:/KULIAH/BERAU COAL INTERN/logbook/vendor/laravel/framework/src/Illuminate/View/Middleware/ShareErrorsFromSession.php(48): Illuminate/Pipeline/Pipeline->Illuminate/Pipeline/{closure}(Object(Illuminate/Http/Request))
#33 D:/KULIAH/BERAU COAL INTERN/logbook/vendor/laravel/framework/src/Illuminate/Pipeline/Pipeline.php(219): Illuminate/View/Middleware/ShareErrorsFromSession->handle(Object(Illuminate/Http/Request), Object(Closure))
#34 D:/KULIAH/BERAU COAL INTERN/logbook/vendor/laravel/framework/src/Illuminate/Session/Middleware/StartSession.php(120): Illuminate/Pipeline/Pipeline->Illuminate/Pipeline/{closure}(Object(Illuminate/Http/Request))
#35 D:/KULIAH/BERAU COAL INTERN/logbook/vendor/laravel/framework/src/Illuminate/Session/Middleware/StartSession.php(63): Illuminate/Session/Middleware/StartSession->handleStatefulRequest(Object(Illuminate/Http/Request), Object(Illuminate/Session/Store), Object(Closure))
#36 D:/KULIAH/BERAU COAL INTERN/logbook/vendor/laravel/framework/src/Illuminate/Pipeline/Pipeline.php(219): Illuminate/Session/Middleware/StartSession->handle(Object(Illuminate/Http/Request), Object(Closure))
#37 D:/KULIAH/BERAU COAL INTERN/logbook/vendor/laravel/framework/src/Illuminate/Cookie/Middleware/AddQueuedCookiesToResponse.php(36): Illuminate/Pipeline/Pipeline->Illuminate/Pipeline/{closure}(Object(Illuminate/Http/Request))
#38 D:/KULIAH/BERAU COAL INTERN/logbook/vendor/laravel/framework/src/Illuminate/Pipeline/Pipeline.php(219): Illuminate/Cookie/Middleware/AddQueuedCookiesToResponse->handle(Object(Illuminate/Http/Request), Object(Closure))
#39 D:/KULIAH/BERAU COAL INTERN/logbook/vendor/laravel/framework/src/Illuminate/Cookie/Middleware/EncryptCookies.php(74): Illuminate/Pipeline/Pipeline->Illuminate/Pipeline/{closure}(Object(Illuminate/Http/Request))
#40 D:/KULIAH/BERAU COAL INTERN/logbook/vendor/laravel/framework/src/Illuminate/Pipeline/Pipeline.php(219): Illuminate/Cookie/Middleware/EncryptCookies->handle(Object(Illuminate/Http/Request), Object(Closure))
#41 D:/KULIAH/BERAU COAL INTERN/logbook/vendor/laravel/framework/src/Illuminate/Pipeline/Pipeline.php(137): Illuminate/Pipeline/Pipeline->Illuminate/Pipeline/{closure}(Object(Illuminate/Http/Request))
#42 D:/KULIAH/BERAU COAL INTERN/logbook/vendor/laravel/framework/src/Illuminate/Routing/Router.php(821): Illuminate/Pipeline/Pipeline->then(Object(Closure))
#43 D:/KULIAH/BERAU COAL INTERN/logbook/vendor/laravel/framework/src/Illuminate/Routing/Router.php(800): Illuminate/Routing/Router->runRouteWithinStack(Object(Illuminate/Routing/Route), Object(Illuminate/Http/Request))
#44 D:/KULIAH/BERAU COAL INTERN/logbook/vendor/laravel/framework/src/Illuminate/Routing/Router.php(764): Illuminate/Routing/Router->runRoute(Object(Illuminate/Http/Request), Object(Illuminate/Routing/Route))
#45 D:/KULIAH/BERAU COAL INTERN/logbook/vendor/laravel/framework/src/Illuminate/Routing/Router.php(753): Illuminate/Routing/Router->dispatchToRoute(Object(Illuminate/Http/Request))
#46 D:/KULIAH/BERAU COAL INTERN/logbook/vendor/laravel/framework/src/Illuminate/Foundation/Http/Kernel.php(200): Illuminate/Routing/Router->dispatch(Object(Illuminate/Http/Request))
#47 D:/KULIAH/BERAU COAL INTERN/logbook/vendor/laravel/framework/src/Illuminate/Pipeline/Pipeline.php(180): Illuminate/Foundation/Http/Kernel->Illuminate/Foundation/Http/{closure}(Object(Illuminate/Http/Request))
#48 D:/KULIAH/BERAU COAL INTERN/logbook/vendor/laravel/framework/src/Illuminate/Foundation/Http/Middleware/TransformsRequest.php(21): Illuminate/Pipeline/Pipeline->Illuminate/Pipeline/{closure}(Object(Illuminate/Http/Request))
#49 D:/KULIAH/BERAU COAL INTERN/logbook/vendor/laravel/framework/src/Illuminate/Foundation/Http/Middleware/ConvertEmptyStringsToNull.php(31): Illuminate/Foundation/Http/Middleware/TransformsRequest->handle(Object(Illuminate/Http/Request), Object(Closure))
#50 D:/KULIAH/BERAU COAL INTERN/logbook/vendor/laravel/framework/src/Illuminate/Pipeline/Pipeline.php(219): Illuminate/Foundation/Http/Middleware/ConvertEmptyStringsToNull->handle(Object(Illuminate/Http/Request), Object(Closure))
#51 D:/KULIAH/BERAU COAL INTERN/logbook/vendor/laravel/framework/src/Illuminate/Foundation/Http/Middleware/TransformsRequest.php(21): Illuminate/Pipeline/Pipeline->Illuminate/Pipeline/{closure}(Object(Illuminate/Http/Request))
#52 D:/KULIAH/BERAU COAL INTERN/logbook/vendor/laravel/framework/src/Illuminate/Foundation/Http/Middleware/TrimStrings.php(51): Illuminate/Foundation/Http/Middleware/TransformsRequest->handle(Object(Illuminate/Http/Request), Object(Closure))
#53 D:/KULIAH/BERAU COAL INTERN/logbook/vendor/laravel/framework/src/Illuminate/Pipeline/Pipeline.php(219): Illuminate/Foundation/Http/Middleware/TrimStrings->handle(Object(Illuminate/Http/Request), Object(Closure))
#54 D:/KULIAH/BERAU COAL INTERN/logbook/vendor/laravel/framework/src/Illuminate/Http/Middleware/ValidatePostSize.php(27): Illuminate/Pipeline/Pipeline->Illuminate/Pipeline/{closure}(Object(Illuminate/Http/Request))
#55 D:/KULIAH/BERAU COAL INTERN/logbook/vendor/laravel/framework/src/Illuminate/Pipeline/Pipeline.php(219): Illuminate/Http/Middleware/ValidatePostSize->handle(Object(Illuminate/Http/Request), Object(Closure))
#56 D:/KULIAH/BERAU COAL INTERN/logbook/vendor/laravel/framework/src/Illuminate/Foundation/Http/Middleware/PreventRequestsDuringMaintenance.php(109): Illuminate/Pipeline/Pipeline->Illuminate/Pipeline/{closure}(Object(Illuminate/Http/Request))
#57 D:/KULIAH/BERAU COAL INTERN/logbook/vendor/laravel/framework/src/Illuminate/Pipeline/Pipeline.php(219): Illuminate/Foundation/Http/Middleware/PreventRequestsDuringMaintenance->handle(Object(Illuminate/Http/Request), Object(Closure))
#58 D:/KULIAH/BERAU COAL INTERN/logbook/vendor/laravel/framework/src/Illuminate/Http/Middleware/HandleCors.php(61): Illuminate/Pipeline/Pipeline->Illuminate/Pipeline/{closure}(Object(Illuminate/Http/Request))
#59 D:/KULIAH/BERAU COAL INTERN/logbook/vendor/laravel/framework/src/Illuminate/Pipeline/Pipeline.php(219): Illuminate/Http/Middleware/HandleCors->handle(Object(Illuminate/Http/Request), Object(Closure))
#60 D:/KULIAH/BERAU COAL INTERN/logbook/vendor/laravel/framework/src/Illuminate/Http/Middleware/TrustProxies.php(58): Illuminate/Pipeline/Pipeline->Illuminate/Pipeline/{closure}(Object(Illuminate/Http/Request))
#61 D:/KULIAH/BERAU COAL INTERN/logbook/vendor/laravel/framework/src/Illuminate/Pipeline/Pipeline.php(219): Illuminate/Http/Middleware/TrustProxies->handle(Object(Illuminate/Http/Request), Object(Closure))
#62 D:/KULIAH/BERAU COAL INTERN/logbook/vendor/laravel/framework/src/Illuminate/Foundation/Http/Middleware/InvokeDeferredCallbacks.php(22): Illuminate/Pipeline/Pipeline->Illuminate/Pipeline/{closure}(Object(Illuminate/Http/Request))
#63 D:/KULIAH/BERAU COAL INTERN/logbook/vendor/laravel/framework/src/Illuminate/Pipeline/Pipeline.php(219): Illuminate/Foundation/Http/Middleware/InvokeDeferredCallbacks->handle(Object(Illuminate/Http/Request), Object(Closure))
#64 D:/KULIAH/BERAU COAL INTERN/logbook/vendor/laravel/framework/src/Illuminate/Http/Middleware/ValidatePathEncoding.php(26): Illuminate/Pipeline/Pipeline->Illuminate/Pipeline/{closure}(Object(Illuminate/Http/Request))
#65 D:/KULIAH/BERAU COAL INTERN/logbook/vendor/laravel/framework/src/Illuminate/Pipeline/Pipeline.php(219): Illuminate/Http/Middleware/ValidatePathEncoding->handle(Object(Illuminate/Http/Request), Object(Closure))
#66 D:/KULIAH/BERAU COAL INTERN/logbook/vendor/laravel/framework/src/Illuminate/Pipeline/Pipeline.php(137): Illuminate/Pipeline/Pipeline->Illuminate/Pipeline/{closure}(Object(Illuminate/Http/Request))
#67 D:/KULIAH/BERAU COAL INTERN/logbook/vendor/laravel/framework/src/Illuminate/Foundation/Http/Kernel.php(175): Illuminate/Pipeline/Pipeline->then(Object(Closure))
#68 D:/KULIAH/BERAU COAL INTERN/logbook/vendor/laravel/framework/src/Illuminate/Foundation/Http/Kernel.php(144): Illuminate/Foundation/Http/Kernel->sendRequestThroughRouter(Object(Illuminate/Http/Request))
#69 D:/KULIAH/BERAU COAL INTERN/logbook/public/index.php(13): Illuminate/Foundation/Http/Kernel->handle(Object(Illuminate/Http/Request))
#70 D:/KULIAH/BERAU COAL INTERN/logbook/vendor/laravel/framework/src/Illuminate/Foundation/resources/server.php(23): require_once('D://KULIAH//BERAU...')
#71 {main}
"} 
[2026-08-07 15:20:51] local.ERROR: The "-e" option does not exist. {"exception":"[object] (Symfony\\Component\\Console\\Exception\\RuntimeException(code: 0): The \"-e\" option does not exist. at D:/KULIAH/BERAU COAL INTERN/logbook/vendor/symfony/console/Input/ArgvInput.php:128)
[stacktrace]
#0 D:/KULIAH/BERAU COAL INTERN/logbook/vendor/symfony/console/Input/ArgvInput.php(110): Symfony/Component/Console/Input/ArgvInput->parseShortOptionSet('encodedCommand')
#1 D:/KULIAH/BERAU COAL INTERN/logbook/vendor/symfony/console/Input/ArgvInput.php(90): Symfony/Component/Console/Input/ArgvInput->parseShortOption('-encodedCommand')
#2 D:/KULIAH/BERAU COAL INTERN/logbook/vendor/symfony/console/Input/ArgvInput.php(77): Symfony/Component/Console/Input/ArgvInput->parseToken('-encodedCommand', true)
#3 D:/KULIAH/BERAU COAL INTERN/logbook/vendor/symfony/console/Input/Input.php(53): Symfony/Component/Console/Input/ArgvInput->parse()
#4 D:/KULIAH/BERAU COAL INTERN/logbook/vendor/symfony/console/Command/Command.php(295): Symfony/Component/Console/Input/Input->bind(Object(Symfony/Component/Console/Input/InputDefinition))
#5 D:/KULIAH/BERAU COAL INTERN/logbook/vendor/laravel/framework/src/Illuminate/Console/Command.php(180): Symfony/Component/Console/Command/Command->run(Object(Symfony/Component/Console/Input/ArgvInput), Object(Illuminate/Console/OutputStyle))
#6 D:/KULIAH/BERAU COAL INTERN/logbook/vendor/symfony/console/Application.php(1117): Illuminate/Console/Command->run(Object(Symfony/Component/Console/Input/ArgvInput), Object(Symfony/Component/Console/Output/ConsoleOutput))
#7 D:/KULIAH/BERAU COAL INTERN/logbook/vendor/symfony/console/Application.php(356): Symfony/Component/Console/Application->doRunCommand(Object(Illuminate/Foundation/Console/RouteListCommand), Object(Symfony/Component/Console/Input/ArgvInput), Object(Symfony/Component/Console/Output/ConsoleOutput))
#8 D:/KULIAH/BERAU COAL INTERN/logbook/vendor/symfony/console/Application.php(195): Symfony/Component/Console/Application->doRun(Object(Symfony/Component/Console/Input/ArgvInput), Object(Symfony/Component/Console/Output/ConsoleOutput))
#9 D:/KULIAH/BERAU COAL INTERN/logbook/vendor/laravel/framework/src/Illuminate/Foundation/Console/Kernel.php(198): Symfony/Component/Console/Application->run(Object(Symfony/Component/Console/Input/ArgvInput), Object(Symfony/Component/Console/Output/ConsoleOutput))
#10 D:/KULIAH/BERAU COAL INTERN/logbook/vendor/laravel/framework/src/Illuminate/Foundation/Application.php(1235): Illuminate/Foundation/Console/Kernel->handle(Object(Symfony/Component/Console/Input/ArgvInput), Object(Symfony/Component/Console/Output/ConsoleOutput))
#11 D:/KULIAH/BERAU COAL INTERN/logbook/artisan(16): Illuminate/Foundation/Application->handleCommand(Object(Symfony/Component/Console/Input/ArgvInput))
#12 {main}
"} 
[2026-08-07 15:20:59] local.ERROR: The "-e" option does not exist. {"exception":"[object] (Symfony\\Component\\Console\\Exception\\RuntimeException(code: 0): The \"-e\" option does not exist. at D:/KULIAH/BERAU COAL INTERN/logbook/vendor/symfony/console/Input/ArgvInput.php:128)
[stacktrace]
#0 D:/KULIAH/BERAU COAL INTERN/logbook/vendor/symfony/console/Input/ArgvInput.php(110): Symfony/Component/Console/Input/ArgvInput->parseShortOptionSet('encodedCommand')
#1 D:/KULIAH/BERAU COAL INTERN/logbook/vendor/symfony/console/Input/ArgvInput.php(90): Symfony/Component/Console/Input/ArgvInput->parseShortOption('-encodedCommand')
#2 D:/KULIAH/BERAU COAL INTERN/logbook/vendor/symfony/console/Input/ArgvInput.php(77): Symfony/Component/Console/Input/ArgvInput->parseToken('-encodedCommand', true)
#3 D:/KULIAH/BERAU COAL INTERN/logbook/vendor/symfony/console/Input/Input.php(53): Symfony/Component/Console/Input/ArgvInput->parse()
#4 D:/KULIAH/BERAU COAL INTERN/logbook/vendor/symfony/console/Command/Command.php(295): Symfony/Component/Console/Input/Input->bind(Object(Symfony/Component/Console/Input/InputDefinition))
#5 D:/KULIAH/BERAU COAL INTERN/logbook/vendor/laravel/framework/src/Illuminate/Console/Command.php(180): Symfony/Component/Console/Command/Command->run(Object(Symfony/Component/Console/Input/ArgvInput), Object(Illuminate/Console/OutputStyle))
#6 D:/KULIAH/BERAU COAL INTERN/logbook/vendor/symfony/console/Application.php(1117): Illuminate/Console/Command->run(Object(Symfony/Component/Console/Input/ArgvInput), Object(Symfony/Component/Console/Output/ConsoleOutput))
#7 D:/KULIAH/BERAU COAL INTERN/logbook/vendor/symfony/console/Application.php(356): Symfony/Component/Console/Application->doRunCommand(Object(Illuminate/Foundation/Console/RouteListCommand), Object(Symfony/Component/Console/Input/ArgvInput), Object(Symfony/Component/Console/Output/ConsoleOutput))
#8 D:/KULIAH/BERAU COAL INTERN/logbook/vendor/symfony/console/Application.php(195): Symfony/Component/Console/Application->doRun(Object(Symfony/Component/Console/Input/ArgvInput), Object(Symfony/Component/Console/Output/ConsoleOutput))
#9 D:/KULIAH/BERAU COAL INTERN/logbook/vendor/laravel/framework/src/Illuminate/Foundation/Console/Kernel.php(198): Symfony/Component/Console/Application->run(Object(Symfony/Component/Console/Input/ArgvInput), Object(Symfony/Component/Console/Output/ConsoleOutput))
#10 D:/KULIAH/BERAU COAL INTERN/logbook/vendor/laravel/framework/src/Illuminate/Foundation/Application.php(1235): Illuminate/Foundation/Console/Kernel->handle(Object(Symfony/Component/Console/Input/ArgvInput), Object(Symfony/Component/Console/Output/ConsoleOutput))
#11 D:/KULIAH/BERAU COAL INTERN/logbook/artisan(16): Illuminate/Foundation/Application->handleCommand(Object(Symfony/Component/Console/Input/ArgvInput))
#12 {main}
"} 
[2026-08-07 15:25:09] local.ERROR: SQLSTATE[23000]: Integrity constraint violation: 19 NOT NULL constraint failed: ojt_logbooks.hm_start (Connection: sqlite, Database: database/database.sqlite, SQL: insert into "ojt_logbooks" ("logbook_number", "trainee_id", "trainer_id", "supervisor_id", "department_id", "equipment_category_id", "equipment_id", "equipment_number", "date", "shift", "location", "start_time", "finish_time", "hm_start", "hm_end", "total_hm", "daily_activity", "sop_payload", "status", "submitted_at", "updated_at", "created_at") values (LOG-202608-0015, 1, ?, ?, 1, 3, ?, ?, 2026-08-07 00:00:00, day, ?, 07:00, 17:00, ?, ?, 0, ?, {"meta":{"category_code":"DZ","unit_family":"track","trainee_name":"Ahmad Rian Syahputra","certification":"Green","company":"PT BERAU COAL \/ PT MTL","sticker_expired_at":null,"assessment_mode":"pendampingan","assessment_stage":"bulanan"},"track":{"groups":[{"title":"Teknik Pengoperasian","subtitle":"Dozing & Digging untuk Buldozer \/ Grading & Digging untuk Motor Grader","items":[{"code":"1.1","label":"Cara memposisikan blade pada saat mendorong \/ grading","kind":"Skl","status":"K","note":null},{"code":"1.2","label":"Penggunaan tilt blade","kind":"Kwn","status":"K","note":null},{"code":"1.3","label":"Cara pengoperasian blade untuk mendorong \/ ditching","kind":"Skl","note":null},{"code":"1.4","label":"Cara pengoperasian blade untuk menggali \/ sloping","kind":"Skl","note":null},{"code":"1.5","label":"Penyesuaian beban dengan RPM \/ posisi transmisi","kind":"Skl","note":null},{"code":"1.6","label":"Teknik dozing \/ grading \/ digging","kind":"Skl","note":null}]},{"title":"Spreading & Leveling","subtitle":"Pengoperasian untuk meratakan, memadatkan, dan membentuk area kerja","items":[{"code":"2.1","label":"Penggunaan speed \/ transmisi saat bergerak","kind":"Kwn","note":null},{"code":"2.2","label":"Cara leveling menggunakan tilt","kind":"Kwn","note":null},{"code":"2.3","label":"Cara menghampar material untuk membuat jalan \/ menimbun lubang","kind":"Skl","note":null},{"code":"2.4","label":"Filling pada saat melewatkan area kerja","kind":"Skl","note":null},{"code":"2.5","label":"Penggunaan steering","kind":"Skl","note":null},{"code":"2.6","label":"Penggunaan articulated (khusus unit GR)","kind":"Skl","note":null},{"code":"2.7","label":"Teknik spreading \/ leveling","kind":"Skl","note":null}]},{"title":"Ripping","subtitle":"Khusus untuk pekerjaan ripping dan pembukaan material keras","items":[{"code":"3.1","label":"Cara memposisikan ripper","kind":"Skl","note":null},{"code":"3.2","label":"Teknik penetrasi ripping","kind":"Kwn","note":null},{"code":"3.3","label":"Penyesuaian posisi ripper dengan kekerasan material","kind":"Skl","note":null}]},{"title":"Finishing","subtitle":"Finishing grading dan koreksi permukaan kerja","items":[{"code":"4.1","label":"Kesesuaian penggunaan speed","kind":"Skl","note":null},{"code":"4.2","label":"Hasil akurasi \/ kualitas pekerjaan","kind":"Skl","note":null}]}],"behavior":[{"code":"1","label":"Mempedulikan pemakaian fuel\/ bahan bakar","kind":"Atd","note":null},{"code":"2","label":"Mempedulikan pemakaian tyre\/ undercarriage","kind":"Atd","note":null},{"code":"3","label":"Mempedulikan akan ketidaknormalan unit","kind":"Atd","note":null},{"code":"4","label":"Mempedulikan untuk bekerja dengan efektif dan efisien","kind":"Atd","note":null},{"code":"5","label":"Mempedulikan untuk meniadakan pemborosan dimanapun","kind":"Atd","note":null},{"code":"6","label":"Melaksanakan aktivitas sesuai instruksi","kind":"Atd","note":null},{"code":"7","label":"Berusaha untuk melakukan yang terbaik","kind":"Atd","note":null},{"code":"8","label":"Selalu siap menerima tugas yang diberikan","kind":"Atd","note":null},{"code":"9","label":"Berani mengingatkan jika ada yang berbuat kesalahan","kind":"Atd","note":null},{"code":"10","label":"Disiplin waktu saat pelaksanaan pelatihan","kind":"Atd","note":null},{"code":"11","label":"Mematuhi semua aturan yang berlaku","kind":"Atd","note":null},{"code":"12","label":"Tidak pernah mangkir","kind":"Atd","note":null},{"code":"13","label":"Melaksanakan tugas kelompok bersama-sama","kind":"Atd","note":null},{"code":"14","label":"Berinisiatif untuk membantu","kind":"Atd","note":null},{"code":"15","label":"Selalu antusias jika diberi tugas","kind":"Atd","note":null},{"code":"16","label":"Melaporkan setiap kejadian diluar wewenangnya","kind":"Atd","note":null},{"code":"17","label":"Tidak ragu-ragu jika diberi instruksi","kind":"Atd","note":null},{"code":"18","label":"Mengoperasikan unit dengan penuh keyakinan","kind":"Atd","note":null},{"code":"19","label":"Bersikap proaktif di setiap kegiatan","kind":"Atd","note":null},{"code":"20","label":"Tidak malu untuk bertanya jika ada kesulitan","kind":"Atd","note":null}]},"excavator":{"groups":[{"title":"Positioning","subtitle":"Positioning unit di front loading dan sudut kerja bucket","items":[{"code":"1.1","label":"Posisi unit di front loading","kind":"Kwn","note":null},{"code":"1.2","label":"Sudut kerja bucket ke material","kind":"Skl","note":null},{"code":"1.3","label":"Cara menempatkan bucket dengan aman","kind":"Skl","note":null},{"code":"1.4","label":"Posisi travel dan swing saat bekerja","kind":"Skl","note":null}]},{"title":"Loading & Dumping","subtitle":"Cara swing, memuat, dan dumping yang aman","items":[{"code":"2.1","label":"Cara swing menuju truck","kind":"Kwn","note":null},{"code":"2.2","label":"Cara loading material ke dump truck","kind":"Kwn","note":null},{"code":"2.3","label":"Kontrol bucket saat dumping","kind":"Kwn","note":null},{"code":"2.4","label":"Cara dumping dan kerapian muatan","kind":"Skl","note":null},{"code":"2.5","label":"Cycle time","kind":"Kwn","note":null}]},{"title":"Digging","subtitle":"Teknik gali dan pengaturan kerja bucket","items":[{"code":"3.1","label":"Self positioning dan penempatan bucket","kind":"Skl","note":null},{"code":"3.2","label":"Teknik kombinasi maju pada saat digging","kind":"Skl","note":null},{"code":"3.3","label":"Cara pengambilan material pada saat digging","kind":"Skl","note":null},{"code":"3.4","label":"Volume bucket","kind":"Kwn","note":null}]},{"title":"Sloping","subtitle":"Kontur slope dan kerja finishing area lereng","items":[{"code":"4.1","label":"Keterampilan saat sloping","kind":"Skl","note":null},{"code":"4.2","label":"Ketinggian \/ sudut penempatan slope","kind":"Skl","note":null},{"code":"4.3","label":"Kecepatan kerja ketika sloping","kind":"Skl","note":null},{"code":"4.4","label":"Hasil akhir permukaan slope","kind":"Skl","note":null}]}],"behavior":[{"code":"1","label":"Mempedulikan pemakaian fuel\/ bahan bakar","kind":"Atd","note":null},{"code":"2","label":"Mempedulikan pemakaian tyre\/ undercarriage","kind":"Atd","note":null},{"code":"3","label":"Mempedulikan akan ketidaknormalan unit","kind":"Atd","note":null},{"code":"4","label":"Mempedulikan untuk bekerja dengan efektif dan efisien","kind":"Atd","note":null},{"code":"5","label":"Mempedulikan untuk meniadakan pemborosan dimanapun","kind":"Atd","note":null},{"code":"6","label":"Melaksanakan aktivitas sesuai instruksi","kind":"Atd","note":null},{"code":"7","label":"Berusaha untuk melakukan yang terbaik","kind":"Atd","note":null},{"code":"8","label":"Selalu siap menerima tugas yang diberikan","kind":"Atd","note":null},{"code":"9","label":"Berani mengingatkan jika ada yang berbuat kesalahan","kind":"Atd","note":null},{"code":"10","label":"Disiplin waktu saat pelaksanaan pelatihan","kind":"Atd","note":null},{"code":"11","label":"Mematuhi semua aturan yang berlaku","kind":"Atd","note":null},{"code":"12","label":"Tidak pernah mangkir","kind":"Atd","note":null},{"code":"13","label":"Melaksanakan tugas kelompok bersama-sama","kind":"Atd","note":null},{"code":"14","label":"Berinisiatif untuk membantu","kind":"Atd","note":null},{"code":"15","label":"Selalu antusias jika diberi tugas","kind":"Atd","note":null},{"code":"16","label":"Melaporkan setiap kejadian diluar wewenangnya","kind":"Atd","note":null},{"code":"17","label":"Tidak ragu-ragu jika diberi instruksi","kind":"Atd","note":null},{"code":"18","label":"Mengoperasikan unit dengan penuh keyakinan","kind":"Atd","note":null},{"code":"19","label":"Bersikap proaktif di setiap kegiatan","kind":"Atd","note":null},{"code":"20","label":"Tidak malu untuk bertanya jika ada kesulitan","kind":"Atd","note":null}]}}, draft, ?, 2026-08-07 15:25:09, 2026-08-07 15:25:09)) {"userId":1,"exception":"[object] (Illuminate\\Database\\QueryException(code: 23000): SQLSTATE[23000]: Integrity constraint violation: 19 NOT NULL constraint failed: ojt_logbooks.hm_start (Connection: sqlite, Database: database/database.sqlite, SQL: insert into \"ojt_logbooks\" (\"logbook_number\", \"trainee_id\", \"trainer_id\", \"supervisor_id\", \"department_id\", \"equipment_category_id\", \"equipment_id\", \"equipment_number\", \"date\", \"shift\", \"location\", \"start_time\", \"finish_time\", \"hm_start\", \"hm_end\", \"total_hm\", \"daily_activity\", \"sop_payload\", \"status\", \"submitted_at\", \"updated_at\", \"created_at\") values (LOG-202608-0015, 1, ?, ?, 1, 3, ?, ?, 2026-08-07 00:00:00, day, ?, 07:00, 17:00, ?, ?, 0, ?, {\"meta\":{\"category_code\":\"DZ\",\"unit_family\":\"track\",\"trainee_name\":\"Ahmad Rian Syahputra\",\"certification\":\"Green\",\"company\":\"PT BERAU COAL \\/ PT MTL\",\"sticker_expired_at\":null,\"assessment_mode\":\"pendampingan\",\"assessment_stage\":\"bulanan\"},\"track\":{\"groups\":[{\"title\":\"Teknik Pengoperasian\",\"subtitle\":\"Dozing & Digging untuk Buldozer \\/ Grading & Digging untuk Motor Grader\",\"items\":[{\"code\":\"1.1\",\"label\":\"Cara memposisikan blade pada saat mendorong \\/ grading\",\"kind\":\"Skl\",\"status\":\"K\",\"note\":null},{\"code\":\"1.2\",\"label\":\"Penggunaan tilt blade\",\"kind\":\"Kwn\",\"status\":\"K\",\"note\":null},{\"code\":\"1.3\",\"label\":\"Cara pengoperasian blade untuk mendorong \\/ ditching\",\"kind\":\"Skl\",\"note\":null},{\"code\":\"1.4\",\"label\":\"Cara pengoperasian blade untuk menggali \\/ sloping\",\"kind\":\"Skl\",\"note\":null},{\"code\":\"1.5\",\"label\":\"Penyesuaian beban dengan RPM \\/ posisi transmisi\",\"kind\":\"Skl\",\"note\":null},{\"code\":\"1.6\",\"label\":\"Teknik dozing \\/ grading \\/ digging\",\"kind\":\"Skl\",\"note\":null}]},{\"title\":\"Spreading & Leveling\",\"subtitle\":\"Pengoperasian untuk meratakan, memadatkan, dan membentuk area kerja\",\"items\":[{\"code\":\"2.1\",\"label\":\"Penggunaan speed \\/ transmisi saat bergerak\",\"kind\":\"Kwn\",\"note\":null},{\"code\":\"2.2\",\"label\":\"Cara leveling menggunakan tilt\",\"kind\":\"Kwn\",\"note\":null},{\"code\":\"2.3\",\"label\":\"Cara menghampar material untuk membuat jalan \\/ menimbun lubang\",\"kind\":\"Skl\",\"note\":null},{\"code\":\"2.4\",\"label\":\"Filling pada saat melewatkan area kerja\",\"kind\":\"Skl\",\"note\":null},{\"code\":\"2.5\",\"label\":\"Penggunaan steering\",\"kind\":\"Skl\",\"note\":null},{\"code\":\"2.6\",\"label\":\"Penggunaan articulated (khusus unit GR)\",\"kind\":\"Skl\",\"note\":null},{\"code\":\"2.7\",\"label\":\"Teknik spreading \\/ leveling\",\"kind\":\"Skl\",\"note\":null}]},{\"title\":\"Ripping\",\"subtitle\":\"Khusus untuk pekerjaan ripping dan pembukaan material keras\",\"items\":[{\"code\":\"3.1\",\"label\":\"Cara memposisikan ripper\",\"kind\":\"Skl\",\"note\":null},{\"code\":\"3.2\",\"label\":\"Teknik penetrasi ripping\",\"kind\":\"Kwn\",\"note\":null},{\"code\":\"3.3\",\"label\":\"Penyesuaian posisi ripper dengan kekerasan material\",\"kind\":\"Skl\",\"note\":null}]},{\"title\":\"Finishing\",\"subtitle\":\"Finishing grading dan koreksi permukaan kerja\",\"items\":[{\"code\":\"4.1\",\"label\":\"Kesesuaian penggunaan speed\",\"kind\":\"Skl\",\"note\":null},{\"code\":\"4.2\",\"label\":\"Hasil akurasi \\/ kualitas pekerjaan\",\"kind\":\"Skl\",\"note\":null}]}],\"behavior\":[{\"code\":\"1\",\"label\":\"Mempedulikan pemakaian fuel\\/ bahan bakar\",\"kind\":\"Atd\",\"note\":null},{\"code\":\"2\",\"label\":\"Mempedulikan pemakaian tyre\\/ undercarriage\",\"kind\":\"Atd\",\"note\":null},{\"code\":\"3\",\"label\":\"Mempedulikan akan ketidaknormalan unit\",\"kind\":\"Atd\",\"note\":null},{\"code\":\"4\",\"label\":\"Mempedulikan untuk bekerja dengan efektif dan efisien\",\"kind\":\"Atd\",\"note\":null},{\"code\":\"5\",\"label\":\"Mempedulikan untuk meniadakan pemborosan dimanapun\",\"kind\":\"Atd\",\"note\":null},{\"code\":\"6\",\"label\":\"Melaksanakan aktivitas sesuai instruksi\",\"kind\":\"Atd\",\"note\":null},{\"code\":\"7\",\"label\":\"Berusaha untuk melakukan yang terbaik\",\"kind\":\"Atd\",\"note\":null},{\"code\":\"8\",\"label\":\"Selalu siap menerima tugas yang diberikan\",\"kind\":\"Atd\",\"note\":null},{\"code\":\"9\",\"label\":\"Berani mengingatkan jika ada yang berbuat kesalahan\",\"kind\":\"Atd\",\"note\":null},{\"code\":\"10\",\"label\":\"Disiplin waktu saat pelaksanaan pelatihan\",\"kind\":\"Atd\",\"note\":null},{\"code\":\"11\",\"label\":\"Mematuhi semua aturan yang berlaku\",\"kind\":\"Atd\",\"note\":null},{\"code\":\"12\",\"label\":\"Tidak pernah mangkir\",\"kind\":\"Atd\",\"note\":null},{\"code\":\"13\",\"label\":\"Melaksanakan tugas kelompok bersama-sama\",\"kind\":\"Atd\",\"note\":null},{\"code\":\"14\",\"label\":\"Berinisiatif untuk membantu\",\"kind\":\"Atd\",\"note\":null},{\"code\":\"15\",\"label\":\"Selalu antusias jika diberi tugas\",\"kind\":\"Atd\",\"note\":null},{\"code\":\"16\",\"label\":\"Melaporkan setiap kejadian diluar wewenangnya\",\"kind\":\"Atd\",\"note\":null},{\"code\":\"17\",\"label\":\"Tidak ragu-ragu jika diberi instruksi\",\"kind\":\"Atd\",\"note\":null},{\"code\":\"18\",\"label\":\"Mengoperasikan unit dengan penuh keyakinan\",\"kind\":\"Atd\",\"note\":null},{\"code\":\"19\",\"label\":\"Bersikap proaktif di setiap kegiatan\",\"kind\":\"Atd\",\"note\":null},{\"code\":\"20\",\"label\":\"Tidak malu untuk bertanya jika ada kesulitan\",\"kind\":\"Atd\",\"note\":null}]},\"excavator\":{\"groups\":[{\"title\":\"Positioning\",\"subtitle\":\"Positioning unit di front loading dan sudut kerja bucket\",\"items\":[{\"code\":\"1.1\",\"label\":\"Posisi unit di front loading\",\"kind\":\"Kwn\",\"note\":null},{\"code\":\"1.2\",\"label\":\"Sudut kerja bucket ke material\",\"kind\":\"Skl\",\"note\":null},{\"code\":\"1.3\",\"label\":\"Cara menempatkan bucket dengan aman\",\"kind\":\"Skl\",\"note\":null},{\"code\":\"1.4\",\"label\":\"Posisi travel dan swing saat bekerja\",\"kind\":\"Skl\",\"note\":null}]},{\"title\":\"Loading & Dumping\",\"subtitle\":\"Cara swing, memuat, dan dumping yang aman\",\"items\":[{\"code\":\"2.1\",\"label\":\"Cara swing menuju truck\",\"kind\":\"Kwn\",\"note\":null},{\"code\":\"2.2\",\"label\":\"Cara loading material ke dump truck\",\"kind\":\"Kwn\",\"note\":null},{\"code\":\"2.3\",\"label\":\"Kontrol bucket saat dumping\",\"kind\":\"Kwn\",\"note\":null},{\"code\":\"2.4\",\"label\":\"Cara dumping dan kerapian muatan\",\"kind\":\"Skl\",\"note\":null},{\"code\":\"2.5\",\"label\":\"Cycle time\",\"kind\":\"Kwn\",\"note\":null}]},{\"title\":\"Digging\",\"subtitle\":\"Teknik gali dan pengaturan kerja bucket\",\"items\":[{\"code\":\"3.1\",\"label\":\"Self positioning dan penempatan bucket\",\"kind\":\"Skl\",\"note\":null},{\"code\":\"3.2\",\"label\":\"Teknik kombinasi maju pada saat digging\",\"kind\":\"Skl\",\"note\":null},{\"code\":\"3.3\",\"label\":\"Cara pengambilan material pada saat digging\",\"kind\":\"Skl\",\"note\":null},{\"code\":\"3.4\",\"label\":\"Volume bucket\",\"kind\":\"Kwn\",\"note\":null}]},{\"title\":\"Sloping\",\"subtitle\":\"Kontur slope dan kerja finishing area lereng\",\"items\":[{\"code\":\"4.1\",\"label\":\"Keterampilan saat sloping\",\"kind\":\"Skl\",\"note\":null},{\"code\":\"4.2\",\"label\":\"Ketinggian \\/ sudut penempatan slope\",\"kind\":\"Skl\",\"note\":null},{\"code\":\"4.3\",\"label\":\"Kecepatan kerja ketika sloping\",\"kind\":\"Skl\",\"note\":null},{\"code\":\"4.4\",\"label\":\"Hasil akhir permukaan slope\",\"kind\":\"Skl\",\"note\":null}]}],\"behavior\":[{\"code\":\"1\",\"label\":\"Mempedulikan pemakaian fuel\\/ bahan bakar\",\"kind\":\"Atd\",\"note\":null},{\"code\":\"2\",\"label\":\"Mempedulikan pemakaian tyre\\/ undercarriage\",\"kind\":\"Atd\",\"note\":null},{\"code\":\"3\",\"label\":\"Mempedulikan akan ketidaknormalan unit\",\"kind\":\"Atd\",\"note\":null},{\"code\":\"4\",\"label\":\"Mempedulikan untuk bekerja dengan efektif dan efisien\",\"kind\":\"Atd\",\"note\":null},{\"code\":\"5\",\"label\":\"Mempedulikan untuk meniadakan pemborosan dimanapun\",\"kind\":\"Atd\",\"note\":null},{\"code\":\"6\",\"label\":\"Melaksanakan aktivitas sesuai instruksi\",\"kind\":\"Atd\",\"note\":null},{\"code\":\"7\",\"label\":\"Berusaha untuk melakukan yang terbaik\",\"kind\":\"Atd\",\"note\":null},{\"code\":\"8\",\"label\":\"Selalu siap menerima tugas yang diberikan\",\"kind\":\"Atd\",\"note\":null},{\"code\":\"9\",\"label\":\"Berani mengingatkan jika ada yang berbuat kesalahan\",\"kind\":\"Atd\",\"note\":null},{\"code\":\"10\",\"label\":\"Disiplin waktu saat pelaksanaan pelatihan\",\"kind\":\"Atd\",\"note\":null},{\"code\":\"11\",\"label\":\"Mematuhi semua aturan yang berlaku\",\"kind\":\"Atd\",\"note\":null},{\"code\":\"12\",\"label\":\"Tidak pernah mangkir\",\"kind\":\"Atd\",\"note\":null},{\"code\":\"13\",\"label\":\"Melaksanakan tugas kelompok bersama-sama\",\"kind\":\"Atd\",\"note\":null},{\"code\":\"14\",\"label\":\"Berinisiatif untuk membantu\",\"kind\":\"Atd\",\"note\":null},{\"code\":\"15\",\"label\":\"Selalu antusias jika diberi tugas\",\"kind\":\"Atd\",\"note\":null},{\"code\":\"16\",\"label\":\"Melaporkan setiap kejadian diluar wewenangnya\",\"kind\":\"Atd\",\"note\":null},{\"code\":\"17\",\"label\":\"Tidak ragu-ragu jika diberi instruksi\",\"kind\":\"Atd\",\"note\":null},{\"code\":\"18\",\"label\":\"Mengoperasikan unit dengan penuh keyakinan\",\"kind\":\"Atd\",\"note\":null},{\"code\":\"19\",\"label\":\"Bersikap proaktif di setiap kegiatan\",\"kind\":\"Atd\",\"note\":null},{\"code\":\"20\",\"label\":\"Tidak malu untuk bertanya jika ada kesulitan\",\"kind\":\"Atd\",\"note\":null}]}}, draft, ?, 2026-08-07 15:25:09, 2026-08-07 15:25:09)) at D:/KULIAH/BERAU COAL INTERN/logbook/vendor/laravel/framework/src/Illuminate/Database/Connection.php:838)
[stacktrace]
#0 D:/KULIAH/BERAU COAL INTERN/logbook/vendor/laravel/framework/src/Illuminate/Database/Connection.php(794): Illuminate/Database/Connection->runQueryCallback('insert into \"oj...', Array, Object(Closure))
#1 D:/KULIAH/BERAU COAL INTERN/logbook/vendor/laravel/framework/src/Illuminate/Database/Connection.php(573): Illuminate/Database/Connection->run('insert into \"oj...', Array, Object(Closure))
#2 D:/KULIAH/BERAU COAL INTERN/logbook/vendor/laravel/framework/src/Illuminate/Database/Connection.php(537): Illuminate/Database/Connection->statement('insert into \"oj...', Array)
#3 D:/KULIAH/BERAU COAL INTERN/logbook/vendor/laravel/framework/src/Illuminate/Database/Query/Processors/Processor.php(32): Illuminate/Database/Connection->insert('insert into \"oj...', Array)
#4 D:/KULIAH/BERAU COAL INTERN/logbook/vendor/laravel/framework/src/Illuminate/Database/Query/Builder.php(4170): Illuminate/Database/Query/Processors/Processor->processInsertGetId(Object(Illuminate/Database/Query/Builder), 'insert into \"oj...', Array, 'id')
#5 D:/KULIAH/BERAU COAL INTERN/logbook/vendor/laravel/framework/src/Illuminate/Database/Eloquent/Builder.php(2237): Illuminate/Database/Query/Builder->insertGetId(Array, 'id')
#6 D:/KULIAH/BERAU COAL INTERN/logbook/vendor/laravel/framework/src/Illuminate/Database/Eloquent/Model.php(1436): Illuminate/Database/Eloquent/Builder->__call('insertGetId', Array)
#7 D:/KULIAH/BERAU COAL INTERN/logbook/vendor/laravel/framework/src/Illuminate/Database/Eloquent/Model.php(1401): Illuminate/Database/Eloquent/Model->insertAndSetId(Object(Illuminate/Database/Eloquent/Builder), Array)
#8 D:/KULIAH/BERAU COAL INTERN/logbook/vendor/laravel/framework/src/Illuminate/Database/Eloquent/Model.php(1240): Illuminate/Database/Eloquent/Model->performInsert(Object(Illuminate/Database/Eloquent/Builder))
#9 D:/KULIAH/BERAU COAL INTERN/logbook/vendor/laravel/framework/src/Illuminate/Database/Eloquent/Builder.php(1219): Illuminate/Database/Eloquent/Model->save()
#10 D:/KULIAH/BERAU COAL INTERN/logbook/vendor/laravel/framework/src/Illuminate/Support/helpers.php(393): Illuminate/Database/Eloquent/Builder->Illuminate/Database/Eloquent/{closure}(Object(App/Models/OjtLogbook))
#11 D:/KULIAH/BERAU COAL INTERN/logbook/vendor/laravel/framework/src/Illuminate/Database/Eloquent/Builder.php(1218): tap(Object(App/Models/OjtLogbook), Object(Closure))
#12 D:/KULIAH/BERAU COAL INTERN/logbook/vendor/laravel/framework/src/Illuminate/Support/Traits/ForwardsCalls.php(23): Illuminate/Database/Eloquent/Builder->create(Array)
#13 D:/KULIAH/BERAU COAL INTERN/logbook/vendor/laravel/framework/src/Illuminate/Database/Eloquent/Model.php(2544): Illuminate/Database/Eloquent/Model->forwardCallTo(Object(Illuminate/Database/Eloquent/Builder), 'create', Array)
#14 D:/KULIAH/BERAU COAL INTERN/logbook/vendor/laravel/framework/src/Illuminate/Database/Eloquent/Model.php(2560): Illuminate/Database/Eloquent/Model->__call('create', Array)
#15 D:/KULIAH/BERAU COAL INTERN/logbook/app/Http/Controllers/OjtLogbookController.php(100): Illuminate/Database/Eloquent/Model::__callStatic('create', Array)
#16 D:/KULIAH/BERAU COAL INTERN/logbook/vendor/laravel/framework/src/Illuminate/Routing/Controller.php(54): App/Http/Controllers/OjtLogbookController->store(Object(App/Http/Requests/StoreLogbookRequest))
#17 D:/KULIAH/BERAU COAL INTERN/logbook/vendor/laravel/framework/src/Illuminate/Routing/ControllerDispatcher.php(43): Illuminate/Routing/Controller->callAction('store', Array)
#18 D:/KULIAH/BERAU COAL INTERN/logbook/vendor/laravel/framework/src/Illuminate/Routing/Route.php(265): Illuminate/Routing/ControllerDispatcher->dispatch(Object(Illuminate/Routing/Route), Object(App/Http/Controllers/OjtLogbookController), 'store')
#19 D:/KULIAH/BERAU COAL INTERN/logbook/vendor/laravel/framework/src/Illuminate/Routing/Route.php(211): Illuminate/Routing/Route->runController()
#20 D:/KULIAH/BERAU COAL INTERN/logbook/vendor/laravel/framework/src/Illuminate/Routing/Router.php(822): Illuminate/Routing/Route->run()
#21 D:/KULIAH/BERAU COAL INTERN/logbook/vendor/laravel/framework/src/Illuminate/Pipeline/Pipeline.php(180): Illuminate/Routing/Router->Illuminate/Routing/{closure}(Object(Illuminate/Http/Request))
#22 D:/KULIAH/BERAU COAL INTERN/logbook/app/Http/Middleware/RoleMiddleware.php(23): Illuminate/Pipeline/Pipeline->Illuminate/Pipeline/{closure}(Object(Illuminate/Http/Request))
#23 D:/KULIAH/BERAU COAL INTERN/logbook/vendor/laravel/framework/src/Illuminate/Pipeline/Pipeline.php(219): App/Http/Middleware/RoleMiddleware->handle(Object(Illuminate/Http/Request), Object(Closure), 'trainee')
#24 D:/KULIAH/BERAU COAL INTERN/logbook/vendor/laravel/framework/src/Illuminate/Routing/Middleware/SubstituteBindings.php(50): Illuminate/Pipeline/Pipeline->Illuminate/Pipeline/{closure}(Object(Illuminate/Http/Request))
#25 D:/KULIAH/BERAU COAL INTERN/logbook/vendor/laravel/framework/src/Illuminate/Pipeline/Pipeline.php(219): Illuminate/Routing/Middleware/SubstituteBindings->handle(Object(Illuminate/Http/Request), Object(Closure))
#26 D:/KULIAH/BERAU COAL INTERN/logbook/vendor/laravel/framework/src/Illuminate/Auth/Middleware/Authenticate.php(63): Illuminate/Pipeline/Pipeline->Illuminate/Pipeline/{closure}(Object(Illuminate/Http/Request))
#27 D:/KULIAH/BERAU COAL INTERN/logbook/vendor/laravel/framework/src/Illuminate/Pipeline/Pipeline.php(219): Illuminate/Auth/Middleware/Authenticate->handle(Object(Illuminate/Http/Request), Object(Closure))
#28 D:/KULIAH/BERAU COAL INTERN/logbook/vendor/laravel/framework/src/Illuminate/Foundation/Http/Middleware/VerifyCsrfToken.php(87): Illuminate/Pipeline/Pipeline->Illuminate/Pipeline/{closure}(Object(Illuminate/Http/Request))
#29 D:/KULIAH/BERAU COAL INTERN/logbook/vendor/laravel/framework/src/Illuminate/Pipeline/Pipeline.php(219): Illuminate/Foundation/Http/Middleware/VerifyCsrfToken->handle(Object(Illuminate/Http/Request), Object(Closure))
#30 D:/KULIAH/BERAU COAL INTERN/logbook/vendor/laravel/framework/src/Illuminate/View/Middleware/ShareErrorsFromSession.php(48): Illuminate/Pipeline/Pipeline->Illuminate/Pipeline/{closure}(Object(Illuminate/Http/Request))
#31 D:/KULIAH/BERAU COAL INTERN/logbook/vendor/laravel/framework/src/Illuminate/Pipeline/Pipeline.php(219): Illuminate/View/Middleware/ShareErrorsFromSession->handle(Object(Illuminate/Http/Request), Object(Closure))
#32 D:/KULIAH/BERAU COAL INTERN/logbook/vendor/laravel/framework/src/Illuminate/Session/Middleware/StartSession.php(120): Illuminate/Pipeline/Pipeline->Illuminate/Pipeline/{closure}(Object(Illuminate/Http/Request))
#33 D:/KULIAH/BERAU COAL INTERN/logbook/vendor/laravel/framework/src/Illuminate/Session/Middleware/StartSession.php(63): Illuminate/Session/Middleware/StartSession->handleStatefulRequest(Object(Illuminate/Http/Request), Object(Illuminate/Session/Store), Object(Closure))
#34 D:/KULIAH/BERAU COAL INTERN/logbook/vendor/laravel/framework/src/Illuminate/Pipeline/Pipeline.php(219): Illuminate/Session/Middleware/StartSession->handle(Object(Illuminate/Http/Request), Object(Closure))
#35 D:/KULIAH/BERAU COAL INTERN/logbook/vendor/laravel/framework/src/Illuminate/Cookie/Middleware/AddQueuedCookiesToResponse.php(36): Illuminate/Pipeline/Pipeline->Illuminate/Pipeline/{closure}(Object(Illuminate/Http/Request))
#36 D:/KULIAH/BERAU COAL INTERN/logbook/vendor/laravel/framework/src/Illuminate/Pipeline/Pipeline.php(219): Illuminate/Cookie/Middleware/AddQueuedCookiesToResponse->handle(Object(Illuminate/Http/Request), Object(Closure))
#37 D:/KULIAH/BERAU COAL INTERN/logbook/vendor/laravel/framework/src/Illuminate/Cookie/Middleware/EncryptCookies.php(74): Illuminate/Pipeline/Pipeline->Illuminate/Pipeline/{closure}(Object(Illuminate/Http/Request))
#38 D:/KULIAH/BERAU COAL INTERN/logbook/vendor/laravel/framework/src/Illuminate/Pipeline/Pipeline.php(219): Illuminate/Cookie/Middleware/EncryptCookies->handle(Object(Illuminate/Http/Request), Object(Closure))
#39 D:/KULIAH/BERAU COAL INTERN/logbook/vendor/laravel/framework/src/Illuminate/Pipeline/Pipeline.php(137): Illuminate/Pipeline/Pipeline->Illuminate/Pipeline/{closure}(Object(Illuminate/Http/Request))
#40 D:/KULIAH/BERAU COAL INTERN/logbook/vendor/laravel/framework/src/Illuminate/Routing/Router.php(821): Illuminate/Pipeline/Pipeline->then(Object(Closure))
#41 D:/KULIAH/BERAU COAL INTERN/logbook/vendor/laravel/framework/src/Illuminate/Routing/Router.php(800): Illuminate/Routing/Router->runRouteWithinStack(Object(Illuminate/Routing/Route), Object(Illuminate/Http/Request))
#42 D:/KULIAH/BERAU COAL INTERN/logbook/vendor/laravel/framework/src/Illuminate/Routing/Router.php(764): Illuminate/Routing/Router->runRoute(Object(Illuminate/Http/Request), Object(Illuminate/Routing/Route))
#43 D:/KULIAH/BERAU COAL INTERN/logbook/vendor/laravel/framework/src/Illuminate/Routing/Router.php(753): Illuminate/Routing/Router->dispatchToRoute(Object(Illuminate/Http/Request))
#44 D:/KULIAH/BERAU COAL INTERN/logbook/vendor/laravel/framework/src/Illuminate/Foundation/Http/Kernel.php(200): Illuminate/Routing/Router->dispatch(Object(Illuminate/Http/Request))
#45 D:/KULIAH/BERAU COAL INTERN/logbook/vendor/laravel/framework/src/Illuminate/Pipeline/Pipeline.php(180): Illuminate/Foundation/Http/Kernel->Illuminate/Foundation/Http/{closure}(Object(Illuminate/Http/Request))
#46 D:/KULIAH/BERAU COAL INTERN/logbook/vendor/laravel/framework/src/Illuminate/Foundation/Http/Middleware/TransformsRequest.php(21): Illuminate/Pipeline/Pipeline->Illuminate/Pipeline/{closure}(Object(Illuminate/Http/Request))
#47 D:/KULIAH/BERAU COAL INTERN/logbook/vendor/laravel/framework/src/Illuminate/Foundation/Http/Middleware/ConvertEmptyStringsToNull.php(31): Illuminate/Foundation/Http/Middleware/TransformsRequest->handle(Object(Illuminate/Http/Request), Object(Closure))
#48 D:/KULIAH/BERAU COAL INTERN/logbook/vendor/laravel/framework/src/Illuminate/Pipeline/Pipeline.php(219): Illuminate/Foundation/Http/Middleware/ConvertEmptyStringsToNull->handle(Object(Illuminate/Http/Request), Object(Closure))
#49 D:/KULIAH/BERAU COAL INTERN/logbook/vendor/laravel/framework/src/Illuminate/Foundation/Http/Middleware/TransformsRequest.php(21): Illuminate/Pipeline/Pipeline->Illuminate/Pipeline/{closure}(Object(Illuminate/Http/Request))
#50 D:/KULIAH/BERAU COAL INTERN/logbook/vendor/laravel/framework/src/Illuminate/Foundation/Http/Middleware/TrimStrings.php(51): Illuminate/Foundation/Http/Middleware/TransformsRequest->handle(Object(Illuminate/Http/Request), Object(Closure))
#51 D:/KULIAH/BERAU COAL INTERN/logbook/vendor/laravel/framework/src/Illuminate/Pipeline/Pipeline.php(219): Illuminate/Foundation/Http/Middleware/TrimStrings->handle(Object(Illuminate/Http/Request), Object(Closure))
#52 D:/KULIAH/BERAU COAL INTERN/logbook/vendor/laravel/framework/src/Illuminate/Http/Middleware/ValidatePostSize.php(27): Illuminate/Pipeline/Pipeline->Illuminate/Pipeline/{closure}(Object(Illuminate/Http/Request))
#53 D:/KULIAH/BERAU COAL INTERN/logbook/vendor/laravel/framework/src/Illuminate/Pipeline/Pipeline.php(219): Illuminate/Http/Middleware/ValidatePostSize->handle(Object(Illuminate/Http/Request), Object(Closure))
#54 D:/KULIAH/BERAU COAL INTERN/logbook/vendor/laravel/framework/src/Illuminate/Foundation/Http/Middleware/PreventRequestsDuringMaintenance.php(109): Illuminate/Pipeline/Pipeline->Illuminate/Pipeline/{closure}(Object(Illuminate/Http/Request))
#55 D:/KULIAH/BERAU COAL INTERN/logbook/vendor/laravel/framework/src/Illuminate/Pipeline/Pipeline.php(219): Illuminate/Foundation/Http/Middleware/PreventRequestsDuringMaintenance->handle(Object(Illuminate/Http/Request), Object(Closure))
#56 D:/KULIAH/BERAU COAL INTERN/logbook/vendor/laravel/framework/src/Illuminate/Http/Middleware/HandleCors.php(61): Illuminate/Pipeline/Pipeline->Illuminate/Pipeline/{closure}(Object(Illuminate/Http/Request))
#57 D:/KULIAH/BERAU COAL INTERN/logbook/vendor/laravel/framework/src/Illuminate/Pipeline/Pipeline.php(219): Illuminate/Http/Middleware/HandleCors->handle(Object(Illuminate/Http/Request), Object(Closure))
#58 D:/KULIAH/BERAU COAL INTERN/logbook/vendor/laravel/framework/src/Illuminate/Http/Middleware/TrustProxies.php(58): Illuminate/Pipeline/Pipeline->Illuminate/Pipeline/{closure}(Object(Illuminate/Http/Request))
#59 D:/KULIAH/BERAU COAL INTERN/logbook/vendor/laravel/framework/src/Illuminate/Pipeline/Pipeline.php(219): Illuminate/Http/Middleware/TrustProxies->handle(Object(Illuminate/Http/Request), Object(Closure))
#60 D:/KULIAH/BERAU COAL INTERN/logbook/vendor/laravel/framework/src/Illuminate/Foundation/Http/Middleware/InvokeDeferredCallbacks.php(22): Illuminate/Pipeline/Pipeline->Illuminate/Pipeline/{closure}(Object(Illuminate/Http/Request))
#61 D:/KULIAH/BERAU COAL INTERN/logbook/vendor/laravel/framework/src/Illuminate/Pipeline/Pipeline.php(219): Illuminate/Foundation/Http/Middleware/InvokeDeferredCallbacks->handle(Object(Illuminate/Http/Request), Object(Closure))
#62 D:/KULIAH/BERAU COAL INTERN/logbook/vendor/laravel/framework/src/Illuminate/Http/Middleware/ValidatePathEncoding.php(26): Illuminate/Pipeline/Pipeline->Illuminate/Pipeline/{closure}(Object(Illuminate/Http/Request))
#63 D:/KULIAH/BERAU COAL INTERN/logbook/vendor/laravel/framework/src/Illuminate/Pipeline/Pipeline.php(219): Illuminate/Http/Middleware/ValidatePathEncoding->handle(Object(Illuminate/Http/Request), Object(Closure))
#64 D:/KULIAH/BERAU COAL INTERN/logbook/vendor/laravel/framework/src/Illuminate/Pipeline/Pipeline.php(137): Illuminate/Pipeline/Pipeline->Illuminate/Pipeline/{closure}(Object(Illuminate/Http/Request))
#65 D:/KULIAH/BERAU COAL INTERN/logbook/vendor/laravel/framework/src/Illuminate/Foundation/Http/Kernel.php(175): Illuminate/Pipeline/Pipeline->then(Object(Closure))
#66 D:/KULIAH/BERAU COAL INTERN/logbook/vendor/laravel/framework/src/Illuminate/Foundation/Http/Kernel.php(144): Illuminate/Foundation/Http/Kernel->sendRequestThroughRouter(Object(Illuminate/Http/Request))
#67 D:/KULIAH/BERAU COAL INTERN/logbook/public/index.php(13): Illuminate/Foundation/Http/Kernel->handle(Object(Illuminate/Http/Request))
#68 D:/KULIAH/BERAU COAL INTERN/logbook/vendor/laravel/framework/src/Illuminate/Foundation/resources/server.php(23): require_once('D://KULIAH//BERAU...')
#69 {main}

[previous exception] [object] (PDOException(code: 23000): SQLSTATE[23000]: Integrity constraint violation: 19 NOT NULL constraint failed: ojt_logbooks.hm_start at D:/KULIAH/BERAU COAL INTERN/logbook/vendor/laravel/framework/src/Illuminate/Database/Connection.php:584)
[stacktrace]
#0 D:/KULIAH/BERAU COAL INTERN/logbook/vendor/laravel/framework/src/Illuminate/Database/Connection.php(584): PDOStatement->execute()
#1 D:/KULIAH/BERAU COAL INTERN/logbook/vendor/laravel/framework/src/Illuminate/Database/Connection.php(827): Illuminate/Database/Connection->Illuminate/Database/{closure}('insert into \"oj...', Array)
#2 D:/KULIAH/BERAU COAL INTERN/logbook/vendor/laravel/framework/src/Illuminate/Database/Connection.php(794): Illuminate/Database/Connection->runQueryCallback('insert into \"oj...', Array, Object(Closure))
#3 D:/KULIAH/BERAU COAL INTERN/logbook/vendor/laravel/framework/src/Illuminate/Database/Connection.php(573): Illuminate/Database/Connection->run('insert into \"oj...', Array, Object(Closure))
#4 D:/KULIAH/BERAU COAL INTERN/logbook/vendor/laravel/framework/src/Illuminate/Database/Connection.php(537): Illuminate/Database/Connection->statement('insert into \"oj...', Array)
#5 D:/KULIAH/BERAU COAL INTERN/logbook/vendor/laravel/framework/src/Illuminate/Database/Query/Processors/Processor.php(32): Illuminate/Database/Connection->insert('insert into \"oj...', Array)
#6 D:/KULIAH/BERAU COAL INTERN/logbook/vendor/laravel/framework/src/Illuminate/Database/Query/Builder.php(4170): Illuminate/Database/Query/Processors/Processor->processInsertGetId(Object(Illuminate/Database/Query/Builder), 'insert into \"oj...', Array, 'id')
#7 D:/KULIAH/BERAU COAL INTERN/logbook/vendor/laravel/framework/src/Illuminate/Database/Eloquent/Builder.php(2237): Illuminate/Database/Query/Builder->insertGetId(Array, 'id')
#8 D:/KULIAH/BERAU COAL INTERN/logbook/vendor/laravel/framework/src/Illuminate/Database/Eloquent/Model.php(1436): Illuminate/Database/Eloquent/Builder->__call('insertGetId', Array)
#9 D:/KULIAH/BERAU COAL INTERN/logbook/vendor/laravel/framework/src/Illuminate/Database/Eloquent/Model.php(1401): Illuminate/Database/Eloquent/Model->insertAndSetId(Object(Illuminate/Database/Eloquent/Builder), Array)
#10 D:/KULIAH/BERAU COAL INTERN/logbook/vendor/laravel/framework/src/Illuminate/Database/Eloquent/Model.php(1240): Illuminate/Database/Eloquent/Model->performInsert(Object(Illuminate/Database/Eloquent/Builder))
#11 D:/KULIAH/BERAU COAL INTERN/logbook/vendor/laravel/framework/src/Illuminate/Database/Eloquent/Builder.php(1219): Illuminate/Database/Eloquent/Model->save()
#12 D:/KULIAH/BERAU COAL INTERN/logbook/vendor/laravel/framework/src/Illuminate/Support/helpers.php(393): Illuminate/Database/Eloquent/Builder->Illuminate/Database/Eloquent/{closure}(Object(App/Models/OjtLogbook))
#13 D:/KULIAH/BERAU COAL INTERN/logbook/vendor/laravel/framework/src/Illuminate/Database/Eloquent/Builder.php(1218): tap(Object(App/Models/OjtLogbook), Object(Closure))
#14 D:/KULIAH/BERAU COAL INTERN/logbook/vendor/laravel/framework/src/Illuminate/Support/Traits/ForwardsCalls.php(23): Illuminate/Database/Eloquent/Builder->create(Array)
#15 D:/KULIAH/BERAU COAL INTERN/logbook/vendor/laravel/framework/src/Illuminate/Database/Eloquent/Model.php(2544): Illuminate/Database/Eloquent/Model->forwardCallTo(Object(Illuminate/Database/Eloquent/Builder), 'create', Array)
#16 D:/KULIAH/BERAU COAL INTERN/logbook/vendor/laravel/framework/src/Illuminate/Database/Eloquent/Model.php(2560): Illuminate/Database/Eloquent/Model->__call('create', Array)
#17 D:/KULIAH/BERAU COAL INTERN/logbook/app/Http/Controllers/OjtLogbookController.php(100): Illuminate/Database/Eloquent/Model::__callStatic('create', Array)
#18 D:/KULIAH/BERAU COAL INTERN/logbook/vendor/laravel/framework/src/Illuminate/Routing/Controller.php(54): App/Http/Controllers/OjtLogbookController->store(Object(App/Http/Requests/StoreLogbookRequest))
#19 D:/KULIAH/BERAU COAL INTERN/logbook/vendor/laravel/framework/src/Illuminate/Routing/ControllerDispatcher.php(43): Illuminate/Routing/Controller->callAction('store', Array)
#20 D:/KULIAH/BERAU COAL INTERN/logbook/vendor/laravel/framework/src/Illuminate/Routing/Route.php(265): Illuminate/Routing/ControllerDispatcher->dispatch(Object(Illuminate/Routing/Route), Object(App/Http/Controllers/OjtLogbookController), 'store')
#21 D:/KULIAH/BERAU COAL INTERN/logbook/vendor/laravel/framework/src/Illuminate/Routing/Route.php(211): Illuminate/Routing/Route->runController()
#22 D:/KULIAH/BERAU COAL INTERN/logbook/vendor/laravel/framework/src/Illuminate/Routing/Router.php(822): Illuminate/Routing/Route->run()
#23 D:/KULIAH/BERAU COAL INTERN/logbook/vendor/laravel/framework/src/Illuminate/Pipeline/Pipeline.php(180): Illuminate/Routing/Router->Illuminate/Routing/{closure}(Object(Illuminate/Http/Request))
#24 D:/KULIAH/BERAU COAL INTERN/logbook/app/Http/Middleware/RoleMiddleware.php(23): Illuminate/Pipeline/Pipeline->Illuminate/Pipeline/{closure}(Object(Illuminate/Http/Request))
#25 D:/KULIAH/BERAU COAL INTERN/logbook/vendor/laravel/framework/src/Illuminate/Pipeline/Pipeline.php(219): App/Http/Middleware/RoleMiddleware->handle(Object(Illuminate/Http/Request), Object(Closure), 'trainee')
#26 D:/KULIAH/BERAU COAL INTERN/logbook/vendor/laravel/framework/src/Illuminate/Routing/Middleware/SubstituteBindings.php(50): Illuminate/Pipeline/Pipeline->Illuminate/Pipeline/{closure}(Object(Illuminate/Http/Request))
#27 D:/KULIAH/BERAU COAL INTERN/logbook/vendor/laravel/framework/src/Illuminate/Pipeline/Pipeline.php(219): Illuminate/Routing/Middleware/SubstituteBindings->handle(Object(Illuminate/Http/Request), Object(Closure))
#28 D:/KULIAH/BERAU COAL INTERN/logbook/vendor/laravel/framework/src/Illuminate/Auth/Middleware/Authenticate.php(63): Illuminate/Pipeline/Pipeline->Illuminate/Pipeline/{closure}(Object(Illuminate/Http/Request))
#29 D:/KULIAH/BERAU COAL INTERN/logbook/vendor/laravel/framework/src/Illuminate/Pipeline/Pipeline.php(219): Illuminate/Auth/Middleware/Authenticate->handle(Object(Illuminate/Http/Request), Object(Closure))
#30 D:/KULIAH/BERAU COAL INTERN/logbook/vendor/laravel/framework/src/Illuminate/Foundation/Http/Middleware/VerifyCsrfToken.php(87): Illuminate/Pipeline/Pipeline->Illuminate/Pipeline/{closure}(Object(Illuminate/Http/Request))
#31 D:/KULIAH/BERAU COAL INTERN/logbook/vendor/laravel/framework/src/Illuminate/Pipeline/Pipeline.php(219): Illuminate/Foundation/Http/Middleware/VerifyCsrfToken->handle(Object(Illuminate/Http/Request), Object(Closure))
#32 D:/KULIAH/BERAU COAL INTERN/logbook/vendor/laravel/framework/src/Illuminate/View/Middleware/ShareErrorsFromSession.php(48): Illuminate/Pipeline/Pipeline->Illuminate/Pipeline/{closure}(Object(Illuminate/Http/Request))
#33 D:/KULIAH/BERAU COAL INTERN/logbook/vendor/laravel/framework/src/Illuminate/Pipeline/Pipeline.php(219): Illuminate/View/Middleware/ShareErrorsFromSession->handle(Object(Illuminate/Http/Request), Object(Closure))
#34 D:/KULIAH/BERAU COAL INTERN/logbook/vendor/laravel/framework/src/Illuminate/Session/Middleware/StartSession.php(120): Illuminate/Pipeline/Pipeline->Illuminate/Pipeline/{closure}(Object(Illuminate/Http/Request))
#35 D:/KULIAH/BERAU COAL INTERN/logbook/vendor/laravel/framework/src/Illuminate/Session/Middleware/StartSession.php(63): Illuminate/Session/Middleware/StartSession->handleStatefulRequest(Object(Illuminate/Http/Request), Object(Illuminate/Session/Store), Object(Closure))
#36 D:/KULIAH/BERAU COAL INTERN/logbook/vendor/laravel/framework/src/Illuminate/Pipeline/Pipeline.php(219): Illuminate/Session/Middleware/StartSession->handle(Object(Illuminate/Http/Request), Object(Closure))
#37 D:/KULIAH/BERAU COAL INTERN/logbook/vendor/laravel/framework/src/Illuminate/Cookie/Middleware/AddQueuedCookiesToResponse.php(36): Illuminate/Pipeline/Pipeline->Illuminate/Pipeline/{closure}(Object(Illuminate/Http/Request))
#38 D:/KULIAH/BERAU COAL INTERN/logbook/vendor/laravel/framework/src/Illuminate/Pipeline/Pipeline.php(219): Illuminate/Cookie/Middleware/AddQueuedCookiesToResponse->handle(Object(Illuminate/Http/Request), Object(Closure))
#39 D:/KULIAH/BERAU COAL INTERN/logbook/vendor/laravel/framework/src/Illuminate/Cookie/Middleware/EncryptCookies.php(74): Illuminate/Pipeline/Pipeline->Illuminate/Pipeline/{closure}(Object(Illuminate/Http/Request))
#40 D:/KULIAH/BERAU COAL INTERN/logbook/vendor/laravel/framework/src/Illuminate/Pipeline/Pipeline.php(219): Illuminate/Cookie/Middleware/EncryptCookies->handle(Object(Illuminate/Http/Request), Object(Closure))
#41 D:/KULIAH/BERAU COAL INTERN/logbook/vendor/laravel/framework/src/Illuminate/Pipeline/Pipeline.php(137): Illuminate/Pipeline/Pipeline->Illuminate/Pipeline/{closure}(Object(Illuminate/Http/Request))
#42 D:/KULIAH/BERAU COAL INTERN/logbook/vendor/laravel/framework/src/Illuminate/Routing/Router.php(821): Illuminate/Pipeline/Pipeline->then(Object(Closure))
#43 D:/KULIAH/BERAU COAL INTERN/logbook/vendor/laravel/framework/src/Illuminate/Routing/Router.php(800): Illuminate/Routing/Router->runRouteWithinStack(Object(Illuminate/Routing/Route), Object(Illuminate/Http/Request))
#44 D:/KULIAH/BERAU COAL INTERN/logbook/vendor/laravel/framework/src/Illuminate/Routing/Router.php(764): Illuminate/Routing/Router->runRoute(Object(Illuminate/Http/Request), Object(Illuminate/Routing/Route))
#45 D:/KULIAH/BERAU COAL INTERN/logbook/vendor/laravel/framework/src/Illuminate/Routing/Router.php(753): Illuminate/Routing/Router->dispatchToRoute(Object(Illuminate/Http/Request))
#46 D:/KULIAH/BERAU COAL INTERN/logbook/vendor/laravel/framework/src/Illuminate/Foundation/Http/Kernel.php(200): Illuminate/Routing/Router->dispatch(Object(Illuminate/Http/Request))
#47 D:/KULIAH/BERAU COAL INTERN/logbook/vendor/laravel/framework/src/Illuminate/Pipeline/Pipeline.php(180): Illuminate/Foundation/Http/Kernel->Illuminate/Foundation/Http/{closure}(Object(Illuminate/Http/Request))
#48 D:/KULIAH/BERAU COAL INTERN/logbook/vendor/laravel/framework/src/Illuminate/Foundation/Http/Middleware/TransformsRequest.php(21): Illuminate/Pipeline/Pipeline->Illuminate/Pipeline/{closure}(Object(Illuminate/Http/Request))
#49 D:/KULIAH/BERAU COAL INTERN/logbook/vendor/laravel/framework/src/Illuminate/Foundation/Http/Middleware/ConvertEmptyStringsToNull.php(31): Illuminate/Foundation/Http/Middleware/TransformsRequest->handle(Object(Illuminate/Http/Request), Object(Closure))
#50 D:/KULIAH/BERAU COAL INTERN/logbook/vendor/laravel/framework/src/Illuminate/Pipeline/Pipeline.php(219): Illuminate/Foundation/Http/Middleware/ConvertEmptyStringsToNull->handle(Object(Illuminate/Http/Request), Object(Closure))
#51 D:/KULIAH/BERAU COAL INTERN/logbook/vendor/laravel/framework/src/Illuminate/Foundation/Http/Middleware/TransformsRequest.php(21): Illuminate/Pipeline/Pipeline->Illuminate/Pipeline/{closure}(Object(Illuminate/Http/Request))
#52 D:/KULIAH/BERAU COAL INTERN/logbook/vendor/laravel/framework/src/Illuminate/Foundation/Http/Middleware/TrimStrings.php(51): Illuminate/Foundation/Http/Middleware/TransformsRequest->handle(Object(Illuminate/Http/Request), Object(Closure))
#53 D:/KULIAH/BERAU COAL INTERN/logbook/vendor/laravel/framework/src/Illuminate/Pipeline/Pipeline.php(219): Illuminate/Foundation/Http/Middleware/TrimStrings->handle(Object(Illuminate/Http/Request), Object(Closure))
#54 D:/KULIAH/BERAU COAL INTERN/logbook/vendor/laravel/framework/src/Illuminate/Http/Middleware/ValidatePostSize.php(27): Illuminate/Pipeline/Pipeline->Illuminate/Pipeline/{closure}(Object(Illuminate/Http/Request))
#55 D:/KULIAH/BERAU COAL INTERN/logbook/vendor/laravel/framework/src/Illuminate/Pipeline/Pipeline.php(219): Illuminate/Http/Middleware/ValidatePostSize->handle(Object(Illuminate/Http/Request), Object(Closure))
#56 D:/KULIAH/BERAU COAL INTERN/logbook/vendor/laravel/framework/src/Illuminate/Foundation/Http/Middleware/PreventRequestsDuringMaintenance.php(109): Illuminate/Pipeline/Pipeline->Illuminate/Pipeline/{closure}(Object(Illuminate/Http/Request))
#57 D:/KULIAH/BERAU COAL INTERN/logbook/vendor/laravel/framework/src/Illuminate/Pipeline/Pipeline.php(219): Illuminate/Foundation/Http/Middleware/PreventRequestsDuringMaintenance->handle(Object(Illuminate/Http/Request), Object(Closure))
#58 D:/KULIAH/BERAU COAL INTERN/logbook/vendor/laravel/framework/src/Illuminate/Http/Middleware/HandleCors.php(61): Illuminate/Pipeline/Pipeline->Illuminate/Pipeline/{closure}(Object(Illuminate/Http/Request))
#59 D:/KULIAH/BERAU COAL INTERN/logbook/vendor/laravel/framework/src/Illuminate/Pipeline/Pipeline.php(219): Illuminate/Http/Middleware/HandleCors->handle(Object(Illuminate/Http/Request), Object(Closure))
#60 D:/KULIAH/BERAU COAL INTERN/logbook/vendor/laravel/framework/src/Illuminate/Http/Middleware/TrustProxies.php(58): Illuminate/Pipeline/Pipeline->Illuminate/Pipeline/{closure}(Object(Illuminate/Http/Request))
#61 D:/KULIAH/BERAU COAL INTERN/logbook/vendor/laravel/framework/src/Illuminate/Pipeline/Pipeline.php(219): Illuminate/Http/Middleware/TrustProxies->handle(Object(Illuminate/Http/Request), Object(Closure))
#62 D:/KULIAH/BERAU COAL INTERN/logbook/vendor/laravel/framework/src/Illuminate/Foundation/Http/Middleware/InvokeDeferredCallbacks.php(22): Illuminate/Pipeline/Pipeline->Illuminate/Pipeline/{closure}(Object(Illuminate/Http/Request))
#63 D:/KULIAH/BERAU COAL INTERN/logbook/vendor/laravel/framework/src/Illuminate/Pipeline/Pipeline.php(219): Illuminate/Foundation/Http/Middleware/InvokeDeferredCallbacks->handle(Object(Illuminate/Http/Request), Object(Closure))
#64 D:/KULIAH/BERAU COAL INTERN/logbook/vendor/laravel/framework/src/Illuminate/Http/Middleware/ValidatePathEncoding.php(26): Illuminate/Pipeline/Pipeline->Illuminate/Pipeline/{closure}(Object(Illuminate/Http/Request))
#65 D:/KULIAH/BERAU COAL INTERN/logbook/vendor/laravel/framework/src/Illuminate/Pipeline/Pipeline.php(219): Illuminate/Http/Middleware/ValidatePathEncoding->handle(Object(Illuminate/Http/Request), Object(Closure))
#66 D:/KULIAH/BERAU COAL INTERN/logbook/vendor/laravel/framework/src/Illuminate/Pipeline/Pipeline.php(137): Illuminate/Pipeline/Pipeline->Illuminate/Pipeline/{closure}(Object(Illuminate/Http/Request))
#67 D:/KULIAH/BERAU COAL INTERN/logbook/vendor/laravel/framework/src/Illuminate/Foundation/Http/Kernel.php(175): Illuminate/Pipeline/Pipeline->then(Object(Closure))
#68 D:/KULIAH/BERAU COAL INTERN/logbook/vendor/laravel/framework/src/Illuminate/Foundation/Http/Kernel.php(144): Illuminate/Foundation/Http/Kernel->sendRequestThroughRouter(Object(Illuminate/Http/Request))
#69 D:/KULIAH/BERAU COAL INTERN/logbook/public/index.php(13): Illuminate/Foundation/Http/Kernel->handle(Object(Illuminate/Http/Request))
#70 D:/KULIAH/BERAU COAL INTERN/logbook/vendor/laravel/framework/src/Illuminate/Foundation/resources/server.php(23): require_once('D://KULIAH//BERAU...')
#71 {main}
"} 
[2026-08-07 15:25:49] local.ERROR: SQLSTATE[23000]: Integrity constraint violation: 19 NOT NULL constraint failed: ojt_logbooks.hm_start (Connection: sqlite, Database: database/database.sqlite, SQL: insert into "ojt_logbooks" ("logbook_number", "trainee_id", "trainer_id", "supervisor_id", "department_id", "equipment_category_id", "equipment_id", "equipment_number", "date", "shift", "location", "start_time", "finish_time", "hm_start", "hm_end", "total_hm", "daily_activity", "sop_payload", "status", "submitted_at", "updated_at", "created_at") values (LOG-202608-0015, 1, ?, ?, 1, 3, ?, ?, 2026-08-07 00:00:00, day, ?, 07:00, 17:00, ?, ?, 0, ?, {"meta":{"category_code":"DZ","unit_family":"track","trainee_name":"Ahmad Rian Syahputra","certification":"Green","company":"PT BERAU COAL \/ PT MTL","sticker_expired_at":null,"assessment_mode":"pendampingan","assessment_stage":"bulanan"},"track":{"groups":[{"title":"Teknik Pengoperasian","subtitle":"Dozing & Digging untuk Buldozer \/ Grading & Digging untuk Motor Grader","items":[{"code":"1.1","label":"Cara memposisikan blade pada saat mendorong \/ grading","kind":"Skl","status":"K","note":null},{"code":"1.2","label":"Penggunaan tilt blade","kind":"Kwn","status":"K","note":null},{"code":"1.3","label":"Cara pengoperasian blade untuk mendorong \/ ditching","kind":"Skl","note":null},{"code":"1.4","label":"Cara pengoperasian blade untuk menggali \/ sloping","kind":"Skl","note":null},{"code":"1.5","label":"Penyesuaian beban dengan RPM \/ posisi transmisi","kind":"Skl","note":null},{"code":"1.6","label":"Teknik dozing \/ grading \/ digging","kind":"Skl","note":null}]},{"title":"Spreading & Leveling","subtitle":"Pengoperasian untuk meratakan, memadatkan, dan membentuk area kerja","items":[{"code":"2.1","label":"Penggunaan speed \/ transmisi saat bergerak","kind":"Kwn","note":null},{"code":"2.2","label":"Cara leveling menggunakan tilt","kind":"Kwn","note":null},{"code":"2.3","label":"Cara menghampar material untuk membuat jalan \/ menimbun lubang","kind":"Skl","note":null},{"code":"2.4","label":"Filling pada saat melewatkan area kerja","kind":"Skl","note":null},{"code":"2.5","label":"Penggunaan steering","kind":"Skl","note":null},{"code":"2.6","label":"Penggunaan articulated (khusus unit GR)","kind":"Skl","note":null},{"code":"2.7","label":"Teknik spreading \/ leveling","kind":"Skl","note":null}]},{"title":"Ripping","subtitle":"Khusus untuk pekerjaan ripping dan pembukaan material keras","items":[{"code":"3.1","label":"Cara memposisikan ripper","kind":"Skl","note":null},{"code":"3.2","label":"Teknik penetrasi ripping","kind":"Kwn","note":null},{"code":"3.3","label":"Penyesuaian posisi ripper dengan kekerasan material","kind":"Skl","note":null}]},{"title":"Finishing","subtitle":"Finishing grading dan koreksi permukaan kerja","items":[{"code":"4.1","label":"Kesesuaian penggunaan speed","kind":"Skl","note":null},{"code":"4.2","label":"Hasil akurasi \/ kualitas pekerjaan","kind":"Skl","note":null}]}],"behavior":[{"code":"1","label":"Mempedulikan pemakaian fuel\/ bahan bakar","kind":"Atd","note":null},{"code":"2","label":"Mempedulikan pemakaian tyre\/ undercarriage","kind":"Atd","note":null},{"code":"3","label":"Mempedulikan akan ketidaknormalan unit","kind":"Atd","note":null},{"code":"4","label":"Mempedulikan untuk bekerja dengan efektif dan efisien","kind":"Atd","note":null},{"code":"5","label":"Mempedulikan untuk meniadakan pemborosan dimanapun","kind":"Atd","note":null},{"code":"6","label":"Melaksanakan aktivitas sesuai instruksi","kind":"Atd","note":null},{"code":"7","label":"Berusaha untuk melakukan yang terbaik","kind":"Atd","note":null},{"code":"8","label":"Selalu siap menerima tugas yang diberikan","kind":"Atd","note":null},{"code":"9","label":"Berani mengingatkan jika ada yang berbuat kesalahan","kind":"Atd","note":null},{"code":"10","label":"Disiplin waktu saat pelaksanaan pelatihan","kind":"Atd","note":null},{"code":"11","label":"Mematuhi semua aturan yang berlaku","kind":"Atd","note":null},{"code":"12","label":"Tidak pernah mangkir","kind":"Atd","note":null},{"code":"13","label":"Melaksanakan tugas kelompok bersama-sama","kind":"Atd","note":null},{"code":"14","label":"Berinisiatif untuk membantu","kind":"Atd","note":null},{"code":"15","label":"Selalu antusias jika diberi tugas","kind":"Atd","note":null},{"code":"16","label":"Melaporkan setiap kejadian diluar wewenangnya","kind":"Atd","note":null},{"code":"17","label":"Tidak ragu-ragu jika diberi instruksi","kind":"Atd","note":null},{"code":"18","label":"Mengoperasikan unit dengan penuh keyakinan","kind":"Atd","note":null},{"code":"19","label":"Bersikap proaktif di setiap kegiatan","kind":"Atd","note":null},{"code":"20","label":"Tidak malu untuk bertanya jika ada kesulitan","kind":"Atd","note":null}]},"excavator":{"groups":[{"title":"Positioning","subtitle":"Positioning unit di front loading dan sudut kerja bucket","items":[{"code":"1.1","label":"Posisi unit di front loading","kind":"Kwn","note":null},{"code":"1.2","label":"Sudut kerja bucket ke material","kind":"Skl","note":null},{"code":"1.3","label":"Cara menempatkan bucket dengan aman","kind":"Skl","note":null},{"code":"1.4","label":"Posisi travel dan swing saat bekerja","kind":"Skl","note":null}]},{"title":"Loading & Dumping","subtitle":"Cara swing, memuat, dan dumping yang aman","items":[{"code":"2.1","label":"Cara swing menuju truck","kind":"Kwn","note":null},{"code":"2.2","label":"Cara loading material ke dump truck","kind":"Kwn","note":null},{"code":"2.3","label":"Kontrol bucket saat dumping","kind":"Kwn","note":null},{"code":"2.4","label":"Cara dumping dan kerapian muatan","kind":"Skl","note":null},{"code":"2.5","label":"Cycle time","kind":"Kwn","note":null}]},{"title":"Digging","subtitle":"Teknik gali dan pengaturan kerja bucket","items":[{"code":"3.1","label":"Self positioning dan penempatan bucket","kind":"Skl","note":null},{"code":"3.2","label":"Teknik kombinasi maju pada saat digging","kind":"Skl","note":null},{"code":"3.3","label":"Cara pengambilan material pada saat digging","kind":"Skl","note":null},{"code":"3.4","label":"Volume bucket","kind":"Kwn","note":null}]},{"title":"Sloping","subtitle":"Kontur slope dan kerja finishing area lereng","items":[{"code":"4.1","label":"Keterampilan saat sloping","kind":"Skl","note":null},{"code":"4.2","label":"Ketinggian \/ sudut penempatan slope","kind":"Skl","note":null},{"code":"4.3","label":"Kecepatan kerja ketika sloping","kind":"Skl","note":null},{"code":"4.4","label":"Hasil akhir permukaan slope","kind":"Skl","note":null}]}],"behavior":[{"code":"1","label":"Mempedulikan pemakaian fuel\/ bahan bakar","kind":"Atd","note":null},{"code":"2","label":"Mempedulikan pemakaian tyre\/ undercarriage","kind":"Atd","note":null},{"code":"3","label":"Mempedulikan akan ketidaknormalan unit","kind":"Atd","note":null},{"code":"4","label":"Mempedulikan untuk bekerja dengan efektif dan efisien","kind":"Atd","note":null},{"code":"5","label":"Mempedulikan untuk meniadakan pemborosan dimanapun","kind":"Atd","note":null},{"code":"6","label":"Melaksanakan aktivitas sesuai instruksi","kind":"Atd","note":null},{"code":"7","label":"Berusaha untuk melakukan yang terbaik","kind":"Atd","note":null},{"code":"8","label":"Selalu siap menerima tugas yang diberikan","kind":"Atd","note":null},{"code":"9","label":"Berani mengingatkan jika ada yang berbuat kesalahan","kind":"Atd","note":null},{"code":"10","label":"Disiplin waktu saat pelaksanaan pelatihan","kind":"Atd","note":null},{"code":"11","label":"Mematuhi semua aturan yang berlaku","kind":"Atd","note":null},{"code":"12","label":"Tidak pernah mangkir","kind":"Atd","note":null},{"code":"13","label":"Melaksanakan tugas kelompok bersama-sama","kind":"Atd","note":null},{"code":"14","label":"Berinisiatif untuk membantu","kind":"Atd","note":null},{"code":"15","label":"Selalu antusias jika diberi tugas","kind":"Atd","note":null},{"code":"16","label":"Melaporkan setiap kejadian diluar wewenangnya","kind":"Atd","note":null},{"code":"17","label":"Tidak ragu-ragu jika diberi instruksi","kind":"Atd","note":null},{"code":"18","label":"Mengoperasikan unit dengan penuh keyakinan","kind":"Atd","note":null},{"code":"19","label":"Bersikap proaktif di setiap kegiatan","kind":"Atd","note":null},{"code":"20","label":"Tidak malu untuk bertanya jika ada kesulitan","kind":"Atd","note":null}]}}, draft, ?, 2026-08-07 15:25:49, 2026-08-07 15:25:49)) {"userId":1,"exception":"[object] (Illuminate\\Database\\QueryException(code: 23000): SQLSTATE[23000]: Integrity constraint violation: 19 NOT NULL constraint failed: ojt_logbooks.hm_start (Connection: sqlite, Database: database/database.sqlite, SQL: insert into \"ojt_logbooks\" (\"logbook_number\", \"trainee_id\", \"trainer_id\", \"supervisor_id\", \"department_id\", \"equipment_category_id\", \"equipment_id\", \"equipment_number\", \"date\", \"shift\", \"location\", \"start_time\", \"finish_time\", \"hm_start\", \"hm_end\", \"total_hm\", \"daily_activity\", \"sop_payload\", \"status\", \"submitted_at\", \"updated_at\", \"created_at\") values (LOG-202608-0015, 1, ?, ?, 1, 3, ?, ?, 2026-08-07 00:00:00, day, ?, 07:00, 17:00, ?, ?, 0, ?, {\"meta\":{\"category_code\":\"DZ\",\"unit_family\":\"track\",\"trainee_name\":\"Ahmad Rian Syahputra\",\"certification\":\"Green\",\"company\":\"PT BERAU COAL \\/ PT MTL\",\"sticker_expired_at\":null,\"assessment_mode\":\"pendampingan\",\"assessment_stage\":\"bulanan\"},\"track\":{\"groups\":[{\"title\":\"Teknik Pengoperasian\",\"subtitle\":\"Dozing & Digging untuk Buldozer \\/ Grading & Digging untuk Motor Grader\",\"items\":[{\"code\":\"1.1\",\"label\":\"Cara memposisikan blade pada saat mendorong \\/ grading\",\"kind\":\"Skl\",\"status\":\"K\",\"note\":null},{\"code\":\"1.2\",\"label\":\"Penggunaan tilt blade\",\"kind\":\"Kwn\",\"status\":\"K\",\"note\":null},{\"code\":\"1.3\",\"label\":\"Cara pengoperasian blade untuk mendorong \\/ ditching\",\"kind\":\"Skl\",\"note\":null},{\"code\":\"1.4\",\"label\":\"Cara pengoperasian blade untuk menggali \\/ sloping\",\"kind\":\"Skl\",\"note\":null},{\"code\":\"1.5\",\"label\":\"Penyesuaian beban dengan RPM \\/ posisi transmisi\",\"kind\":\"Skl\",\"note\":null},{\"code\":\"1.6\",\"label\":\"Teknik dozing \\/ grading \\/ digging\",\"kind\":\"Skl\",\"note\":null}]},{\"title\":\"Spreading & Leveling\",\"subtitle\":\"Pengoperasian untuk meratakan, memadatkan, dan membentuk area kerja\",\"items\":[{\"code\":\"2.1\",\"label\":\"Penggunaan speed \\/ transmisi saat bergerak\",\"kind\":\"Kwn\",\"note\":null},{\"code\":\"2.2\",\"label\":\"Cara leveling menggunakan tilt\",\"kind\":\"Kwn\",\"note\":null},{\"code\":\"2.3\",\"label\":\"Cara menghampar material untuk membuat jalan \\/ menimbun lubang\",\"kind\":\"Skl\",\"note\":null},{\"code\":\"2.4\",\"label\":\"Filling pada saat melewatkan area kerja\",\"kind\":\"Skl\",\"note\":null},{\"code\":\"2.5\",\"label\":\"Penggunaan steering\",\"kind\":\"Skl\",\"note\":null},{\"code\":\"2.6\",\"label\":\"Penggunaan articulated (khusus unit GR)\",\"kind\":\"Skl\",\"note\":null},{\"code\":\"2.7\",\"label\":\"Teknik spreading \\/ leveling\",\"kind\":\"Skl\",\"note\":null}]},{\"title\":\"Ripping\",\"subtitle\":\"Khusus untuk pekerjaan ripping dan pembukaan material keras\",\"items\":[{\"code\":\"3.1\",\"label\":\"Cara memposisikan ripper\",\"kind\":\"Skl\",\"note\":null},{\"code\":\"3.2\",\"label\":\"Teknik penetrasi ripping\",\"kind\":\"Kwn\",\"note\":null},{\"code\":\"3.3\",\"label\":\"Penyesuaian posisi ripper dengan kekerasan material\",\"kind\":\"Skl\",\"note\":null}]},{\"title\":\"Finishing\",\"subtitle\":\"Finishing grading dan koreksi permukaan kerja\",\"items\":[{\"code\":\"4.1\",\"label\":\"Kesesuaian penggunaan speed\",\"kind\":\"Skl\",\"note\":null},{\"code\":\"4.2\",\"label\":\"Hasil akurasi \\/ kualitas pekerjaan\",\"kind\":\"Skl\",\"note\":null}]}],\"behavior\":[{\"code\":\"1\",\"label\":\"Mempedulikan pemakaian fuel\\/ bahan bakar\",\"kind\":\"Atd\",\"note\":null},{\"code\":\"2\",\"label\":\"Mempedulikan pemakaian tyre\\/ undercarriage\",\"kind\":\"Atd\",\"note\":null},{\"code\":\"3\",\"label\":\"Mempedulikan akan ketidaknormalan unit\",\"kind\":\"Atd\",\"note\":null},{\"code\":\"4\",\"label\":\"Mempedulikan untuk bekerja dengan efektif dan efisien\",\"kind\":\"Atd\",\"note\":null},{\"code\":\"5\",\"label\":\"Mempedulikan untuk meniadakan pemborosan dimanapun\",\"kind\":\"Atd\",\"note\":null},{\"code\":\"6\",\"label\":\"Melaksanakan aktivitas sesuai instruksi\",\"kind\":\"Atd\",\"note\":null},{\"code\":\"7\",\"label\":\"Berusaha untuk melakukan yang terbaik\",\"kind\":\"Atd\",\"note\":null},{\"code\":\"8\",\"label\":\"Selalu siap menerima tugas yang diberikan\",\"kind\":\"Atd\",\"note\":null},{\"code\":\"9\",\"label\":\"Berani mengingatkan jika ada yang berbuat kesalahan\",\"kind\":\"Atd\",\"note\":null},{\"code\":\"10\",\"label\":\"Disiplin waktu saat pelaksanaan pelatihan\",\"kind\":\"Atd\",\"note\":null},{\"code\":\"11\",\"label\":\"Mematuhi semua aturan yang berlaku\",\"kind\":\"Atd\",\"note\":null},{\"code\":\"12\",\"label\":\"Tidak pernah mangkir\",\"kind\":\"Atd\",\"note\":null},{\"code\":\"13\",\"label\":\"Melaksanakan tugas kelompok bersama-sama\",\"kind\":\"Atd\",\"note\":null},{\"code\":\"14\",\"label\":\"Berinisiatif untuk membantu\",\"kind\":\"Atd\",\"note\":null},{\"code\":\"15\",\"label\":\"Selalu antusias jika diberi tugas\",\"kind\":\"Atd\",\"note\":null},{\"code\":\"16\",\"label\":\"Melaporkan setiap kejadian diluar wewenangnya\",\"kind\":\"Atd\",\"note\":null},{\"code\":\"17\",\"label\":\"Tidak ragu-ragu jika diberi instruksi\",\"kind\":\"Atd\",\"note\":null},{\"code\":\"18\",\"label\":\"Mengoperasikan unit dengan penuh keyakinan\",\"kind\":\"Atd\",\"note\":null},{\"code\":\"19\",\"label\":\"Bersikap proaktif di setiap kegiatan\",\"kind\":\"Atd\",\"note\":null},{\"code\":\"20\",\"label\":\"Tidak malu untuk bertanya jika ada kesulitan\",\"kind\":\"Atd\",\"note\":null}]},\"excavator\":{\"groups\":[{\"title\":\"Positioning\",\"subtitle\":\"Positioning unit di front loading dan sudut kerja bucket\",\"items\":[{\"code\":\"1.1\",\"label\":\"Posisi unit di front loading\",\"kind\":\"Kwn\",\"note\":null},{\"code\":\"1.2\",\"label\":\"Sudut kerja bucket ke material\",\"kind\":\"Skl\",\"note\":null},{\"code\":\"1.3\",\"label\":\"Cara menempatkan bucket dengan aman\",\"kind\":\"Skl\",\"note\":null},{\"code\":\"1.4\",\"label\":\"Posisi travel dan swing saat bekerja\",\"kind\":\"Skl\",\"note\":null}]},{\"title\":\"Loading & Dumping\",\"subtitle\":\"Cara swing, memuat, dan dumping yang aman\",\"items\":[{\"code\":\"2.1\",\"label\":\"Cara swing menuju truck\",\"kind\":\"Kwn\",\"note\":null},{\"code\":\"2.2\",\"label\":\"Cara loading material ke dump truck\",\"kind\":\"Kwn\",\"note\":null},{\"code\":\"2.3\",\"label\":\"Kontrol bucket saat dumping\",\"kind\":\"Kwn\",\"note\":null},{\"code\":\"2.4\",\"label\":\"Cara dumping dan kerapian muatan\",\"kind\":\"Skl\",\"note\":null},{\"code\":\"2.5\",\"label\":\"Cycle time\",\"kind\":\"Kwn\",\"note\":null}]},{\"title\":\"Digging\",\"subtitle\":\"Teknik gali dan pengaturan kerja bucket\",\"items\":[{\"code\":\"3.1\",\"label\":\"Self positioning dan penempatan bucket\",\"kind\":\"Skl\",\"note\":null},{\"code\":\"3.2\",\"label\":\"Teknik kombinasi maju pada saat digging\",\"kind\":\"Skl\",\"note\":null},{\"code\":\"3.3\",\"label\":\"Cara pengambilan material pada saat digging\",\"kind\":\"Skl\",\"note\":null},{\"code\":\"3.4\",\"label\":\"Volume bucket\",\"kind\":\"Kwn\",\"note\":null}]},{\"title\":\"Sloping\",\"subtitle\":\"Kontur slope dan kerja finishing area lereng\",\"items\":[{\"code\":\"4.1\",\"label\":\"Keterampilan saat sloping\",\"kind\":\"Skl\",\"note\":null},{\"code\":\"4.2\",\"label\":\"Ketinggian \\/ sudut penempatan slope\",\"kind\":\"Skl\",\"note\":null},{\"code\":\"4.3\",\"label\":\"Kecepatan kerja ketika sloping\",\"kind\":\"Skl\",\"note\":null},{\"code\":\"4.4\",\"label\":\"Hasil akhir permukaan slope\",\"kind\":\"Skl\",\"note\":null}]}],\"behavior\":[{\"code\":\"1\",\"label\":\"Mempedulikan pemakaian fuel\\/ bahan bakar\",\"kind\":\"Atd\",\"note\":null},{\"code\":\"2\",\"label\":\"Mempedulikan pemakaian tyre\\/ undercarriage\",\"kind\":\"Atd\",\"note\":null},{\"code\":\"3\",\"label\":\"Mempedulikan akan ketidaknormalan unit\",\"kind\":\"Atd\",\"note\":null},{\"code\":\"4\",\"label\":\"Mempedulikan untuk bekerja dengan efektif dan efisien\",\"kind\":\"Atd\",\"note\":null},{\"code\":\"5\",\"label\":\"Mempedulikan untuk meniadakan pemborosan dimanapun\",\"kind\":\"Atd\",\"note\":null},{\"code\":\"6\",\"label\":\"Melaksanakan aktivitas sesuai instruksi\",\"kind\":\"Atd\",\"note\":null},{\"code\":\"7\",\"label\":\"Berusaha untuk melakukan yang terbaik\",\"kind\":\"Atd\",\"note\":null},{\"code\":\"8\",\"label\":\"Selalu siap menerima tugas yang diberikan\",\"kind\":\"Atd\",\"note\":null},{\"code\":\"9\",\"label\":\"Berani mengingatkan jika ada yang berbuat kesalahan\",\"kind\":\"Atd\",\"note\":null},{\"code\":\"10\",\"label\":\"Disiplin waktu saat pelaksanaan pelatihan\",\"kind\":\"Atd\",\"note\":null},{\"code\":\"11\",\"label\":\"Mematuhi semua aturan yang berlaku\",\"kind\":\"Atd\",\"note\":null},{\"code\":\"12\",\"label\":\"Tidak pernah mangkir\",\"kind\":\"Atd\",\"note\":null},{\"code\":\"13\",\"label\":\"Melaksanakan tugas kelompok bersama-sama\",\"kind\":\"Atd\",\"note\":null},{\"code\":\"14\",\"label\":\"Berinisiatif untuk membantu\",\"kind\":\"Atd\",\"note\":null},{\"code\":\"15\",\"label\":\"Selalu antusias jika diberi tugas\",\"kind\":\"Atd\",\"note\":null},{\"code\":\"16\",\"label\":\"Melaporkan setiap kejadian diluar wewenangnya\",\"kind\":\"Atd\",\"note\":null},{\"code\":\"17\",\"label\":\"Tidak ragu-ragu jika diberi instruksi\",\"kind\":\"Atd\",\"note\":null},{\"code\":\"18\",\"label\":\"Mengoperasikan unit dengan penuh keyakinan\",\"kind\":\"Atd\",\"note\":null},{\"code\":\"19\",\"label\":\"Bersikap proaktif di setiap kegiatan\",\"kind\":\"Atd\",\"note\":null},{\"code\":\"20\",\"label\":\"Tidak malu untuk bertanya jika ada kesulitan\",\"kind\":\"Atd\",\"note\":null}]}}, draft, ?, 2026-08-07 15:25:49, 2026-08-07 15:25:49)) at D:/KULIAH/BERAU COAL INTERN/logbook/vendor/laravel/framework/src/Illuminate/Database/Connection.php:838)
[stacktrace]
#0 D:/KULIAH/BERAU COAL INTERN/logbook/vendor/laravel/framework/src/Illuminate/Database/Connection.php(794): Illuminate/Database/Connection->runQueryCallback('insert into \"oj...', Array, Object(Closure))
#1 D:/KULIAH/BERAU COAL INTERN/logbook/vendor/laravel/framework/src/Illuminate/Database/Connection.php(573): Illuminate/Database/Connection->run('insert into \"oj...', Array, Object(Closure))
#2 D:/KULIAH/BERAU COAL INTERN/logbook/vendor/laravel/framework/src/Illuminate/Database/Connection.php(537): Illuminate/Database/Connection->statement('insert into \"oj...', Array)
#3 D:/KULIAH/BERAU COAL INTERN/logbook/vendor/laravel/framework/src/Illuminate/Database/Query/Processors/Processor.php(32): Illuminate/Database/Connection->insert('insert into \"oj...', Array)
#4 D:/KULIAH/BERAU COAL INTERN/logbook/vendor/laravel/framework/src/Illuminate/Database/Query/Builder.php(4170): Illuminate/Database/Query/Processors/Processor->processInsertGetId(Object(Illuminate/Database/Query/Builder), 'insert into \"oj...', Array, 'id')
#5 D:/KULIAH/BERAU COAL INTERN/logbook/vendor/laravel/framework/src/Illuminate/Database/Eloquent/Builder.php(2237): Illuminate/Database/Query/Builder->insertGetId(Array, 'id')
#6 D:/KULIAH/BERAU COAL INTERN/logbook/vendor/laravel/framework/src/Illuminate/Database/Eloquent/Model.php(1436): Illuminate/Database/Eloquent/Builder->__call('insertGetId', Array)
#7 D:/KULIAH/BERAU COAL INTERN/logbook/vendor/laravel/framework/src/Illuminate/Database/Eloquent/Model.php(1401): Illuminate/Database/Eloquent/Model->insertAndSetId(Object(Illuminate/Database/Eloquent/Builder), Array)
#8 D:/KULIAH/BERAU COAL INTERN/logbook/vendor/laravel/framework/src/Illuminate/Database/Eloquent/Model.php(1240): Illuminate/Database/Eloquent/Model->performInsert(Object(Illuminate/Database/Eloquent/Builder))
#9 D:/KULIAH/BERAU COAL INTERN/logbook/vendor/laravel/framework/src/Illuminate/Database/Eloquent/Builder.php(1219): Illuminate/Database/Eloquent/Model->save()
#10 D:/KULIAH/BERAU COAL INTERN/logbook/vendor/laravel/framework/src/Illuminate/Support/helpers.php(393): Illuminate/Database/Eloquent/Builder->Illuminate/Database/Eloquent/{closure}(Object(App/Models/OjtLogbook))
#11 D:/KULIAH/BERAU COAL INTERN/logbook/vendor/laravel/framework/src/Illuminate/Database/Eloquent/Builder.php(1218): tap(Object(App/Models/OjtLogbook), Object(Closure))
#12 D:/KULIAH/BERAU COAL INTERN/logbook/vendor/laravel/framework/src/Illuminate/Support/Traits/ForwardsCalls.php(23): Illuminate/Database/Eloquent/Builder->create(Array)
#13 D:/KULIAH/BERAU COAL INTERN/logbook/vendor/laravel/framework/src/Illuminate/Database/Eloquent/Model.php(2544): Illuminate/Database/Eloquent/Model->forwardCallTo(Object(Illuminate/Database/Eloquent/Builder), 'create', Array)
#14 D:/KULIAH/BERAU COAL INTERN/logbook/vendor/laravel/framework/src/Illuminate/Database/Eloquent/Model.php(2560): Illuminate/Database/Eloquent/Model->__call('create', Array)
#15 D:/KULIAH/BERAU COAL INTERN/logbook/app/Http/Controllers/OjtLogbookController.php(100): Illuminate/Database/Eloquent/Model::__callStatic('create', Array)
#16 D:/KULIAH/BERAU COAL INTERN/logbook/vendor/laravel/framework/src/Illuminate/Routing/Controller.php(54): App/Http/Controllers/OjtLogbookController->store(Object(App/Http/Requests/StoreLogbookRequest))
#17 D:/KULIAH/BERAU COAL INTERN/logbook/vendor/laravel/framework/src/Illuminate/Routing/ControllerDispatcher.php(43): Illuminate/Routing/Controller->callAction('store', Array)
#18 D:/KULIAH/BERAU COAL INTERN/logbook/vendor/laravel/framework/src/Illuminate/Routing/Route.php(265): Illuminate/Routing/ControllerDispatcher->dispatch(Object(Illuminate/Routing/Route), Object(App/Http/Controllers/OjtLogbookController), 'store')
#19 D:/KULIAH/BERAU COAL INTERN/logbook/vendor/laravel/framework/src/Illuminate/Routing/Route.php(211): Illuminate/Routing/Route->runController()
#20 D:/KULIAH/BERAU COAL INTERN/logbook/vendor/laravel/framework/src/Illuminate/Routing/Router.php(822): Illuminate/Routing/Route->run()
#21 D:/KULIAH/BERAU COAL INTERN/logbook/vendor/laravel/framework/src/Illuminate/Pipeline/Pipeline.php(180): Illuminate/Routing/Router->Illuminate/Routing/{closure}(Object(Illuminate/Http/Request))
#22 D:/KULIAH/BERAU COAL INTERN/logbook/app/Http/Middleware/RoleMiddleware.php(23): Illuminate/Pipeline/Pipeline->Illuminate/Pipeline/{closure}(Object(Illuminate/Http/Request))
#23 D:/KULIAH/BERAU COAL INTERN/logbook/vendor/laravel/framework/src/Illuminate/Pipeline/Pipeline.php(219): App/Http/Middleware/RoleMiddleware->handle(Object(Illuminate/Http/Request), Object(Closure), 'trainee')
#24 D:/KULIAH/BERAU COAL INTERN/logbook/vendor/laravel/framework/src/Illuminate/Routing/Middleware/SubstituteBindings.php(50): Illuminate/Pipeline/Pipeline->Illuminate/Pipeline/{closure}(Object(Illuminate/Http/Request))
#25 D:/KULIAH/BERAU COAL INTERN/logbook/vendor/laravel/framework/src/Illuminate/Pipeline/Pipeline.php(219): Illuminate/Routing/Middleware/SubstituteBindings->handle(Object(Illuminate/Http/Request), Object(Closure))
#26 D:/KULIAH/BERAU COAL INTERN/logbook/vendor/laravel/framework/src/Illuminate/Auth/Middleware/Authenticate.php(63): Illuminate/Pipeline/Pipeline->Illuminate/Pipeline/{closure}(Object(Illuminate/Http/Request))
#27 D:/KULIAH/BERAU COAL INTERN/logbook/vendor/laravel/framework/src/Illuminate/Pipeline/Pipeline.php(219): Illuminate/Auth/Middleware/Authenticate->handle(Object(Illuminate/Http/Request), Object(Closure))
#28 D:/KULIAH/BERAU COAL INTERN/logbook/vendor/laravel/framework/src/Illuminate/Foundation/Http/Middleware/VerifyCsrfToken.php(87): Illuminate/Pipeline/Pipeline->Illuminate/Pipeline/{closure}(Object(Illuminate/Http/Request))
#29 D:/KULIAH/BERAU COAL INTERN/logbook/vendor/laravel/framework/src/Illuminate/Pipeline/Pipeline.php(219): Illuminate/Foundation/Http/Middleware/VerifyCsrfToken->handle(Object(Illuminate/Http/Request), Object(Closure))
#30 D:/KULIAH/BERAU COAL INTERN/logbook/vendor/laravel/framework/src/Illuminate/View/Middleware/ShareErrorsFromSession.php(48): Illuminate/Pipeline/Pipeline->Illuminate/Pipeline/{closure}(Object(Illuminate/Http/Request))
#31 D:/KULIAH/BERAU COAL INTERN/logbook/vendor/laravel/framework/src/Illuminate/Pipeline/Pipeline.php(219): Illuminate/View/Middleware/ShareErrorsFromSession->handle(Object(Illuminate/Http/Request), Object(Closure))
#32 D:/KULIAH/BERAU COAL INTERN/logbook/vendor/laravel/framework/src/Illuminate/Session/Middleware/StartSession.php(120): Illuminate/Pipeline/Pipeline->Illuminate/Pipeline/{closure}(Object(Illuminate/Http/Request))
#33 D:/KULIAH/BERAU COAL INTERN/logbook/vendor/laravel/framework/src/Illuminate/Session/Middleware/StartSession.php(63): Illuminate/Session/Middleware/StartSession->handleStatefulRequest(Object(Illuminate/Http/Request), Object(Illuminate/Session/Store), Object(Closure))
#34 D:/KULIAH/BERAU COAL INTERN/logbook/vendor/laravel/framework/src/Illuminate/Pipeline/Pipeline.php(219): Illuminate/Session/Middleware/StartSession->handle(Object(Illuminate/Http/Request), Object(Closure))
#35 D:/KULIAH/BERAU COAL INTERN/logbook/vendor/laravel/framework/src/Illuminate/Cookie/Middleware/AddQueuedCookiesToResponse.php(36): Illuminate/Pipeline/Pipeline->Illuminate/Pipeline/{closure}(Object(Illuminate/Http/Request))
#36 D:/KULIAH/BERAU COAL INTERN/logbook/vendor/laravel/framework/src/Illuminate/Pipeline/Pipeline.php(219): Illuminate/Cookie/Middleware/AddQueuedCookiesToResponse->handle(Object(Illuminate/Http/Request), Object(Closure))
#37 D:/KULIAH/BERAU COAL INTERN/logbook/vendor/laravel/framework/src/Illuminate/Cookie/Middleware/EncryptCookies.php(74): Illuminate/Pipeline/Pipeline->Illuminate/Pipeline/{closure}(Object(Illuminate/Http/Request))
#38 D:/KULIAH/BERAU COAL INTERN/logbook/vendor/laravel/framework/src/Illuminate/Pipeline/Pipeline.php(219): Illuminate/Cookie/Middleware/EncryptCookies->handle(Object(Illuminate/Http/Request), Object(Closure))
#39 D:/KULIAH/BERAU COAL INTERN/logbook/vendor/laravel/framework/src/Illuminate/Pipeline/Pipeline.php(137): Illuminate/Pipeline/Pipeline->Illuminate/Pipeline/{closure}(Object(Illuminate/Http/Request))
#40 D:/KULIAH/BERAU COAL INTERN/logbook/vendor/laravel/framework/src/Illuminate/Routing/Router.php(821): Illuminate/Pipeline/Pipeline->then(Object(Closure))
#41 D:/KULIAH/BERAU COAL INTERN/logbook/vendor/laravel/framework/src/Illuminate/Routing/Router.php(800): Illuminate/Routing/Router->runRouteWithinStack(Object(Illuminate/Routing/Route), Object(Illuminate/Http/Request))
#42 D:/KULIAH/BERAU COAL INTERN/logbook/vendor/laravel/framework/src/Illuminate/Routing/Router.php(764): Illuminate/Routing/Router->runRoute(Object(Illuminate/Http/Request), Object(Illuminate/Routing/Route))
#43 D:/KULIAH/BERAU COAL INTERN/logbook/vendor/laravel/framework/src/Illuminate/Routing/Router.php(753): Illuminate/Routing/Router->dispatchToRoute(Object(Illuminate/Http/Request))
#44 D:/KULIAH/BERAU COAL INTERN/logbook/vendor/laravel/framework/src/Illuminate/Foundation/Http/Kernel.php(200): Illuminate/Routing/Router->dispatch(Object(Illuminate/Http/Request))
#45 D:/KULIAH/BERAU COAL INTERN/logbook/vendor/laravel/framework/src/Illuminate/Pipeline/Pipeline.php(180): Illuminate/Foundation/Http/Kernel->Illuminate/Foundation/Http/{closure}(Object(Illuminate/Http/Request))
#46 D:/KULIAH/BERAU COAL INTERN/logbook/vendor/laravel/framework/src/Illuminate/Foundation/Http/Middleware/TransformsRequest.php(21): Illuminate/Pipeline/Pipeline->Illuminate/Pipeline/{closure}(Object(Illuminate/Http/Request))
#47 D:/KULIAH/BERAU COAL INTERN/logbook/vendor/laravel/framework/src/Illuminate/Foundation/Http/Middleware/ConvertEmptyStringsToNull.php(31): Illuminate/Foundation/Http/Middleware/TransformsRequest->handle(Object(Illuminate/Http/Request), Object(Closure))
#48 D:/KULIAH/BERAU COAL INTERN/logbook/vendor/laravel/framework/src/Illuminate/Pipeline/Pipeline.php(219): Illuminate/Foundation/Http/Middleware/ConvertEmptyStringsToNull->handle(Object(Illuminate/Http/Request), Object(Closure))
#49 D:/KULIAH/BERAU COAL INTERN/logbook/vendor/laravel/framework/src/Illuminate/Foundation/Http/Middleware/TransformsRequest.php(21): Illuminate/Pipeline/Pipeline->Illuminate/Pipeline/{closure}(Object(Illuminate/Http/Request))
#50 D:/KULIAH/BERAU COAL INTERN/logbook/vendor/laravel/framework/src/Illuminate/Foundation/Http/Middleware/TrimStrings.php(51): Illuminate/Foundation/Http/Middleware/TransformsRequest->handle(Object(Illuminate/Http/Request), Object(Closure))
#51 D:/KULIAH/BERAU COAL INTERN/logbook/vendor/laravel/framework/src/Illuminate/Pipeline/Pipeline.php(219): Illuminate/Foundation/Http/Middleware/TrimStrings->handle(Object(Illuminate/Http/Request), Object(Closure))
#52 D:/KULIAH/BERAU COAL INTERN/logbook/vendor/laravel/framework/src/Illuminate/Http/Middleware/ValidatePostSize.php(27): Illuminate/Pipeline/Pipeline->Illuminate/Pipeline/{closure}(Object(Illuminate/Http/Request))
#53 D:/KULIAH/BERAU COAL INTERN/logbook/vendor/laravel/framework/src/Illuminate/Pipeline/Pipeline.php(219): Illuminate/Http/Middleware/ValidatePostSize->handle(Object(Illuminate/Http/Request), Object(Closure))
#54 D:/KULIAH/BERAU COAL INTERN/logbook/vendor/laravel/framework/src/Illuminate/Foundation/Http/Middleware/PreventRequestsDuringMaintenance.php(109): Illuminate/Pipeline/Pipeline->Illuminate/Pipeline/{closure}(Object(Illuminate/Http/Request))
#55 D:/KULIAH/BERAU COAL INTERN/logbook/vendor/laravel/framework/src/Illuminate/Pipeline/Pipeline.php(219): Illuminate/Foundation/Http/Middleware/PreventRequestsDuringMaintenance->handle(Object(Illuminate/Http/Request), Object(Closure))
#56 D:/KULIAH/BERAU COAL INTERN/logbook/vendor/laravel/framework/src/Illuminate/Http/Middleware/HandleCors.php(61): Illuminate/Pipeline/Pipeline->Illuminate/Pipeline/{closure}(Object(Illuminate/Http/Request))
#57 D:/KULIAH/BERAU COAL INTERN/logbook/vendor/laravel/framework/src/Illuminate/Pipeline/Pipeline.php(219): Illuminate/Http/Middleware/HandleCors->handle(Object(Illuminate/Http/Request), Object(Closure))
#58 D:/KULIAH/BERAU COAL INTERN/logbook/vendor/laravel/framework/src/Illuminate/Http/Middleware/TrustProxies.php(58): Illuminate/Pipeline/Pipeline->Illuminate/Pipeline/{closure}(Object(Illuminate/Http/Request))
#59 D:/KULIAH/BERAU COAL INTERN/logbook/vendor/laravel/framework/src/Illuminate/Pipeline/Pipeline.php(219): Illuminate/Http/Middleware/TrustProxies->handle(Object(Illuminate/Http/Request), Object(Closure))
#60 D:/KULIAH/BERAU COAL INTERN/logbook/vendor/laravel/framework/src/Illuminate/Foundation/Http/Middleware/InvokeDeferredCallbacks.php(22): Illuminate/Pipeline/Pipeline->Illuminate/Pipeline/{closure}(Object(Illuminate/Http/Request))
#61 D:/KULIAH/BERAU COAL INTERN/logbook/vendor/laravel/framework/src/Illuminate/Pipeline/Pipeline.php(219): Illuminate/Foundation/Http/Middleware/InvokeDeferredCallbacks->handle(Object(Illuminate/Http/Request), Object(Closure))
#62 D:/KULIAH/BERAU COAL INTERN/logbook/vendor/laravel/framework/src/Illuminate/Http/Middleware/ValidatePathEncoding.php(26): Illuminate/Pipeline/Pipeline->Illuminate/Pipeline/{closure}(Object(Illuminate/Http/Request))
#63 D:/KULIAH/BERAU COAL INTERN/logbook/vendor/laravel/framework/src/Illuminate/Pipeline/Pipeline.php(219): Illuminate/Http/Middleware/ValidatePathEncoding->handle(Object(Illuminate/Http/Request), Object(Closure))
#64 D:/KULIAH/BERAU COAL INTERN/logbook/vendor/laravel/framework/src/Illuminate/Pipeline/Pipeline.php(137): Illuminate/Pipeline/Pipeline->Illuminate/Pipeline/{closure}(Object(Illuminate/Http/Request))
#65 D:/KULIAH/BERAU COAL INTERN/logbook/vendor/laravel/framework/src/Illuminate/Foundation/Http/Kernel.php(175): Illuminate/Pipeline/Pipeline->then(Object(Closure))
#66 D:/KULIAH/BERAU COAL INTERN/logbook/vendor/laravel/framework/src/Illuminate/Foundation/Http/Kernel.php(144): Illuminate/Foundation/Http/Kernel->sendRequestThroughRouter(Object(Illuminate/Http/Request))
#67 D:/KULIAH/BERAU COAL INTERN/logbook/public/index.php(13): Illuminate/Foundation/Http/Kernel->handle(Object(Illuminate/Http/Request))
#68 D:/KULIAH/BERAU COAL INTERN/logbook/vendor/laravel/framework/src/Illuminate/Foundation/resources/server.php(23): require_once('D://KULIAH//BERAU...')
#69 {main}

[previous exception] [object] (PDOException(code: 23000): SQLSTATE[23000]: Integrity constraint violation: 19 NOT NULL constraint failed: ojt_logbooks.hm_start at D:/KULIAH/BERAU COAL INTERN/logbook/vendor/laravel/framework/src/Illuminate/Database/Connection.php:584)
[stacktrace]
#0 D:/KULIAH/BERAU COAL INTERN/logbook/vendor/laravel/framework/src/Illuminate/Database/Connection.php(584): PDOStatement->execute()
#1 D:/KULIAH/BERAU COAL INTERN/logbook/vendor/laravel/framework/src/Illuminate/Database/Connection.php(827): Illuminate/Database/Connection->Illuminate/Database/{closure}('insert into \"oj...', Array)
#2 D:/KULIAH/BERAU COAL INTERN/logbook/vendor/laravel/framework/src/Illuminate/Database/Connection.php(794): Illuminate/Database/Connection->runQueryCallback('insert into \"oj...', Array, Object(Closure))
#3 D:/KULIAH/BERAU COAL INTERN/logbook/vendor/laravel/framework/src/Illuminate/Database/Connection.php(573): Illuminate/Database/Connection->run('insert into \"oj...', Array, Object(Closure))
#4 D:/KULIAH/BERAU COAL INTERN/logbook/vendor/laravel/framework/src/Illuminate/Database/Connection.php(537): Illuminate/Database/Connection->statement('insert into \"oj...', Array)
#5 D:/KULIAH/BERAU COAL INTERN/logbook/vendor/laravel/framework/src/Illuminate/Database/Query/Processors/Processor.php(32): Illuminate/Database/Connection->insert('insert into \"oj...', Array)
#6 D:/KULIAH/BERAU COAL INTERN/logbook/vendor/laravel/framework/src/Illuminate/Database/Query/Builder.php(4170): Illuminate/Database/Query/Processors/Processor->processInsertGetId(Object(Illuminate/Database/Query/Builder), 'insert into \"oj...', Array, 'id')
#7 D:/KULIAH/BERAU COAL INTERN/logbook/vendor/laravel/framework/src/Illuminate/Database/Eloquent/Builder.php(2237): Illuminate/Database/Query/Builder->insertGetId(Array, 'id')
#8 D:/KULIAH/BERAU COAL INTERN/logbook/vendor/laravel/framework/src/Illuminate/Database/Eloquent/Model.php(1436): Illuminate/Database/Eloquent/Builder->__call('insertGetId', Array)
#9 D:/KULIAH/BERAU COAL INTERN/logbook/vendor/laravel/framework/src/Illuminate/Database/Eloquent/Model.php(1401): Illuminate/Database/Eloquent/Model->insertAndSetId(Object(Illuminate/Database/Eloquent/Builder), Array)
#10 D:/KULIAH/BERAU COAL INTERN/logbook/vendor/laravel/framework/src/Illuminate/Database/Eloquent/Model.php(1240): Illuminate/Database/Eloquent/Model->performInsert(Object(Illuminate/Database/Eloquent/Builder))
#11 D:/KULIAH/BERAU COAL INTERN/logbook/vendor/laravel/framework/src/Illuminate/Database/Eloquent/Builder.php(1219): Illuminate/Database/Eloquent/Model->save()
#12 D:/KULIAH/BERAU COAL INTERN/logbook/vendor/laravel/framework/src/Illuminate/Support/helpers.php(393): Illuminate/Database/Eloquent/Builder->Illuminate/Database/Eloquent/{closure}(Object(App/Models/OjtLogbook))
#13 D:/KULIAH/BERAU COAL INTERN/logbook/vendor/laravel/framework/src/Illuminate/Database/Eloquent/Builder.php(1218): tap(Object(App/Models/OjtLogbook), Object(Closure))
#14 D:/KULIAH/BERAU COAL INTERN/logbook/vendor/laravel/framework/src/Illuminate/Support/Traits/ForwardsCalls.php(23): Illuminate/Database/Eloquent/Builder->create(Array)
#15 D:/KULIAH/BERAU COAL INTERN/logbook/vendor/laravel/framework/src/Illuminate/Database/Eloquent/Model.php(2544): Illuminate/Database/Eloquent/Model->forwardCallTo(Object(Illuminate/Database/Eloquent/Builder), 'create', Array)
#16 D:/KULIAH/BERAU COAL INTERN/logbook/vendor/laravel/framework/src/Illuminate/Database/Eloquent/Model.php(2560): Illuminate/Database/Eloquent/Model->__call('create', Array)
#17 D:/KULIAH/BERAU COAL INTERN/logbook/app/Http/Controllers/OjtLogbookController.php(100): Illuminate/Database/Eloquent/Model::__callStatic('create', Array)
#18 D:/KULIAH/BERAU COAL INTERN/logbook/vendor/laravel/framework/src/Illuminate/Routing/Controller.php(54): App/Http/Controllers/OjtLogbookController->store(Object(App/Http/Requests/StoreLogbookRequest))
#19 D:/KULIAH/BERAU COAL INTERN/logbook/vendor/laravel/framework/src/Illuminate/Routing/ControllerDispatcher.php(43): Illuminate/Routing/Controller->callAction('store', Array)
#20 D:/KULIAH/BERAU COAL INTERN/logbook/vendor/laravel/framework/src/Illuminate/Routing/Route.php(265): Illuminate/Routing/ControllerDispatcher->dispatch(Object(Illuminate/Routing/Route), Object(App/Http/Controllers/OjtLogbookController), 'store')
#21 D:/KULIAH/BERAU COAL INTERN/logbook/vendor/laravel/framework/src/Illuminate/Routing/Route.php(211): Illuminate/Routing/Route->runController()
#22 D:/KULIAH/BERAU COAL INTERN/logbook/vendor/laravel/framework/src/Illuminate/Routing/Router.php(822): Illuminate/Routing/Route->run()
#23 D:/KULIAH/BERAU COAL INTERN/logbook/vendor/laravel/framework/src/Illuminate/Pipeline/Pipeline.php(180): Illuminate/Routing/Router->Illuminate/Routing/{closure}(Object(Illuminate/Http/Request))
#24 D:/KULIAH/BERAU COAL INTERN/logbook/app/Http/Middleware/RoleMiddleware.php(23): Illuminate/Pipeline/Pipeline->Illuminate/Pipeline/{closure}(Object(Illuminate/Http/Request))
#25 D:/KULIAH/BERAU COAL INTERN/logbook/vendor/laravel/framework/src/Illuminate/Pipeline/Pipeline.php(219): App/Http/Middleware/RoleMiddleware->handle(Object(Illuminate/Http/Request), Object(Closure), 'trainee')
#26 D:/KULIAH/BERAU COAL INTERN/logbook/vendor/laravel/framework/src/Illuminate/Routing/Middleware/SubstituteBindings.php(50): Illuminate/Pipeline/Pipeline->Illuminate/Pipeline/{closure}(Object(Illuminate/Http/Request))
#27 D:/KULIAH/BERAU COAL INTERN/logbook/vendor/laravel/framework/src/Illuminate/Pipeline/Pipeline.php(219): Illuminate/Routing/Middleware/SubstituteBindings->handle(Object(Illuminate/Http/Request), Object(Closure))
#28 D:/KULIAH/BERAU COAL INTERN/logbook/vendor/laravel/framework/src/Illuminate/Auth/Middleware/Authenticate.php(63): Illuminate/Pipeline/Pipeline->Illuminate/Pipeline/{closure}(Object(Illuminate/Http/Request))
#29 D:/KULIAH/BERAU COAL INTERN/logbook/vendor/laravel/framework/src/Illuminate/Pipeline/Pipeline.php(219): Illuminate/Auth/Middleware/Authenticate->handle(Object(Illuminate/Http/Request), Object(Closure))
#30 D:/KULIAH/BERAU COAL INTERN/logbook/vendor/laravel/framework/src/Illuminate/Foundation/Http/Middleware/VerifyCsrfToken.php(87): Illuminate/Pipeline/Pipeline->Illuminate/Pipeline/{closure}(Object(Illuminate/Http/Request))
#31 D:/KULIAH/BERAU COAL INTERN/logbook/vendor/laravel/framework/src/Illuminate/Pipeline/Pipeline.php(219): Illuminate/Foundation/Http/Middleware/VerifyCsrfToken->handle(Object(Illuminate/Http/Request), Object(Closure))
#32 D:/KULIAH/BERAU COAL INTERN/logbook/vendor/laravel/framework/src/Illuminate/View/Middleware/ShareErrorsFromSession.php(48): Illuminate/Pipeline/Pipeline->Illuminate/Pipeline/{closure}(Object(Illuminate/Http/Request))
#33 D:/KULIAH/BERAU COAL INTERN/logbook/vendor/laravel/framework/src/Illuminate/Pipeline/Pipeline.php(219): Illuminate/View/Middleware/ShareErrorsFromSession->handle(Object(Illuminate/Http/Request), Object(Closure))
#34 D:/KULIAH/BERAU COAL INTERN/logbook/vendor/laravel/framework/src/Illuminate/Session/Middleware/StartSession.php(120): Illuminate/Pipeline/Pipeline->Illuminate/Pipeline/{closure}(Object(Illuminate/Http/Request))
#35 D:/KULIAH/BERAU COAL INTERN/logbook/vendor/laravel/framework/src/Illuminate/Session/Middleware/StartSession.php(63): Illuminate/Session/Middleware/StartSession->handleStatefulRequest(Object(Illuminate/Http/Request), Object(Illuminate/Session/Store), Object(Closure))
#36 D:/KULIAH/BERAU COAL INTERN/logbook/vendor/laravel/framework/src/Illuminate/Pipeline/Pipeline.php(219): Illuminate/Session/Middleware/StartSession->handle(Object(Illuminate/Http/Request), Object(Closure))
#37 D:/KULIAH/BERAU COAL INTERN/logbook/vendor/laravel/framework/src/Illuminate/Cookie/Middleware/AddQueuedCookiesToResponse.php(36): Illuminate/Pipeline/Pipeline->Illuminate/Pipeline/{closure}(Object(Illuminate/Http/Request))
#38 D:/KULIAH/BERAU COAL INTERN/logbook/vendor/laravel/framework/src/Illuminate/Pipeline/Pipeline.php(219): Illuminate/Cookie/Middleware/AddQueuedCookiesToResponse->handle(Object(Illuminate/Http/Request), Object(Closure))
#39 D:/KULIAH/BERAU COAL INTERN/logbook/vendor/laravel/framework/src/Illuminate/Cookie/Middleware/EncryptCookies.php(74): Illuminate/Pipeline/Pipeline->Illuminate/Pipeline/{closure}(Object(Illuminate/Http/Request))
#40 D:/KULIAH/BERAU COAL INTERN/logbook/vendor/laravel/framework/src/Illuminate/Pipeline/Pipeline.php(219): Illuminate/Cookie/Middleware/EncryptCookies->handle(Object(Illuminate/Http/Request), Object(Closure))
#41 D:/KULIAH/BERAU COAL INTERN/logbook/vendor/laravel/framework/src/Illuminate/Pipeline/Pipeline.php(137): Illuminate/Pipeline/Pipeline->Illuminate/Pipeline/{closure}(Object(Illuminate/Http/Request))
#42 D:/KULIAH/BERAU COAL INTERN/logbook/vendor/laravel/framework/src/Illuminate/Routing/Router.php(821): Illuminate/Pipeline/Pipeline->then(Object(Closure))
#43 D:/KULIAH/BERAU COAL INTERN/logbook/vendor/laravel/framework/src/Illuminate/Routing/Router.php(800): Illuminate/Routing/Router->runRouteWithinStack(Object(Illuminate/Routing/Route), Object(Illuminate/Http/Request))
#44 D:/KULIAH/BERAU COAL INTERN/logbook/vendor/laravel/framework/src/Illuminate/Routing/Router.php(764): Illuminate/Routing/Router->runRoute(Object(Illuminate/Http/Request), Object(Illuminate/Routing/Route))
#45 D:/KULIAH/BERAU COAL INTERN/logbook/vendor/laravel/framework/src/Illuminate/Routing/Router.php(753): Illuminate/Routing/Router->dispatchToRoute(Object(Illuminate/Http/Request))
#46 D:/KULIAH/BERAU COAL INTERN/logbook/vendor/laravel/framework/src/Illuminate/Foundation/Http/Kernel.php(200): Illuminate/Routing/Router->dispatch(Object(Illuminate/Http/Request))
#47 D:/KULIAH/BERAU COAL INTERN/logbook/vendor/laravel/framework/src/Illuminate/Pipeline/Pipeline.php(180): Illuminate/Foundation/Http/Kernel->Illuminate/Foundation/Http/{closure}(Object(Illuminate/Http/Request))
#48 D:/KULIAH/BERAU COAL INTERN/logbook/vendor/laravel/framework/src/Illuminate/Foundation/Http/Middleware/TransformsRequest.php(21): Illuminate/Pipeline/Pipeline->Illuminate/Pipeline/{closure}(Object(Illuminate/Http/Request))
#49 D:/KULIAH/BERAU COAL INTERN/logbook/vendor/laravel/framework/src/Illuminate/Foundation/Http/Middleware/ConvertEmptyStringsToNull.php(31): Illuminate/Foundation/Http/Middleware/TransformsRequest->handle(Object(Illuminate/Http/Request), Object(Closure))
#50 D:/KULIAH/BERAU COAL INTERN/logbook/vendor/laravel/framework/src/Illuminate/Pipeline/Pipeline.php(219): Illuminate/Foundation/Http/Middleware/ConvertEmptyStringsToNull->handle(Object(Illuminate/Http/Request), Object(Closure))
#51 D:/KULIAH/BERAU COAL INTERN/logbook/vendor/laravel/framework/src/Illuminate/Foundation/Http/Middleware/TransformsRequest.php(21): Illuminate/Pipeline/Pipeline->Illuminate/Pipeline/{closure}(Object(Illuminate/Http/Request))
#52 D:/KULIAH/BERAU COAL INTERN/logbook/vendor/laravel/framework/src/Illuminate/Foundation/Http/Middleware/TrimStrings.php(51): Illuminate/Foundation/Http/Middleware/TransformsRequest->handle(Object(Illuminate/Http/Request), Object(Closure))
#53 D:/KULIAH/BERAU COAL INTERN/logbook/vendor/laravel/framework/src/Illuminate/Pipeline/Pipeline.php(219): Illuminate/Foundation/Http/Middleware/TrimStrings->handle(Object(Illuminate/Http/Request), Object(Closure))
#54 D:/KULIAH/BERAU COAL INTERN/logbook/vendor/laravel/framework/src/Illuminate/Http/Middleware/ValidatePostSize.php(27): Illuminate/Pipeline/Pipeline->Illuminate/Pipeline/{closure}(Object(Illuminate/Http/Request))
#55 D:/KULIAH/BERAU COAL INTERN/logbook/vendor/laravel/framework/src/Illuminate/Pipeline/Pipeline.php(219): Illuminate/Http/Middleware/ValidatePostSize->handle(Object(Illuminate/Http/Request), Object(Closure))
#56 D:/KULIAH/BERAU COAL INTERN/logbook/vendor/laravel/framework/src/Illuminate/Foundation/Http/Middleware/PreventRequestsDuringMaintenance.php(109): Illuminate/Pipeline/Pipeline->Illuminate/Pipeline/{closure}(Object(Illuminate/Http/Request))
#57 D:/KULIAH/BERAU COAL INTERN/logbook/vendor/laravel/framework/src/Illuminate/Pipeline/Pipeline.php(219): Illuminate/Foundation/Http/Middleware/PreventRequestsDuringMaintenance->handle(Object(Illuminate/Http/Request), Object(Closure))
#58 D:/KULIAH/BERAU COAL INTERN/logbook/vendor/laravel/framework/src/Illuminate/Http/Middleware/HandleCors.php(61): Illuminate/Pipeline/Pipeline->Illuminate/Pipeline/{closure}(Object(Illuminate/Http/Request))
#59 D:/KULIAH/BERAU COAL INTERN/logbook/vendor/laravel/framework/src/Illuminate/Pipeline/Pipeline.php(219): Illuminate/Http/Middleware/HandleCors->handle(Object(Illuminate/Http/Request), Object(Closure))
#60 D:/KULIAH/BERAU COAL INTERN/logbook/vendor/laravel/framework/src/Illuminate/Http/Middleware/TrustProxies.php(58): Illuminate/Pipeline/Pipeline->Illuminate/Pipeline/{closure}(Object(Illuminate/Http/Request))
#61 D:/KULIAH/BERAU COAL INTERN/logbook/vendor/laravel/framework/src/Illuminate/Pipeline/Pipeline.php(219): Illuminate/Http/Middleware/TrustProxies->handle(Object(Illuminate/Http/Request), Object(Closure))
#62 D:/KULIAH/BERAU COAL INTERN/logbook/vendor/laravel/framework/src/Illuminate/Foundation/Http/Middleware/InvokeDeferredCallbacks.php(22): Illuminate/Pipeline/Pipeline->Illuminate/Pipeline/{closure}(Object(Illuminate/Http/Request))
#63 D:/KULIAH/BERAU COAL INTERN/logbook/vendor/laravel/framework/src/Illuminate/Pipeline/Pipeline.php(219): Illuminate/Foundation/Http/Middleware/InvokeDeferredCallbacks->handle(Object(Illuminate/Http/Request), Object(Closure))
#64 D:/KULIAH/BERAU COAL INTERN/logbook/vendor/laravel/framework/src/Illuminate/Http/Middleware/ValidatePathEncoding.php(26): Illuminate/Pipeline/Pipeline->Illuminate/Pipeline/{closure}(Object(Illuminate/Http/Request))
#65 D:/KULIAH/BERAU COAL INTERN/logbook/vendor/laravel/framework/src/Illuminate/Pipeline/Pipeline.php(219): Illuminate/Http/Middleware/ValidatePathEncoding->handle(Object(Illuminate/Http/Request), Object(Closure))
#66 D:/KULIAH/BERAU COAL INTERN/logbook/vendor/laravel/framework/src/Illuminate/Pipeline/Pipeline.php(137): Illuminate/Pipeline/Pipeline->Illuminate/Pipeline/{closure}(Object(Illuminate/Http/Request))
#67 D:/KULIAH/BERAU COAL INTERN/logbook/vendor/laravel/framework/src/Illuminate/Foundation/Http/Kernel.php(175): Illuminate/Pipeline/Pipeline->then(Object(Closure))
#68 D:/KULIAH/BERAU COAL INTERN/logbook/vendor/laravel/framework/src/Illuminate/Foundation/Http/Kernel.php(144): Illuminate/Foundation/Http/Kernel->sendRequestThroughRouter(Object(Illuminate/Http/Request))
#69 D:/KULIAH/BERAU COAL INTERN/logbook/public/index.php(13): Illuminate/Foundation/Http/Kernel->handle(Object(Illuminate/Http/Request))
#70 D:/KULIAH/BERAU COAL INTERN/logbook/vendor/laravel/framework/src/Illuminate/Foundation/resources/server.php(23): require_once('D://KULIAH//BERAU...')
#71 {main}
"} 
[2026-08-07 15:27:03] local.ERROR: SQLSTATE[23000]: Integrity constraint violation: 19 NOT NULL constraint failed: ojt_logbooks.hm_start (Connection: sqlite, Database: database/database.sqlite, SQL: insert into "ojt_logbooks" ("logbook_number", "trainee_id", "trainer_id", "supervisor_id", "department_id", "equipment_category_id", "equipment_id", "equipment_number", "date", "shift", "location", "start_time", "finish_time", "hm_start", "hm_end", "total_hm", "daily_activity", "sop_payload", "status", "submitted_at", "updated_at", "created_at") values (LOG-202608-0015, 1, ?, ?, 1, 3, ?, ?, 2026-08-07 00:00:00, day, ?, 07:00, 17:00, ?, ?, 0, ?, {"meta":{"category_code":"DZ","unit_family":"track","trainee_name":"Ahmad Rian Syahputra","certification":"Green","company":"PT BERAU COAL \/ PT MTL","sticker_expired_at":null,"assessment_mode":"pendampingan","assessment_stage":"bulanan"},"track":{"groups":[{"title":"Teknik Pengoperasian","subtitle":"Dozing & Digging untuk Buldozer \/ Grading & Digging untuk Motor Grader","items":[{"code":"1.1","label":"Cara memposisikan blade pada saat mendorong \/ grading","kind":"Skl","status":"K","note":null},{"code":"1.2","label":"Penggunaan tilt blade","kind":"Kwn","status":"K","note":null},{"code":"1.3","label":"Cara pengoperasian blade untuk mendorong \/ ditching","kind":"Skl","note":null},{"code":"1.4","label":"Cara pengoperasian blade untuk menggali \/ sloping","kind":"Skl","note":null},{"code":"1.5","label":"Penyesuaian beban dengan RPM \/ posisi transmisi","kind":"Skl","note":null},{"code":"1.6","label":"Teknik dozing \/ grading \/ digging","kind":"Skl","note":null}]},{"title":"Spreading & Leveling","subtitle":"Pengoperasian untuk meratakan, memadatkan, dan membentuk area kerja","items":[{"code":"2.1","label":"Penggunaan speed \/ transmisi saat bergerak","kind":"Kwn","note":null},{"code":"2.2","label":"Cara leveling menggunakan tilt","kind":"Kwn","note":null},{"code":"2.3","label":"Cara menghampar material untuk membuat jalan \/ menimbun lubang","kind":"Skl","note":null},{"code":"2.4","label":"Filling pada saat melewatkan area kerja","kind":"Skl","note":null},{"code":"2.5","label":"Penggunaan steering","kind":"Skl","note":null},{"code":"2.6","label":"Penggunaan articulated (khusus unit GR)","kind":"Skl","note":null},{"code":"2.7","label":"Teknik spreading \/ leveling","kind":"Skl","note":null}]},{"title":"Ripping","subtitle":"Khusus untuk pekerjaan ripping dan pembukaan material keras","items":[{"code":"3.1","label":"Cara memposisikan ripper","kind":"Skl","note":null},{"code":"3.2","label":"Teknik penetrasi ripping","kind":"Kwn","note":null},{"code":"3.3","label":"Penyesuaian posisi ripper dengan kekerasan material","kind":"Skl","note":null}]},{"title":"Finishing","subtitle":"Finishing grading dan koreksi permukaan kerja","items":[{"code":"4.1","label":"Kesesuaian penggunaan speed","kind":"Skl","note":null},{"code":"4.2","label":"Hasil akurasi \/ kualitas pekerjaan","kind":"Skl","note":null}]}],"behavior":[{"code":"1","label":"Mempedulikan pemakaian fuel\/ bahan bakar","kind":"Atd","note":null},{"code":"2","label":"Mempedulikan pemakaian tyre\/ undercarriage","kind":"Atd","note":null},{"code":"3","label":"Mempedulikan akan ketidaknormalan unit","kind":"Atd","note":null},{"code":"4","label":"Mempedulikan untuk bekerja dengan efektif dan efisien","kind":"Atd","note":null},{"code":"5","label":"Mempedulikan untuk meniadakan pemborosan dimanapun","kind":"Atd","note":null},{"code":"6","label":"Melaksanakan aktivitas sesuai instruksi","kind":"Atd","note":null},{"code":"7","label":"Berusaha untuk melakukan yang terbaik","kind":"Atd","note":null},{"code":"8","label":"Selalu siap menerima tugas yang diberikan","kind":"Atd","note":null},{"code":"9","label":"Berani mengingatkan jika ada yang berbuat kesalahan","kind":"Atd","note":null},{"code":"10","label":"Disiplin waktu saat pelaksanaan pelatihan","kind":"Atd","note":null},{"code":"11","label":"Mematuhi semua aturan yang berlaku","kind":"Atd","note":null},{"code":"12","label":"Tidak pernah mangkir","kind":"Atd","note":null},{"code":"13","label":"Melaksanakan tugas kelompok bersama-sama","kind":"Atd","note":null},{"code":"14","label":"Berinisiatif untuk membantu","kind":"Atd","note":null},{"code":"15","label":"Selalu antusias jika diberi tugas","kind":"Atd","note":null},{"code":"16","label":"Melaporkan setiap kejadian diluar wewenangnya","kind":"Atd","note":null},{"code":"17","label":"Tidak ragu-ragu jika diberi instruksi","kind":"Atd","note":null},{"code":"18","label":"Mengoperasikan unit dengan penuh keyakinan","kind":"Atd","note":null},{"code":"19","label":"Bersikap proaktif di setiap kegiatan","kind":"Atd","note":null},{"code":"20","label":"Tidak malu untuk bertanya jika ada kesulitan","kind":"Atd","note":null}]},"excavator":{"groups":[{"title":"Positioning","subtitle":"Positioning unit di front loading dan sudut kerja bucket","items":[{"code":"1.1","label":"Posisi unit di front loading","kind":"Kwn","note":null},{"code":"1.2","label":"Sudut kerja bucket ke material","kind":"Skl","note":null},{"code":"1.3","label":"Cara menempatkan bucket dengan aman","kind":"Skl","note":null},{"code":"1.4","label":"Posisi travel dan swing saat bekerja","kind":"Skl","note":null}]},{"title":"Loading & Dumping","subtitle":"Cara swing, memuat, dan dumping yang aman","items":[{"code":"2.1","label":"Cara swing menuju truck","kind":"Kwn","note":null},{"code":"2.2","label":"Cara loading material ke dump truck","kind":"Kwn","note":null},{"code":"2.3","label":"Kontrol bucket saat dumping","kind":"Kwn","note":null},{"code":"2.4","label":"Cara dumping dan kerapian muatan","kind":"Skl","note":null},{"code":"2.5","label":"Cycle time","kind":"Kwn","note":null}]},{"title":"Digging","subtitle":"Teknik gali dan pengaturan kerja bucket","items":[{"code":"3.1","label":"Self positioning dan penempatan bucket","kind":"Skl","note":null},{"code":"3.2","label":"Teknik kombinasi maju pada saat digging","kind":"Skl","note":null},{"code":"3.3","label":"Cara pengambilan material pada saat digging","kind":"Skl","note":null},{"code":"3.4","label":"Volume bucket","kind":"Kwn","note":null}]},{"title":"Sloping","subtitle":"Kontur slope dan kerja finishing area lereng","items":[{"code":"4.1","label":"Keterampilan saat sloping","kind":"Skl","note":null},{"code":"4.2","label":"Ketinggian \/ sudut penempatan slope","kind":"Skl","note":null},{"code":"4.3","label":"Kecepatan kerja ketika sloping","kind":"Skl","note":null},{"code":"4.4","label":"Hasil akhir permukaan slope","kind":"Skl","note":null}]}],"behavior":[{"code":"1","label":"Mempedulikan pemakaian fuel\/ bahan bakar","kind":"Atd","note":null},{"code":"2","label":"Mempedulikan pemakaian tyre\/ undercarriage","kind":"Atd","note":null},{"code":"3","label":"Mempedulikan akan ketidaknormalan unit","kind":"Atd","note":null},{"code":"4","label":"Mempedulikan untuk bekerja dengan efektif dan efisien","kind":"Atd","note":null},{"code":"5","label":"Mempedulikan untuk meniadakan pemborosan dimanapun","kind":"Atd","note":null},{"code":"6","label":"Melaksanakan aktivitas sesuai instruksi","kind":"Atd","note":null},{"code":"7","label":"Berusaha untuk melakukan yang terbaik","kind":"Atd","note":null},{"code":"8","label":"Selalu siap menerima tugas yang diberikan","kind":"Atd","note":null},{"code":"9","label":"Berani mengingatkan jika ada yang berbuat kesalahan","kind":"Atd","note":null},{"code":"10","label":"Disiplin waktu saat pelaksanaan pelatihan","kind":"Atd","note":null},{"code":"11","label":"Mematuhi semua aturan yang berlaku","kind":"Atd","note":null},{"code":"12","label":"Tidak pernah mangkir","kind":"Atd","note":null},{"code":"13","label":"Melaksanakan tugas kelompok bersama-sama","kind":"Atd","note":null},{"code":"14","label":"Berinisiatif untuk membantu","kind":"Atd","note":null},{"code":"15","label":"Selalu antusias jika diberi tugas","kind":"Atd","note":null},{"code":"16","label":"Melaporkan setiap kejadian diluar wewenangnya","kind":"Atd","note":null},{"code":"17","label":"Tidak ragu-ragu jika diberi instruksi","kind":"Atd","note":null},{"code":"18","label":"Mengoperasikan unit dengan penuh keyakinan","kind":"Atd","note":null},{"code":"19","label":"Bersikap proaktif di setiap kegiatan","kind":"Atd","note":null},{"code":"20","label":"Tidak malu untuk bertanya jika ada kesulitan","kind":"Atd","note":null}]}}, draft, ?, 2026-08-07 15:27:03, 2026-08-07 15:27:03)) {"userId":1,"exception":"[object] (Illuminate\\Database\\QueryException(code: 23000): SQLSTATE[23000]: Integrity constraint violation: 19 NOT NULL constraint failed: ojt_logbooks.hm_start (Connection: sqlite, Database: database/database.sqlite, SQL: insert into \"ojt_logbooks\" (\"logbook_number\", \"trainee_id\", \"trainer_id\", \"supervisor_id\", \"department_id\", \"equipment_category_id\", \"equipment_id\", \"equipment_number\", \"date\", \"shift\", \"location\", \"start_time\", \"finish_time\", \"hm_start\", \"hm_end\", \"total_hm\", \"daily_activity\", \"sop_payload\", \"status\", \"submitted_at\", \"updated_at\", \"created_at\") values (LOG-202608-0015, 1, ?, ?, 1, 3, ?, ?, 2026-08-07 00:00:00, day, ?, 07:00, 17:00, ?, ?, 0, ?, {\"meta\":{\"category_code\":\"DZ\",\"unit_family\":\"track\",\"trainee_name\":\"Ahmad Rian Syahputra\",\"certification\":\"Green\",\"company\":\"PT BERAU COAL \\/ PT MTL\",\"sticker_expired_at\":null,\"assessment_mode\":\"pendampingan\",\"assessment_stage\":\"bulanan\"},\"track\":{\"groups\":[{\"title\":\"Teknik Pengoperasian\",\"subtitle\":\"Dozing & Digging untuk Buldozer \\/ Grading & Digging untuk Motor Grader\",\"items\":[{\"code\":\"1.1\",\"label\":\"Cara memposisikan blade pada saat mendorong \\/ grading\",\"kind\":\"Skl\",\"status\":\"K\",\"note\":null},{\"code\":\"1.2\",\"label\":\"Penggunaan tilt blade\",\"kind\":\"Kwn\",\"status\":\"K\",\"note\":null},{\"code\":\"1.3\",\"label\":\"Cara pengoperasian blade untuk mendorong \\/ ditching\",\"kind\":\"Skl\",\"note\":null},{\"code\":\"1.4\",\"label\":\"Cara pengoperasian blade untuk menggali \\/ sloping\",\"kind\":\"Skl\",\"note\":null},{\"code\":\"1.5\",\"label\":\"Penyesuaian beban dengan RPM \\/ posisi transmisi\",\"kind\":\"Skl\",\"note\":null},{\"code\":\"1.6\",\"label\":\"Teknik dozing \\/ grading \\/ digging\",\"kind\":\"Skl\",\"note\":null}]},{\"title\":\"Spreading & Leveling\",\"subtitle\":\"Pengoperasian untuk meratakan, memadatkan, dan membentuk area kerja\",\"items\":[{\"code\":\"2.1\",\"label\":\"Penggunaan speed \\/ transmisi saat bergerak\",\"kind\":\"Kwn\",\"note\":null},{\"code\":\"2.2\",\"label\":\"Cara leveling menggunakan tilt\",\"kind\":\"Kwn\",\"note\":null},{\"code\":\"2.3\",\"label\":\"Cara menghampar material untuk membuat jalan \\/ menimbun lubang\",\"kind\":\"Skl\",\"note\":null},{\"code\":\"2.4\",\"label\":\"Filling pada saat melewatkan area kerja\",\"kind\":\"Skl\",\"note\":null},{\"code\":\"2.5\",\"label\":\"Penggunaan steering\",\"kind\":\"Skl\",\"note\":null},{\"code\":\"2.6\",\"label\":\"Penggunaan articulated (khusus unit GR)\",\"kind\":\"Skl\",\"note\":null},{\"code\":\"2.7\",\"label\":\"Teknik spreading \\/ leveling\",\"kind\":\"Skl\",\"note\":null}]},{\"title\":\"Ripping\",\"subtitle\":\"Khusus untuk pekerjaan ripping dan pembukaan material keras\",\"items\":[{\"code\":\"3.1\",\"label\":\"Cara memposisikan ripper\",\"kind\":\"Skl\",\"note\":null},{\"code\":\"3.2\",\"label\":\"Teknik penetrasi ripping\",\"kind\":\"Kwn\",\"note\":null},{\"code\":\"3.3\",\"label\":\"Penyesuaian posisi ripper dengan kekerasan material\",\"kind\":\"Skl\",\"note\":null}]},{\"title\":\"Finishing\",\"subtitle\":\"Finishing grading dan koreksi permukaan kerja\",\"items\":[{\"code\":\"4.1\",\"label\":\"Kesesuaian penggunaan speed\",\"kind\":\"Skl\",\"note\":null},{\"code\":\"4.2\",\"label\":\"Hasil akurasi \\/ kualitas pekerjaan\",\"kind\":\"Skl\",\"note\":null}]}],\"behavior\":[{\"code\":\"1\",\"label\":\"Mempedulikan pemakaian fuel\\/ bahan bakar\",\"kind\":\"Atd\",\"note\":null},{\"code\":\"2\",\"label\":\"Mempedulikan pemakaian tyre\\/ undercarriage\",\"kind\":\"Atd\",\"note\":null},{\"code\":\"3\",\"label\":\"Mempedulikan akan ketidaknormalan unit\",\"kind\":\"Atd\",\"note\":null},{\"code\":\"4\",\"label\":\"Mempedulikan untuk bekerja dengan efektif dan efisien\",\"kind\":\"Atd\",\"note\":null},{\"code\":\"5\",\"label\":\"Mempedulikan untuk meniadakan pemborosan dimanapun\",\"kind\":\"Atd\",\"note\":null},{\"code\":\"6\",\"label\":\"Melaksanakan aktivitas sesuai instruksi\",\"kind\":\"Atd\",\"note\":null},{\"code\":\"7\",\"label\":\"Berusaha untuk melakukan yang terbaik\",\"kind\":\"Atd\",\"note\":null},{\"code\":\"8\",\"label\":\"Selalu siap menerima tugas yang diberikan\",\"kind\":\"Atd\",\"note\":null},{\"code\":\"9\",\"label\":\"Berani mengingatkan jika ada yang berbuat kesalahan\",\"kind\":\"Atd\",\"note\":null},{\"code\":\"10\",\"label\":\"Disiplin waktu saat pelaksanaan pelatihan\",\"kind\":\"Atd\",\"note\":null},{\"code\":\"11\",\"label\":\"Mematuhi semua aturan yang berlaku\",\"kind\":\"Atd\",\"note\":null},{\"code\":\"12\",\"label\":\"Tidak pernah mangkir\",\"kind\":\"Atd\",\"note\":null},{\"code\":\"13\",\"label\":\"Melaksanakan tugas kelompok bersama-sama\",\"kind\":\"Atd\",\"note\":null},{\"code\":\"14\",\"label\":\"Berinisiatif untuk membantu\",\"kind\":\"Atd\",\"note\":null},{\"code\":\"15\",\"label\":\"Selalu antusias jika diberi tugas\",\"kind\":\"Atd\",\"note\":null},{\"code\":\"16\",\"label\":\"Melaporkan setiap kejadian diluar wewenangnya\",\"kind\":\"Atd\",\"note\":null},{\"code\":\"17\",\"label\":\"Tidak ragu-ragu jika diberi instruksi\",\"kind\":\"Atd\",\"note\":null},{\"code\":\"18\",\"label\":\"Mengoperasikan unit dengan penuh keyakinan\",\"kind\":\"Atd\",\"note\":null},{\"code\":\"19\",\"label\":\"Bersikap proaktif di setiap kegiatan\",\"kind\":\"Atd\",\"note\":null},{\"code\":\"20\",\"label\":\"Tidak malu untuk bertanya jika ada kesulitan\",\"kind\":\"Atd\",\"note\":null}]},\"excavator\":{\"groups\":[{\"title\":\"Positioning\",\"subtitle\":\"Positioning unit di front loading dan sudut kerja bucket\",\"items\":[{\"code\":\"1.1\",\"label\":\"Posisi unit di front loading\",\"kind\":\"Kwn\",\"note\":null},{\"code\":\"1.2\",\"label\":\"Sudut kerja bucket ke material\",\"kind\":\"Skl\",\"note\":null},{\"code\":\"1.3\",\"label\":\"Cara menempatkan bucket dengan aman\",\"kind\":\"Skl\",\"note\":null},{\"code\":\"1.4\",\"label\":\"Posisi travel dan swing saat bekerja\",\"kind\":\"Skl\",\"note\":null}]},{\"title\":\"Loading & Dumping\",\"subtitle\":\"Cara swing, memuat, dan dumping yang aman\",\"items\":[{\"code\":\"2.1\",\"label\":\"Cara swing menuju truck\",\"kind\":\"Kwn\",\"note\":null},{\"code\":\"2.2\",\"label\":\"Cara loading material ke dump truck\",\"kind\":\"Kwn\",\"note\":null},{\"code\":\"2.3\",\"label\":\"Kontrol bucket saat dumping\",\"kind\":\"Kwn\",\"note\":null},{\"code\":\"2.4\",\"label\":\"Cara dumping dan kerapian muatan\",\"kind\":\"Skl\",\"note\":null},{\"code\":\"2.5\",\"label\":\"Cycle time\",\"kind\":\"Kwn\",\"note\":null}]},{\"title\":\"Digging\",\"subtitle\":\"Teknik gali dan pengaturan kerja bucket\",\"items\":[{\"code\":\"3.1\",\"label\":\"Self positioning dan penempatan bucket\",\"kind\":\"Skl\",\"note\":null},{\"code\":\"3.2\",\"label\":\"Teknik kombinasi maju pada saat digging\",\"kind\":\"Skl\",\"note\":null},{\"code\":\"3.3\",\"label\":\"Cara pengambilan material pada saat digging\",\"kind\":\"Skl\",\"note\":null},{\"code\":\"3.4\",\"label\":\"Volume bucket\",\"kind\":\"Kwn\",\"note\":null}]},{\"title\":\"Sloping\",\"subtitle\":\"Kontur slope dan kerja finishing area lereng\",\"items\":[{\"code\":\"4.1\",\"label\":\"Keterampilan saat sloping\",\"kind\":\"Skl\",\"note\":null},{\"code\":\"4.2\",\"label\":\"Ketinggian \\/ sudut penempatan slope\",\"kind\":\"Skl\",\"note\":null},{\"code\":\"4.3\",\"label\":\"Kecepatan kerja ketika sloping\",\"kind\":\"Skl\",\"note\":null},{\"code\":\"4.4\",\"label\":\"Hasil akhir permukaan slope\",\"kind\":\"Skl\",\"note\":null}]}],\"behavior\":[{\"code\":\"1\",\"label\":\"Mempedulikan pemakaian fuel\\/ bahan bakar\",\"kind\":\"Atd\",\"note\":null},{\"code\":\"2\",\"label\":\"Mempedulikan pemakaian tyre\\/ undercarriage\",\"kind\":\"Atd\",\"note\":null},{\"code\":\"3\",\"label\":\"Mempedulikan akan ketidaknormalan unit\",\"kind\":\"Atd\",\"note\":null},{\"code\":\"4\",\"label\":\"Mempedulikan untuk bekerja dengan efektif dan efisien\",\"kind\":\"Atd\",\"note\":null},{\"code\":\"5\",\"label\":\"Mempedulikan untuk meniadakan pemborosan dimanapun\",\"kind\":\"Atd\",\"note\":null},{\"code\":\"6\",\"label\":\"Melaksanakan aktivitas sesuai instruksi\",\"kind\":\"Atd\",\"note\":null},{\"code\":\"7\",\"label\":\"Berusaha untuk melakukan yang terbaik\",\"kind\":\"Atd\",\"note\":null},{\"code\":\"8\",\"label\":\"Selalu siap menerima tugas yang diberikan\",\"kind\":\"Atd\",\"note\":null},{\"code\":\"9\",\"label\":\"Berani mengingatkan jika ada yang berbuat kesalahan\",\"kind\":\"Atd\",\"note\":null},{\"code\":\"10\",\"label\":\"Disiplin waktu saat pelaksanaan pelatihan\",\"kind\":\"Atd\",\"note\":null},{\"code\":\"11\",\"label\":\"Mematuhi semua aturan yang berlaku\",\"kind\":\"Atd\",\"note\":null},{\"code\":\"12\",\"label\":\"Tidak pernah mangkir\",\"kind\":\"Atd\",\"note\":null},{\"code\":\"13\",\"label\":\"Melaksanakan tugas kelompok bersama-sama\",\"kind\":\"Atd\",\"note\":null},{\"code\":\"14\",\"label\":\"Berinisiatif untuk membantu\",\"kind\":\"Atd\",\"note\":null},{\"code\":\"15\",\"label\":\"Selalu antusias jika diberi tugas\",\"kind\":\"Atd\",\"note\":null},{\"code\":\"16\",\"label\":\"Melaporkan setiap kejadian diluar wewenangnya\",\"kind\":\"Atd\",\"note\":null},{\"code\":\"17\",\"label\":\"Tidak ragu-ragu jika diberi instruksi\",\"kind\":\"Atd\",\"note\":null},{\"code\":\"18\",\"label\":\"Mengoperasikan unit dengan penuh keyakinan\",\"kind\":\"Atd\",\"note\":null},{\"code\":\"19\",\"label\":\"Bersikap proaktif di setiap kegiatan\",\"kind\":\"Atd\",\"note\":null},{\"code\":\"20\",\"label\":\"Tidak malu untuk bertanya jika ada kesulitan\",\"kind\":\"Atd\",\"note\":null}]}}, draft, ?, 2026-08-07 15:27:03, 2026-08-07 15:27:03)) at D:/KULIAH/BERAU COAL INTERN/logbook/vendor/laravel/framework/src/Illuminate/Database/Connection.php:838)
[stacktrace]
#0 D:/KULIAH/BERAU COAL INTERN/logbook/vendor/laravel/framework/src/Illuminate/Database/Connection.php(794): Illuminate/Database/Connection->runQueryCallback('insert into \"oj...', Array, Object(Closure))
#1 D:/KULIAH/BERAU COAL INTERN/logbook/vendor/laravel/framework/src/Illuminate/Database/Connection.php(573): Illuminate/Database/Connection->run('insert into \"oj...', Array, Object(Closure))
#2 D:/KULIAH/BERAU COAL INTERN/logbook/vendor/laravel/framework/src/Illuminate/Database/Connection.php(537): Illuminate/Database/Connection->statement('insert into \"oj...', Array)
#3 D:/KULIAH/BERAU COAL INTERN/logbook/vendor/laravel/framework/src/Illuminate/Database/Query/Processors/Processor.php(32): Illuminate/Database/Connection->insert('insert into \"oj...', Array)
#4 D:/KULIAH/BERAU COAL INTERN/logbook/vendor/laravel/framework/src/Illuminate/Database/Query/Builder.php(4170): Illuminate/Database/Query/Processors/Processor->processInsertGetId(Object(Illuminate/Database/Query/Builder), 'insert into \"oj...', Array, 'id')
#5 D:/KULIAH/BERAU COAL INTERN/logbook/vendor/laravel/framework/src/Illuminate/Database/Eloquent/Builder.php(2237): Illuminate/Database/Query/Builder->insertGetId(Array, 'id')
#6 D:/KULIAH/BERAU COAL INTERN/logbook/vendor/laravel/framework/src/Illuminate/Database/Eloquent/Model.php(1436): Illuminate/Database/Eloquent/Builder->__call('insertGetId', Array)
#7 D:/KULIAH/BERAU COAL INTERN/logbook/vendor/laravel/framework/src/Illuminate/Database/Eloquent/Model.php(1401): Illuminate/Database/Eloquent/Model->insertAndSetId(Object(Illuminate/Database/Eloquent/Builder), Array)
#8 D:/KULIAH/BERAU COAL INTERN/logbook/vendor/laravel/framework/src/Illuminate/Database/Eloquent/Model.php(1240): Illuminate/Database/Eloquent/Model->performInsert(Object(Illuminate/Database/Eloquent/Builder))
#9 D:/KULIAH/BERAU COAL INTERN/logbook/vendor/laravel/framework/src/Illuminate/Database/Eloquent/Builder.php(1219): Illuminate/Database/Eloquent/Model->save()
#10 D:/KULIAH/BERAU COAL INTERN/logbook/vendor/laravel/framework/src/Illuminate/Support/helpers.php(393): Illuminate/Database/Eloquent/Builder->Illuminate/Database/Eloquent/{closure}(Object(App/Models/OjtLogbook))
#11 D:/KULIAH/BERAU COAL INTERN/logbook/vendor/laravel/framework/src/Illuminate/Database/Eloquent/Builder.php(1218): tap(Object(App/Models/OjtLogbook), Object(Closure))
#12 D:/KULIAH/BERAU COAL INTERN/logbook/vendor/laravel/framework/src/Illuminate/Support/Traits/ForwardsCalls.php(23): Illuminate/Database/Eloquent/Builder->create(Array)
#13 D:/KULIAH/BERAU COAL INTERN/logbook/vendor/laravel/framework/src/Illuminate/Database/Eloquent/Model.php(2544): Illuminate/Database/Eloquent/Model->forwardCallTo(Object(Illuminate/Database/Eloquent/Builder), 'create', Array)
#14 D:/KULIAH/BERAU COAL INTERN/logbook/vendor/laravel/framework/src/Illuminate/Database/Eloquent/Model.php(2560): Illuminate/Database/Eloquent/Model->__call('create', Array)
#15 D:/KULIAH/BERAU COAL INTERN/logbook/app/Http/Controllers/OjtLogbookController.php(100): Illuminate/Database/Eloquent/Model::__callStatic('create', Array)
#16 D:/KULIAH/BERAU COAL INTERN/logbook/vendor/laravel/framework/src/Illuminate/Routing/Controller.php(54): App/Http/Controllers/OjtLogbookController->store(Object(App/Http/Requests/StoreLogbookRequest))
#17 D:/KULIAH/BERAU COAL INTERN/logbook/vendor/laravel/framework/src/Illuminate/Routing/ControllerDispatcher.php(43): Illuminate/Routing/Controller->callAction('store', Array)
#18 D:/KULIAH/BERAU COAL INTERN/logbook/vendor/laravel/framework/src/Illuminate/Routing/Route.php(265): Illuminate/Routing/ControllerDispatcher->dispatch(Object(Illuminate/Routing/Route), Object(App/Http/Controllers/OjtLogbookController), 'store')
#19 D:/KULIAH/BERAU COAL INTERN/logbook/vendor/laravel/framework/src/Illuminate/Routing/Route.php(211): Illuminate/Routing/Route->runController()
#20 D:/KULIAH/BERAU COAL INTERN/logbook/vendor/laravel/framework/src/Illuminate/Routing/Router.php(822): Illuminate/Routing/Route->run()
#21 D:/KULIAH/BERAU COAL INTERN/logbook/vendor/laravel/framework/src/Illuminate/Pipeline/Pipeline.php(180): Illuminate/Routing/Router->Illuminate/Routing/{closure}(Object(Illuminate/Http/Request))
#22 D:/KULIAH/BERAU COAL INTERN/logbook/app/Http/Middleware/RoleMiddleware.php(23): Illuminate/Pipeline/Pipeline->Illuminate/Pipeline/{closure}(Object(Illuminate/Http/Request))
#23 D:/KULIAH/BERAU COAL INTERN/logbook/vendor/laravel/framework/src/Illuminate/Pipeline/Pipeline.php(219): App/Http/Middleware/RoleMiddleware->handle(Object(Illuminate/Http/Request), Object(Closure), 'trainee')
#24 D:/KULIAH/BERAU COAL INTERN/logbook/vendor/laravel/framework/src/Illuminate/Routing/Middleware/SubstituteBindings.php(50): Illuminate/Pipeline/Pipeline->Illuminate/Pipeline/{closure}(Object(Illuminate/Http/Request))
#25 D:/KULIAH/BERAU COAL INTERN/logbook/vendor/laravel/framework/src/Illuminate/Pipeline/Pipeline.php(219): Illuminate/Routing/Middleware/SubstituteBindings->handle(Object(Illuminate/Http/Request), Object(Closure))
#26 D:/KULIAH/BERAU COAL INTERN/logbook/vendor/laravel/framework/src/Illuminate/Auth/Middleware/Authenticate.php(63): Illuminate/Pipeline/Pipeline->Illuminate/Pipeline/{closure}(Object(Illuminate/Http/Request))
#27 D:/KULIAH/BERAU COAL INTERN/logbook/vendor/laravel/framework/src/Illuminate/Pipeline/Pipeline.php(219): Illuminate/Auth/Middleware/Authenticate->handle(Object(Illuminate/Http/Request), Object(Closure))
#28 D:/KULIAH/BERAU COAL INTERN/logbook/vendor/laravel/framework/src/Illuminate/Foundation/Http/Middleware/VerifyCsrfToken.php(87): Illuminate/Pipeline/Pipeline->Illuminate/Pipeline/{closure}(Object(Illuminate/Http/Request))
#29 D:/KULIAH/BERAU COAL INTERN/logbook/vendor/laravel/framework/src/Illuminate/Pipeline/Pipeline.php(219): Illuminate/Foundation/Http/Middleware/VerifyCsrfToken->handle(Object(Illuminate/Http/Request), Object(Closure))
#30 D:/KULIAH/BERAU COAL INTERN/logbook/vendor/laravel/framework/src/Illuminate/View/Middleware/ShareErrorsFromSession.php(48): Illuminate/Pipeline/Pipeline->Illuminate/Pipeline/{closure}(Object(Illuminate/Http/Request))
#31 D:/KULIAH/BERAU COAL INTERN/logbook/vendor/laravel/framework/src/Illuminate/Pipeline/Pipeline.php(219): Illuminate/View/Middleware/ShareErrorsFromSession->handle(Object(Illuminate/Http/Request), Object(Closure))
#32 D:/KULIAH/BERAU COAL INTERN/logbook/vendor/laravel/framework/src/Illuminate/Session/Middleware/StartSession.php(120): Illuminate/Pipeline/Pipeline->Illuminate/Pipeline/{closure}(Object(Illuminate/Http/Request))
#33 D:/KULIAH/BERAU COAL INTERN/logbook/vendor/laravel/framework/src/Illuminate/Session/Middleware/StartSession.php(63): Illuminate/Session/Middleware/StartSession->handleStatefulRequest(Object(Illuminate/Http/Request), Object(Illuminate/Session/Store), Object(Closure))
#34 D:/KULIAH/BERAU COAL INTERN/logbook/vendor/laravel/framework/src/Illuminate/Pipeline/Pipeline.php(219): Illuminate/Session/Middleware/StartSession->handle(Object(Illuminate/Http/Request), Object(Closure))
#35 D:/KULIAH/BERAU COAL INTERN/logbook/vendor/laravel/framework/src/Illuminate/Cookie/Middleware/AddQueuedCookiesToResponse.php(36): Illuminate/Pipeline/Pipeline->Illuminate/Pipeline/{closure}(Object(Illuminate/Http/Request))
#36 D:/KULIAH/BERAU COAL INTERN/logbook/vendor/laravel/framework/src/Illuminate/Pipeline/Pipeline.php(219): Illuminate/Cookie/Middleware/AddQueuedCookiesToResponse->handle(Object(Illuminate/Http/Request), Object(Closure))
#37 D:/KULIAH/BERAU COAL INTERN/logbook/vendor/laravel/framework/src/Illuminate/Cookie/Middleware/EncryptCookies.php(74): Illuminate/Pipeline/Pipeline->Illuminate/Pipeline/{closure}(Object(Illuminate/Http/Request))
#38 D:/KULIAH/BERAU COAL INTERN/logbook/vendor/laravel/framework/src/Illuminate/Pipeline/Pipeline.php(219): Illuminate/Cookie/Middleware/EncryptCookies->handle(Object(Illuminate/Http/Request), Object(Closure))
#39 D:/KULIAH/BERAU COAL INTERN/logbook/vendor/laravel/framework/src/Illuminate/Pipeline/Pipeline.php(137): Illuminate/Pipeline/Pipeline->Illuminate/Pipeline/{closure}(Object(Illuminate/Http/Request))
#40 D:/KULIAH/BERAU COAL INTERN/logbook/vendor/laravel/framework/src/Illuminate/Routing/Router.php(821): Illuminate/Pipeline/Pipeline->then(Object(Closure))
#41 D:/KULIAH/BERAU COAL INTERN/logbook/vendor/laravel/framework/src/Illuminate/Routing/Router.php(800): Illuminate/Routing/Router->runRouteWithinStack(Object(Illuminate/Routing/Route), Object(Illuminate/Http/Request))
#42 D:/KULIAH/BERAU COAL INTERN/logbook/vendor/laravel/framework/src/Illuminate/Routing/Router.php(764): Illuminate/Routing/Router->runRoute(Object(Illuminate/Http/Request), Object(Illuminate/Routing/Route))
#43 D:/KULIAH/BERAU COAL INTERN/logbook/vendor/laravel/framework/src/Illuminate/Routing/Router.php(753): Illuminate/Routing/Router->dispatchToRoute(Object(Illuminate/Http/Request))
#44 D:/KULIAH/BERAU COAL INTERN/logbook/vendor/laravel/framework/src/Illuminate/Foundation/Http/Kernel.php(200): Illuminate/Routing/Router->dispatch(Object(Illuminate/Http/Request))
#45 D:/KULIAH/BERAU COAL INTERN/logbook/vendor/laravel/framework/src/Illuminate/Pipeline/Pipeline.php(180): Illuminate/Foundation/Http/Kernel->Illuminate/Foundation/Http/{closure}(Object(Illuminate/Http/Request))
#46 D:/KULIAH/BERAU COAL INTERN/logbook/vendor/laravel/framework/src/Illuminate/Foundation/Http/Middleware/TransformsRequest.php(21): Illuminate/Pipeline/Pipeline->Illuminate/Pipeline/{closure}(Object(Illuminate/Http/Request))
#47 D:/KULIAH/BERAU COAL INTERN/logbook/vendor/laravel/framework/src/Illuminate/Foundation/Http/Middleware/ConvertEmptyStringsToNull.php(31): Illuminate/Foundation/Http/Middleware/TransformsRequest->handle(Object(Illuminate/Http/Request), Object(Closure))
#48 D:/KULIAH/BERAU COAL INTERN/logbook/vendor/laravel/framework/src/Illuminate/Pipeline/Pipeline.php(219): Illuminate/Foundation/Http/Middleware/ConvertEmptyStringsToNull->handle(Object(Illuminate/Http/Request), Object(Closure))
#49 D:/KULIAH/BERAU COAL INTERN/logbook/vendor/laravel/framework/src/Illuminate/Foundation/Http/Middleware/TransformsRequest.php(21): Illuminate/Pipeline/Pipeline->Illuminate/Pipeline/{closure}(Object(Illuminate/Http/Request))
#50 D:/KULIAH/BERAU COAL INTERN/logbook/vendor/laravel/framework/src/Illuminate/Foundation/Http/Middleware/TrimStrings.php(51): Illuminate/Foundation/Http/Middleware/TransformsRequest->handle(Object(Illuminate/Http/Request), Object(Closure))
#51 D:/KULIAH/BERAU COAL INTERN/logbook/vendor/laravel/framework/src/Illuminate/Pipeline/Pipeline.php(219): Illuminate/Foundation/Http/Middleware/TrimStrings->handle(Object(Illuminate/Http/Request), Object(Closure))
#52 D:/KULIAH/BERAU COAL INTERN/logbook/vendor/laravel/framework/src/Illuminate/Http/Middleware/ValidatePostSize.php(27): Illuminate/Pipeline/Pipeline->Illuminate/Pipeline/{closure}(Object(Illuminate/Http/Request))
#53 D:/KULIAH/BERAU COAL INTERN/logbook/vendor/laravel/framework/src/Illuminate/Pipeline/Pipeline.php(219): Illuminate/Http/Middleware/ValidatePostSize->handle(Object(Illuminate/Http/Request), Object(Closure))
#54 D:/KULIAH/BERAU COAL INTERN/logbook/vendor/laravel/framework/src/Illuminate/Foundation/Http/Middleware/PreventRequestsDuringMaintenance.php(109): Illuminate/Pipeline/Pipeline->Illuminate/Pipeline/{closure}(Object(Illuminate/Http/Request))
#55 D:/KULIAH/BERAU COAL INTERN/logbook/vendor/laravel/framework/src/Illuminate/Pipeline/Pipeline.php(219): Illuminate/Foundation/Http/Middleware/PreventRequestsDuringMaintenance->handle(Object(Illuminate/Http/Request), Object(Closure))
#56 D:/KULIAH/BERAU COAL INTERN/logbook/vendor/laravel/framework/src/Illuminate/Http/Middleware/HandleCors.php(61): Illuminate/Pipeline/Pipeline->Illuminate/Pipeline/{closure}(Object(Illuminate/Http/Request))
#57 D:/KULIAH/BERAU COAL INTERN/logbook/vendor/laravel/framework/src/Illuminate/Pipeline/Pipeline.php(219): Illuminate/Http/Middleware/HandleCors->handle(Object(Illuminate/Http/Request), Object(Closure))
#58 D:/KULIAH/BERAU COAL INTERN/logbook/vendor/laravel/framework/src/Illuminate/Http/Middleware/TrustProxies.php(58): Illuminate/Pipeline/Pipeline->Illuminate/Pipeline/{closure}(Object(Illuminate/Http/Request))
#59 D:/KULIAH/BERAU COAL INTERN/logbook/vendor/laravel/framework/src/Illuminate/Pipeline/Pipeline.php(219): Illuminate/Http/Middleware/TrustProxies->handle(Object(Illuminate/Http/Request), Object(Closure))
#60 D:/KULIAH/BERAU COAL INTERN/logbook/vendor/laravel/framework/src/Illuminate/Foundation/Http/Middleware/InvokeDeferredCallbacks.php(22): Illuminate/Pipeline/Pipeline->Illuminate/Pipeline/{closure}(Object(Illuminate/Http/Request))
#61 D:/KULIAH/BERAU COAL INTERN/logbook/vendor/laravel/framework/src/Illuminate/Pipeline/Pipeline.php(219): Illuminate/Foundation/Http/Middleware/InvokeDeferredCallbacks->handle(Object(Illuminate/Http/Request), Object(Closure))
#62 D:/KULIAH/BERAU COAL INTERN/logbook/vendor/laravel/framework/src/Illuminate/Http/Middleware/ValidatePathEncoding.php(26): Illuminate/Pipeline/Pipeline->Illuminate/Pipeline/{closure}(Object(Illuminate/Http/Request))
#63 D:/KULIAH/BERAU COAL INTERN/logbook/vendor/laravel/framework/src/Illuminate/Pipeline/Pipeline.php(219): Illuminate/Http/Middleware/ValidatePathEncoding->handle(Object(Illuminate/Http/Request), Object(Closure))
#64 D:/KULIAH/BERAU COAL INTERN/logbook/vendor/laravel/framework/src/Illuminate/Pipeline/Pipeline.php(137): Illuminate/Pipeline/Pipeline->Illuminate/Pipeline/{closure}(Object(Illuminate/Http/Request))
#65 D:/KULIAH/BERAU COAL INTERN/logbook/vendor/laravel/framework/src/Illuminate/Foundation/Http/Kernel.php(175): Illuminate/Pipeline/Pipeline->then(Object(Closure))
#66 D:/KULIAH/BERAU COAL INTERN/logbook/vendor/laravel/framework/src/Illuminate/Foundation/Http/Kernel.php(144): Illuminate/Foundation/Http/Kernel->sendRequestThroughRouter(Object(Illuminate/Http/Request))
#67 D:/KULIAH/BERAU COAL INTERN/logbook/public/index.php(13): Illuminate/Foundation/Http/Kernel->handle(Object(Illuminate/Http/Request))
#68 D:/KULIAH/BERAU COAL INTERN/logbook/vendor/laravel/framework/src/Illuminate/Foundation/resources/server.php(23): require_once('D://KULIAH//BERAU...')
#69 {main}

[previous exception] [object] (PDOException(code: 23000): SQLSTATE[23000]: Integrity constraint violation: 19 NOT NULL constraint failed: ojt_logbooks.hm_start at D:/KULIAH/BERAU COAL INTERN/logbook/vendor/laravel/framework/src/Illuminate/Database/Connection.php:584)
[stacktrace]
#0 D:/KULIAH/BERAU COAL INTERN/logbook/vendor/laravel/framework/src/Illuminate/Database/Connection.php(584): PDOStatement->execute()
#1 D:/KULIAH/BERAU COAL INTERN/logbook/vendor/laravel/framework/src/Illuminate/Database/Connection.php(827): Illuminate/Database/Connection->Illuminate/Database/{closure}('insert into \"oj...', Array)
#2 D:/KULIAH/BERAU COAL INTERN/logbook/vendor/laravel/framework/src/Illuminate/Database/Connection.php(794): Illuminate/Database/Connection->runQueryCallback('insert into \"oj...', Array, Object(Closure))
#3 D:/KULIAH/BERAU COAL INTERN/logbook/vendor/laravel/framework/src/Illuminate/Database/Connection.php(573): Illuminate/Database/Connection->run('insert into \"oj...', Array, Object(Closure))
#4 D:/KULIAH/BERAU COAL INTERN/logbook/vendor/laravel/framework/src/Illuminate/Database/Connection.php(537): Illuminate/Database/Connection->statement('insert into \"oj...', Array)
#5 D:/KULIAH/BERAU COAL INTERN/logbook/vendor/laravel/framework/src/Illuminate/Database/Query/Processors/Processor.php(32): Illuminate/Database/Connection->insert('insert into \"oj...', Array)
#6 D:/KULIAH/BERAU COAL INTERN/logbook/vendor/laravel/framework/src/Illuminate/Database/Query/Builder.php(4170): Illuminate/Database/Query/Processors/Processor->processInsertGetId(Object(Illuminate/Database/Query/Builder), 'insert into \"oj...', Array, 'id')
#7 D:/KULIAH/BERAU COAL INTERN/logbook/vendor/laravel/framework/src/Illuminate/Database/Eloquent/Builder.php(2237): Illuminate/Database/Query/Builder->insertGetId(Array, 'id')
#8 D:/KULIAH/BERAU COAL INTERN/logbook/vendor/laravel/framework/src/Illuminate/Database/Eloquent/Model.php(1436): Illuminate/Database/Eloquent/Builder->__call('insertGetId', Array)
#9 D:/KULIAH/BERAU COAL INTERN/logbook/vendor/laravel/framework/src/Illuminate/Database/Eloquent/Model.php(1401): Illuminate/Database/Eloquent/Model->insertAndSetId(Object(Illuminate/Database/Eloquent/Builder), Array)
#10 D:/KULIAH/BERAU COAL INTERN/logbook/vendor/laravel/framework/src/Illuminate/Database/Eloquent/Model.php(1240): Illuminate/Database/Eloquent/Model->performInsert(Object(Illuminate/Database/Eloquent/Builder))
#11 D:/KULIAH/BERAU COAL INTERN/logbook/vendor/laravel/framework/src/Illuminate/Database/Eloquent/Builder.php(1219): Illuminate/Database/Eloquent/Model->save()
#12 D:/KULIAH/BERAU COAL INTERN/logbook/vendor/laravel/framework/src/Illuminate/Support/helpers.php(393): Illuminate/Database/Eloquent/Builder->Illuminate/Database/Eloquent/{closure}(Object(App/Models/OjtLogbook))
#13 D:/KULIAH/BERAU COAL INTERN/logbook/vendor/laravel/framework/src/Illuminate/Database/Eloquent/Builder.php(1218): tap(Object(App/Models/OjtLogbook), Object(Closure))
#14 D:/KULIAH/BERAU COAL INTERN/logbook/vendor/laravel/framework/src/Illuminate/Support/Traits/ForwardsCalls.php(23): Illuminate/Database/Eloquent/Builder->create(Array)
#15 D:/KULIAH/BERAU COAL INTERN/logbook/vendor/laravel/framework/src/Illuminate/Database/Eloquent/Model.php(2544): Illuminate/Database/Eloquent/Model->forwardCallTo(Object(Illuminate/Database/Eloquent/Builder), 'create', Array)
#16 D:/KULIAH/BERAU COAL INTERN/logbook/vendor/laravel/framework/src/Illuminate/Database/Eloquent/Model.php(2560): Illuminate/Database/Eloquent/Model->__call('create', Array)
#17 D:/KULIAH/BERAU COAL INTERN/logbook/app/Http/Controllers/OjtLogbookController.php(100): Illuminate/Database/Eloquent/Model::__callStatic('create', Array)
#18 D:/KULIAH/BERAU COAL INTERN/logbook/vendor/laravel/framework/src/Illuminate/Routing/Controller.php(54): App/Http/Controllers/OjtLogbookController->store(Object(App/Http/Requests/StoreLogbookRequest))
#19 D:/KULIAH/BERAU COAL INTERN/logbook/vendor/laravel/framework/src/Illuminate/Routing/ControllerDispatcher.php(43): Illuminate/Routing/Controller->callAction('store', Array)
#20 D:/KULIAH/BERAU COAL INTERN/logbook/vendor/laravel/framework/src/Illuminate/Routing/Route.php(265): Illuminate/Routing/ControllerDispatcher->dispatch(Object(Illuminate/Routing/Route), Object(App/Http/Controllers/OjtLogbookController), 'store')
#21 D:/KULIAH/BERAU COAL INTERN/logbook/vendor/laravel/framework/src/Illuminate/Routing/Route.php(211): Illuminate/Routing/Route->runController()
#22 D:/KULIAH/BERAU COAL INTERN/logbook/vendor/laravel/framework/src/Illuminate/Routing/Router.php(822): Illuminate/Routing/Route->run()
#23 D:/KULIAH/BERAU COAL INTERN/logbook/vendor/laravel/framework/src/Illuminate/Pipeline/Pipeline.php(180): Illuminate/Routing/Router->Illuminate/Routing/{closure}(Object(Illuminate/Http/Request))
#24 D:/KULIAH/BERAU COAL INTERN/logbook/app/Http/Middleware/RoleMiddleware.php(23): Illuminate/Pipeline/Pipeline->Illuminate/Pipeline/{closure}(Object(Illuminate/Http/Request))
#25 D:/KULIAH/BERAU COAL INTERN/logbook/vendor/laravel/framework/src/Illuminate/Pipeline/Pipeline.php(219): App/Http/Middleware/RoleMiddleware->handle(Object(Illuminate/Http/Request), Object(Closure), 'trainee')
#26 D:/KULIAH/BERAU COAL INTERN/logbook/vendor/laravel/framework/src/Illuminate/Routing/Middleware/SubstituteBindings.php(50): Illuminate/Pipeline/Pipeline->Illuminate/Pipeline/{closure}(Object(Illuminate/Http/Request))
#27 D:/KULIAH/BERAU COAL INTERN/logbook/vendor/laravel/framework/src/Illuminate/Pipeline/Pipeline.php(219): Illuminate/Routing/Middleware/SubstituteBindings->handle(Object(Illuminate/Http/Request), Object(Closure))
#28 D:/KULIAH/BERAU COAL INTERN/logbook/vendor/laravel/framework/src/Illuminate/Auth/Middleware/Authenticate.php(63): Illuminate/Pipeline/Pipeline->Illuminate/Pipeline/{closure}(Object(Illuminate/Http/Request))
#29 D:/KULIAH/BERAU COAL INTERN/logbook/vendor/laravel/framework/src/Illuminate/Pipeline/Pipeline.php(219): Illuminate/Auth/Middleware/Authenticate->handle(Object(Illuminate/Http/Request), Object(Closure))
#30 D:/KULIAH/BERAU COAL INTERN/logbook/vendor/laravel/framework/src/Illuminate/Foundation/Http/Middleware/VerifyCsrfToken.php(87): Illuminate/Pipeline/Pipeline->Illuminate/Pipeline/{closure}(Object(Illuminate/Http/Request))
#31 D:/KULIAH/BERAU COAL INTERN/logbook/vendor/laravel/framework/src/Illuminate/Pipeline/Pipeline.php(219): Illuminate/Foundation/Http/Middleware/VerifyCsrfToken->handle(Object(Illuminate/Http/Request), Object(Closure))
#32 D:/KULIAH/BERAU COAL INTERN/logbook/vendor/laravel/framework/src/Illuminate/View/Middleware/ShareErrorsFromSession.php(48): Illuminate/Pipeline/Pipeline->Illuminate/Pipeline/{closure}(Object(Illuminate/Http/Request))
#33 D:/KULIAH/BERAU COAL INTERN/logbook/vendor/laravel/framework/src/Illuminate/Pipeline/Pipeline.php(219): Illuminate/View/Middleware/ShareErrorsFromSession->handle(Object(Illuminate/Http/Request), Object(Closure))
#34 D:/KULIAH/BERAU COAL INTERN/logbook/vendor/laravel/framework/src/Illuminate/Session/Middleware/StartSession.php(120): Illuminate/Pipeline/Pipeline->Illuminate/Pipeline/{closure}(Object(Illuminate/Http/Request))
#35 D:/KULIAH/BERAU COAL INTERN/logbook/vendor/laravel/framework/src/Illuminate/Session/Middleware/StartSession.php(63): Illuminate/Session/Middleware/StartSession->handleStatefulRequest(Object(Illuminate/Http/Request), Object(Illuminate/Session/Store), Object(Closure))
#36 D:/KULIAH/BERAU COAL INTERN/logbook/vendor/laravel/framework/src/Illuminate/Pipeline/Pipeline.php(219): Illuminate/Session/Middleware/StartSession->handle(Object(Illuminate/Http/Request), Object(Closure))
#37 D:/KULIAH/BERAU COAL INTERN/logbook/vendor/laravel/framework/src/Illuminate/Cookie/Middleware/AddQueuedCookiesToResponse.php(36): Illuminate/Pipeline/Pipeline->Illuminate/Pipeline/{closure}(Object(Illuminate/Http/Request))
#38 D:/KULIAH/BERAU COAL INTERN/logbook/vendor/laravel/framework/src/Illuminate/Pipeline/Pipeline.php(219): Illuminate/Cookie/Middleware/AddQueuedCookiesToResponse->handle(Object(Illuminate/Http/Request), Object(Closure))
#39 D:/KULIAH/BERAU COAL INTERN/logbook/vendor/laravel/framework/src/Illuminate/Cookie/Middleware/EncryptCookies.php(74): Illuminate/Pipeline/Pipeline->Illuminate/Pipeline/{closure}(Object(Illuminate/Http/Request))
#40 D:/KULIAH/BERAU COAL INTERN/logbook/vendor/laravel/framework/src/Illuminate/Pipeline/Pipeline.php(219): Illuminate/Cookie/Middleware/EncryptCookies->handle(Object(Illuminate/Http/Request), Object(Closure))
#41 D:/KULIAH/BERAU COAL INTERN/logbook/vendor/laravel/framework/src/Illuminate/Pipeline/Pipeline.php(137): Illuminate/Pipeline/Pipeline->Illuminate/Pipeline/{closure}(Object(Illuminate/Http/Request))
#42 D:/KULIAH/BERAU COAL INTERN/logbook/vendor/laravel/framework/src/Illuminate/Routing/Router.php(821): Illuminate/Pipeline/Pipeline->then(Object(Closure))
#43 D:/KULIAH/BERAU COAL INTERN/logbook/vendor/laravel/framework/src/Illuminate/Routing/Router.php(800): Illuminate/Routing/Router->runRouteWithinStack(Object(Illuminate/Routing/Route), Object(Illuminate/Http/Request))
#44 D:/KULIAH/BERAU COAL INTERN/logbook/vendor/laravel/framework/src/Illuminate/Routing/Router.php(764): Illuminate/Routing/Router->runRoute(Object(Illuminate/Http/Request), Object(Illuminate/Routing/Route))
#45 D:/KULIAH/BERAU COAL INTERN/logbook/vendor/laravel/framework/src/Illuminate/Routing/Router.php(753): Illuminate/Routing/Router->dispatchToRoute(Object(Illuminate/Http/Request))
#46 D:/KULIAH/BERAU COAL INTERN/logbook/vendor/laravel/framework/src/Illuminate/Foundation/Http/Kernel.php(200): Illuminate/Routing/Router->dispatch(Object(Illuminate/Http/Request))
#47 D:/KULIAH/BERAU COAL INTERN/logbook/vendor/laravel/framework/src/Illuminate/Pipeline/Pipeline.php(180): Illuminate/Foundation/Http/Kernel->Illuminate/Foundation/Http/{closure}(Object(Illuminate/Http/Request))
#48 D:/KULIAH/BERAU COAL INTERN/logbook/vendor/laravel/framework/src/Illuminate/Foundation/Http/Middleware/TransformsRequest.php(21): Illuminate/Pipeline/Pipeline->Illuminate/Pipeline/{closure}(Object(Illuminate/Http/Request))
#49 D:/KULIAH/BERAU COAL INTERN/logbook/vendor/laravel/framework/src/Illuminate/Foundation/Http/Middleware/ConvertEmptyStringsToNull.php(31): Illuminate/Foundation/Http/Middleware/TransformsRequest->handle(Object(Illuminate/Http/Request), Object(Closure))
#50 D:/KULIAH/BERAU COAL INTERN/logbook/vendor/laravel/framework/src/Illuminate/Pipeline/Pipeline.php(219): Illuminate/Foundation/Http/Middleware/ConvertEmptyStringsToNull->handle(Object(Illuminate/Http/Request), Object(Closure))
#51 D:/KULIAH/BERAU COAL INTERN/logbook/vendor/laravel/framework/src/Illuminate/Foundation/Http/Middleware/TransformsRequest.php(21): Illuminate/Pipeline/Pipeline->Illuminate/Pipeline/{closure}(Object(Illuminate/Http/Request))
#52 D:/KULIAH/BERAU COAL INTERN/logbook/vendor/laravel/framework/src/Illuminate/Foundation/Http/Middleware/TrimStrings.php(51): Illuminate/Foundation/Http/Middleware/TransformsRequest->handle(Object(Illuminate/Http/Request), Object(Closure))
#53 D:/KULIAH/BERAU COAL INTERN/logbook/vendor/laravel/framework/src/Illuminate/Pipeline/Pipeline.php(219): Illuminate/Foundation/Http/Middleware/TrimStrings->handle(Object(Illuminate/Http/Request), Object(Closure))
#54 D:/KULIAH/BERAU COAL INTERN/logbook/vendor/laravel/framework/src/Illuminate/Http/Middleware/ValidatePostSize.php(27): Illuminate/Pipeline/Pipeline->Illuminate/Pipeline/{closure}(Object(Illuminate/Http/Request))
#55 D:/KULIAH/BERAU COAL INTERN/logbook/vendor/laravel/framework/src/Illuminate/Pipeline/Pipeline.php(219): Illuminate/Http/Middleware/ValidatePostSize->handle(Object(Illuminate/Http/Request), Object(Closure))
#56 D:/KULIAH/BERAU COAL INTERN/logbook/vendor/laravel/framework/src/Illuminate/Foundation/Http/Middleware/PreventRequestsDuringMaintenance.php(109): Illuminate/Pipeline/Pipeline->Illuminate/Pipeline/{closure}(Object(Illuminate/Http/Request))
#57 D:/KULIAH/BERAU COAL INTERN/logbook/vendor/laravel/framework/src/Illuminate/Pipeline/Pipeline.php(219): Illuminate/Foundation/Http/Middleware/PreventRequestsDuringMaintenance->handle(Object(Illuminate/Http/Request), Object(Closure))
#58 D:/KULIAH/BERAU COAL INTERN/logbook/vendor/laravel/framework/src/Illuminate/Http/Middleware/HandleCors.php(61): Illuminate/Pipeline/Pipeline->Illuminate/Pipeline/{closure}(Object(Illuminate/Http/Request))
#59 D:/KULIAH/BERAU COAL INTERN/logbook/vendor/laravel/framework/src/Illuminate/Pipeline/Pipeline.php(219): Illuminate/Http/Middleware/HandleCors->handle(Object(Illuminate/Http/Request), Object(Closure))
#60 D:/KULIAH/BERAU COAL INTERN/logbook/vendor/laravel/framework/src/Illuminate/Http/Middleware/TrustProxies.php(58): Illuminate/Pipeline/Pipeline->Illuminate/Pipeline/{closure}(Object(Illuminate/Http/Request))
#61 D:/KULIAH/BERAU COAL INTERN/logbook/vendor/laravel/framework/src/Illuminate/Pipeline/Pipeline.php(219): Illuminate/Http/Middleware/TrustProxies->handle(Object(Illuminate/Http/Request), Object(Closure))
#62 D:/KULIAH/BERAU COAL INTERN/logbook/vendor/laravel/framework/src/Illuminate/Foundation/Http/Middleware/InvokeDeferredCallbacks.php(22): Illuminate/Pipeline/Pipeline->Illuminate/Pipeline/{closure}(Object(Illuminate/Http/Request))
#63 D:/KULIAH/BERAU COAL INTERN/logbook/vendor/laravel/framework/src/Illuminate/Pipeline/Pipeline.php(219): Illuminate/Foundation/Http/Middleware/InvokeDeferredCallbacks->handle(Object(Illuminate/Http/Request), Object(Closure))
#64 D:/KULIAH/BERAU COAL INTERN/logbook/vendor/laravel/framework/src/Illuminate/Http/Middleware/ValidatePathEncoding.php(26): Illuminate/Pipeline/Pipeline->Illuminate/Pipeline/{closure}(Object(Illuminate/Http/Request))
#65 D:/KULIAH/BERAU COAL INTERN/logbook/vendor/laravel/framework/src/Illuminate/Pipeline/Pipeline.php(219): Illuminate/Http/Middleware/ValidatePathEncoding->handle(Object(Illuminate/Http/Request), Object(Closure))
#66 D:/KULIAH/BERAU COAL INTERN/logbook/vendor/laravel/framework/src/Illuminate/Pipeline/Pipeline.php(137): Illuminate/Pipeline/Pipeline->Illuminate/Pipeline/{closure}(Object(Illuminate/Http/Request))
#67 D:/KULIAH/BERAU COAL INTERN/logbook/vendor/laravel/framework/src/Illuminate/Foundation/Http/Kernel.php(175): Illuminate/Pipeline/Pipeline->then(Object(Closure))
#68 D:/KULIAH/BERAU COAL INTERN/logbook/vendor/laravel/framework/src/Illuminate/Foundation/Http/Kernel.php(144): Illuminate/Foundation/Http/Kernel->sendRequestThroughRouter(Object(Illuminate/Http/Request))
#69 D:/KULIAH/BERAU COAL INTERN/logbook/public/index.php(13): Illuminate/Foundation/Http/Kernel->handle(Object(Illuminate/Http/Request))
#70 D:/KULIAH/BERAU COAL INTERN/logbook/vendor/laravel/framework/src/Illuminate/Foundation/resources/server.php(23): require_once('D://KULIAH//BERAU...')
#71 {main}
"} 
[2026-08-10 10:57:21] local.ERROR: Maximum execution time of 30 seconds exceeded {"exception":"[object] (Symfony\\Component\\ErrorHandler\\Error\\FatalError(code: 0): Maximum execution time of 30 seconds exceeded at D:/KULIAH/BERAU COAL INTERN/logbook/vendor/laravel/framework/src/Illuminate/Http/RedirectResponse.php:16)
[stacktrace]
#0 {main}
"} 
[2026-08-10 11:11:32] local.ERROR: The "--columns" option does not exist. {"exception":"[object] (Symfony\\Component\\Console\\Exception\\RuntimeException(code: 0): The \"--columns\" option does not exist. at D:/KULIAH/BERAU COAL INTERN/logbook/vendor/symfony/console/Input/ArgvInput.php:226)
[stacktrace]
#0 D:/KULIAH/BERAU COAL INTERN/logbook/vendor/symfony/console/Input/ArgvInput.php(153): Symfony/Component/Console/Input/ArgvInput->addLongOption('columns', 'method,uri,name...')
#1 D:/KULIAH/BERAU COAL INTERN/logbook/vendor/symfony/console/Input/ArgvInput.php(88): Symfony/Component/Console/Input/ArgvInput->parseLongOption('--columns=metho...')
#2 D:/KULIAH/BERAU COAL INTERN/logbook/vendor/symfony/console/Input/ArgvInput.php(77): Symfony/Component/Console/Input/ArgvInput->parseToken('--columns=metho...', true)
#3 D:/KULIAH/BERAU COAL INTERN/logbook/vendor/symfony/console/Input/Input.php(53): Symfony/Component/Console/Input/ArgvInput->parse()
#4 D:/KULIAH/BERAU COAL INTERN/logbook/vendor/symfony/console/Command/Command.php(295): Symfony/Component/Console/Input/Input->bind(Object(Symfony/Component/Console/Input/InputDefinition))
#5 D:/KULIAH/BERAU COAL INTERN/logbook/vendor/laravel/framework/src/Illuminate/Console/Command.php(180): Symfony/Component/Console/Command/Command->run(Object(Symfony/Component/Console/Input/ArgvInput), Object(Illuminate/Console/OutputStyle))
#6 D:/KULIAH/BERAU COAL INTERN/logbook/vendor/symfony/console/Application.php(1117): Illuminate/Console/Command->run(Object(Symfony/Component/Console/Input/ArgvInput), Object(Symfony/Component/Console/Output/ConsoleOutput))
#7 D:/KULIAH/BERAU COAL INTERN/logbook/vendor/symfony/console/Application.php(356): Symfony/Component/Console/Application->doRunCommand(Object(Illuminate/Foundation/Console/RouteListCommand), Object(Symfony/Component/Console/Input/ArgvInput), Object(Symfony/Component/Console/Output/ConsoleOutput))
#8 D:/KULIAH/BERAU COAL INTERN/logbook/vendor/symfony/console/Application.php(195): Symfony/Component/Console/Application->doRun(Object(Symfony/Component/Console/Input/ArgvInput), Object(Symfony/Component/Console/Output/ConsoleOutput))
#9 D:/KULIAH/BERAU COAL INTERN/logbook/vendor/laravel/framework/src/Illuminate/Foundation/Console/Kernel.php(198): Symfony/Component/Console/Application->run(Object(Symfony/Component/Console/Input/ArgvInput), Object(Symfony/Component/Console/Output/ConsoleOutput))
#10 D:/KULIAH/BERAU COAL INTERN/logbook/vendor/laravel/framework/src/Illuminate/Foundation/Application.php(1235): Illuminate/Foundation/Console/Kernel->handle(Object(Symfony/Component/Console/Input/ArgvInput), Object(Symfony/Component/Console/Output/ConsoleOutput))
#11 D:/KULIAH/BERAU COAL INTERN/logbook/artisan(16): Illuminate/Foundation/Application->handleCommand(Object(Symfony/Component/Console/Input/ArgvInput))
#12 {main}
"} 
[2026-08-10 11:13:13] local.ERROR: SQLSTATE[HY000]: General error: 1 table "sessions" already exists (Connection: sqlite, Database: database/database.sqlite, SQL: create table "sessions" ("id" varchar not null, "user_id" integer, "ip_address" varchar, "user_agent" text, "payload" text not null, "last_activity" integer not null, primary key ("id"))) {"exception":"[object] (Illuminate\\Database\\QueryException(code: HY000): SQLSTATE[HY000]: General error: 1 table \"sessions\" already exists (Connection: sqlite, Database: database/database.sqlite, SQL: create table \"sessions\" (\"id\" varchar not null, \"user_id\" integer, \"ip_address\" varchar, \"user_agent\" text, \"payload\" text not null, \"last_activity\" integer not null, primary key (\"id\"))) at D:/KULIAH/BERAU COAL INTERN/logbook/vendor/laravel/framework/src/Illuminate/Database/Connection.php:838)
[stacktrace]
#0 D:/KULIAH/BERAU COAL INTERN/logbook/vendor/laravel/framework/src/Illuminate/Database/Connection.php(794): Illuminate/Database/Connection->runQueryCallback('create table \"s...', Array, Object(Closure))
#1 D:/KULIAH/BERAU COAL INTERN/logbook/vendor/laravel/framework/src/Illuminate/Database/Connection.php(573): Illuminate/Database/Connection->run('create table \"s...', Array, Object(Closure))
#2 D:/KULIAH/BERAU COAL INTERN/logbook/vendor/laravel/framework/src/Illuminate/Database/Schema/Blueprint.php(121): Illuminate/Database/Connection->statement('create table \"s...')
#3 D:/KULIAH/BERAU COAL INTERN/logbook/vendor/laravel/framework/src/Illuminate/Database/Schema/Builder.php(686): Illuminate/Database/Schema/Blueprint->build()
#4 D:/KULIAH/BERAU COAL INTERN/logbook/vendor/laravel/framework/src/Illuminate/Database/Schema/Builder.php(506): Illuminate/Database/Schema/Builder->build(Object(Illuminate/Database/Schema/Blueprint))
#5 D:/KULIAH/BERAU COAL INTERN/logbook/vendor/laravel/framework/src/Illuminate/Support/Facades/Facade.php(363): Illuminate/Database/Schema/Builder->create('sessions', Object(Closure))
#6 D:/KULIAH/BERAU COAL INTERN/logbook/database/migrations/2026_08_10_111017_create_sessions_table.php(14): Illuminate/Support/Facades/Facade::__callStatic('create', Array)
#7 D:/KULIAH/BERAU COAL INTERN/logbook/vendor/laravel/framework/src/Illuminate/Database/Migrations/Migrator.php(517): Illuminate/Database/Migrations/Migration@anonymous->up()
#8 D:/KULIAH/BERAU COAL INTERN/logbook/vendor/laravel/framework/src/Illuminate/Database/Migrations/Migrator.php(442): Illuminate/Database/Migrations/Migrator->runMethod(Object(Illuminate/Database/SQLiteConnection), Object(Illuminate/Database/Migrations/Migration@anonymous), 'up')
#9 D:/KULIAH/BERAU COAL INTERN/logbook/vendor/laravel/framework/src/Illuminate/Database/Migrations/Migrator.php(451): Illuminate/Database/Migrations/Migrator->Illuminate/Database/Migrations/{closure}()
#10 D:/KULIAH/BERAU COAL INTERN/logbook/vendor/laravel/framework/src/Illuminate/Database/Migrations/Migrator.php(253): Illuminate/Database/Migrations/Migrator->runMigration(Object(Illuminate/Database/Migrations/Migration@anonymous), 'up')
#11 D:/KULIAH/BERAU COAL INTERN/logbook/vendor/laravel/framework/src/Illuminate/Console/View/Components/Task.php(41): Illuminate/Database/Migrations/Migrator->Illuminate/Database/Migrations/{closure}()
#12 D:/KULIAH/BERAU COAL INTERN/logbook/vendor/laravel/framework/src/Illuminate/Database/Migrations/Migrator.php(814): Illuminate/Console/View/Components/Task->render('2026_08_10_1110...', Object(Closure))
#13 D:/KULIAH/BERAU COAL INTERN/logbook/vendor/laravel/framework/src/Illuminate/Database/Migrations/Migrator.php(253): Illuminate/Database/Migrations/Migrator->write('Illuminate//Cons...', '2026_08_10_1110...', Object(Closure))
#14 D:/KULIAH/BERAU COAL INTERN/logbook/vendor/laravel/framework/src/Illuminate/Database/Migrations/Migrator.php(211): Illuminate/Database/Migrations/Migrator->runUp('D://KULIAH//BERAU...', 13, false)
#15 D:/KULIAH/BERAU COAL INTERN/logbook/vendor/laravel/framework/src/Illuminate/Database/Migrations/Migrator.php(138): Illuminate/Database/Migrations/Migrator->runPending(Array, Array)
#16 D:/KULIAH/BERAU COAL INTERN/logbook/vendor/laravel/framework/src/Illuminate/Database/Console/Migrations/MigrateCommand.php(116): Illuminate/Database/Migrations/Migrator->run(Array, Array)
#17 D:/KULIAH/BERAU COAL INTERN/logbook/vendor/laravel/framework/src/Illuminate/Database/Migrations/Migrator.php(671): Illuminate/Database/Console/Migrations/MigrateCommand->Illuminate/Database/Console/Migrations/{closure}()
#18 D:/KULIAH/BERAU COAL INTERN/logbook/vendor/laravel/framework/src/Illuminate/Database/Console/Migrations/MigrateCommand.php(109): Illuminate/Database/Migrations/Migrator->usingConnection(NULL, Object(Closure))
#19 D:/KULIAH/BERAU COAL INTERN/logbook/vendor/laravel/framework/src/Illuminate/Database/Console/Migrations/MigrateCommand.php(88): Illuminate/Database/Console/Migrations/MigrateCommand->runMigrations()
#20 D:/KULIAH/BERAU COAL INTERN/logbook/vendor/laravel/framework/src/Illuminate/Container/BoundMethod.php(36): Illuminate/Database/Console/Migrations/MigrateCommand->handle()
#21 D:/KULIAH/BERAU COAL INTERN/logbook/vendor/laravel/framework/src/Illuminate/Container/Util.php(43): Illuminate/Container/BoundMethod::Illuminate/Container/{closure}()
#22 D:/KULIAH/BERAU COAL INTERN/logbook/vendor/laravel/framework/src/Illuminate/Container/BoundMethod.php(96): Illuminate/Container/Util::unwrapIfClosure(Object(Closure))
#23 D:/KULIAH/BERAU COAL INTERN/logbook/vendor/laravel/framework/src/Illuminate/Container/BoundMethod.php(35): Illuminate/Container/BoundMethod::callBoundMethod(Object(Illuminate/Foundation/Application), Array, Object(Closure))
#24 D:/KULIAH/BERAU COAL INTERN/logbook/vendor/laravel/framework/src/Illuminate/Container/Container.php(799): Illuminate/Container/BoundMethod::call(Object(Illuminate/Foundation/Application), Array, Array, NULL)
#25 D:/KULIAH/BERAU COAL INTERN/logbook/vendor/laravel/framework/src/Illuminate/Console/Command.php(211): Illuminate/Container/Container->call(Array)
#26 D:/KULIAH/BERAU COAL INTERN/logbook/vendor/symfony/console/Command/Command.php(341): Illuminate/Console/Command->execute(Object(Symfony/Component/Console/Input/ArgvInput), Object(Illuminate/Console/OutputStyle))
#27 D:/KULIAH/BERAU COAL INTERN/logbook/vendor/laravel/framework/src/Illuminate/Console/Command.php(180): Symfony/Component/Console/Command/Command->run(Object(Symfony/Component/Console/Input/ArgvInput), Object(Illuminate/Console/OutputStyle))
#28 D:/KULIAH/BERAU COAL INTERN/logbook/vendor/symfony/console/Application.php(1117): Illuminate/Console/Command->run(Object(Symfony/Component/Console/Input/ArgvInput), Object(Symfony/Component/Console/Output/ConsoleOutput))
#29 D:/KULIAH/BERAU COAL INTERN/logbook/vendor/symfony/console/Application.php(356): Symfony/Component/Console/Application->doRunCommand(Object(Illuminate/Database/Console/Migrations/MigrateCommand), Object(Symfony/Component/Console/Input/ArgvInput), Object(Symfony/Component/Console/Output/ConsoleOutput))
#30 D:/KULIAH/BERAU COAL INTERN/logbook/vendor/symfony/console/Application.php(195): Symfony/Component/Console/Application->doRun(Object(Symfony/Component/Console/Input/ArgvInput), Object(Symfony/Component/Console/Output/ConsoleOutput))
#31 D:/KULIAH/BERAU COAL INTERN/logbook/vendor/laravel/framework/src/Illuminate/Foundation/Console/Kernel.php(198): Symfony/Component/Console/Application->run(Object(Symfony/Component/Console/Input/ArgvInput), Object(Symfony/Component/Console/Output/ConsoleOutput))
#32 D:/KULIAH/BERAU COAL INTERN/logbook/vendor/laravel/framework/src/Illuminate/Foundation/Application.php(1235): Illuminate/Foundation/Console/Kernel->handle(Object(Symfony/Component/Console/Input/ArgvInput), Object(Symfony/Component/Console/Output/ConsoleOutput))
#33 D:/KULIAH/BERAU COAL INTERN/logbook/artisan(16): Illuminate/Foundation/Application->handleCommand(Object(Symfony/Component/Console/Input/ArgvInput))
#34 {main}

[previous exception] [object] (PDOException(code: HY000): SQLSTATE[HY000]: General error: 1 table \"sessions\" already exists at D:/KULIAH/BERAU COAL INTERN/logbook/vendor/laravel/framework/src/Illuminate/Database/Connection.php:578)
[stacktrace]
#0 D:/KULIAH/BERAU COAL INTERN/logbook/vendor/laravel/framework/src/Illuminate/Database/Connection.php(578): PDO->prepare('create table \"s...')
#1 D:/KULIAH/BERAU COAL INTERN/logbook/vendor/laravel/framework/src/Illuminate/Database/Connection.php(827): Illuminate/Database/Connection->Illuminate/Database/{closure}('create table \"s...', Array)
#2 D:/KULIAH/BERAU COAL INTERN/logbook/vendor/laravel/framework/src/Illuminate/Database/Connection.php(794): Illuminate/Database/Connection->runQueryCallback('create table \"s...', Array, Object(Closure))
#3 D:/KULIAH/BERAU COAL INTERN/logbook/vendor/laravel/framework/src/Illuminate/Database/Connection.php(573): Illuminate/Database/Connection->run('create table \"s...', Array, Object(Closure))
#4 D:/KULIAH/BERAU COAL INTERN/logbook/vendor/laravel/framework/src/Illuminate/Database/Schema/Blueprint.php(121): Illuminate/Database/Connection->statement('create table \"s...')
#5 D:/KULIAH/BERAU COAL INTERN/logbook/vendor/laravel/framework/src/Illuminate/Database/Schema/Builder.php(686): Illuminate/Database/Schema/Blueprint->build()
#6 D:/KULIAH/BERAU COAL INTERN/logbook/vendor/laravel/framework/src/Illuminate/Database/Schema/Builder.php(506): Illuminate/Database/Schema/Builder->build(Object(Illuminate/Database/Schema/Blueprint))
#7 D:/KULIAH/BERAU COAL INTERN/logbook/vendor/laravel/framework/src/Illuminate/Support/Facades/Facade.php(363): Illuminate/Database/Schema/Builder->create('sessions', Object(Closure))
#8 D:/KULIAH/BERAU COAL INTERN/logbook/database/migrations/2026_08_10_111017_create_sessions_table.php(14): Illuminate/Support/Facades/Facade::__callStatic('create', Array)
#9 D:/KULIAH/BERAU COAL INTERN/logbook/vendor/laravel/framework/src/Illuminate/Database/Migrations/Migrator.php(517): Illuminate/Database/Migrations/Migration@anonymous->up()
#10 D:/KULIAH/BERAU COAL INTERN/logbook/vendor/laravel/framework/src/Illuminate/Database/Migrations/Migrator.php(442): Illuminate/Database/Migrations/Migrator->runMethod(Object(Illuminate/Database/SQLiteConnection), Object(Illuminate/Database/Migrations/Migration@anonymous), 'up')
#11 D:/KULIAH/BERAU COAL INTERN/logbook/vendor/laravel/framework/src/Illuminate/Database/Migrations/Migrator.php(451): Illuminate/Database/Migrations/Migrator->Illuminate/Database/Migrations/{closure}()
#12 D:/KULIAH/BERAU COAL INTERN/logbook/vendor/laravel/framework/src/Illuminate/Database/Migrations/Migrator.php(253): Illuminate/Database/Migrations/Migrator->runMigration(Object(Illuminate/Database/Migrations/Migration@anonymous), 'up')
#13 D:/KULIAH/BERAU COAL INTERN/logbook/vendor/laravel/framework/src/Illuminate/Console/View/Components/Task.php(41): Illuminate/Database/Migrations/Migrator->Illuminate/Database/Migrations/{closure}()
#14 D:/KULIAH/BERAU COAL INTERN/logbook/vendor/laravel/framework/src/Illuminate/Database/Migrations/Migrator.php(814): Illuminate/Console/View/Components/Task->render('2026_08_10_1110...', Object(Closure))
#15 D:/KULIAH/BERAU COAL INTERN/logbook/vendor/laravel/framework/src/Illuminate/Database/Migrations/Migrator.php(253): Illuminate/Database/Migrations/Migrator->write('Illuminate//Cons...', '2026_08_10_1110...', Object(Closure))
#16 D:/KULIAH/BERAU COAL INTERN/logbook/vendor/laravel/framework/src/Illuminate/Database/Migrations/Migrator.php(211): Illuminate/Database/Migrations/Migrator->runUp('D://KULIAH//BERAU...', 13, false)
#17 D:/KULIAH/BERAU COAL INTERN/logbook/vendor/laravel/framework/src/Illuminate/Database/Migrations/Migrator.php(138): Illuminate/Database/Migrations/Migrator->runPending(Array, Array)
#18 D:/KULIAH/BERAU COAL INTERN/logbook/vendor/laravel/framework/src/Illuminate/Database/Console/Migrations/MigrateCommand.php(116): Illuminate/Database/Migrations/Migrator->run(Array, Array)
#19 D:/KULIAH/BERAU COAL INTERN/logbook/vendor/laravel/framework/src/Illuminate/Database/Migrations/Migrator.php(671): Illuminate/Database/Console/Migrations/MigrateCommand->Illuminate/Database/Console/Migrations/{closure}()
#20 D:/KULIAH/BERAU COAL INTERN/logbook/vendor/laravel/framework/src/Illuminate/Database/Console/Migrations/MigrateCommand.php(109): Illuminate/Database/Migrations/Migrator->usingConnection(NULL, Object(Closure))
#21 D:/KULIAH/BERAU COAL INTERN/logbook/vendor/laravel/framework/src/Illuminate/Database/Console/Migrations/MigrateCommand.php(88): Illuminate/Database/Console/Migrations/MigrateCommand->runMigrations()
#22 D:/KULIAH/BERAU COAL INTERN/logbook/vendor/laravel/framework/src/Illuminate/Container/BoundMethod.php(36): Illuminate/Database/Console/Migrations/MigrateCommand->handle()
#23 D:/KULIAH/BERAU COAL INTERN/logbook/vendor/laravel/framework/src/Illuminate/Container/Util.php(43): Illuminate/Container/BoundMethod::Illuminate/Container/{closure}()
#24 D:/KULIAH/BERAU COAL INTERN/logbook/vendor/laravel/framework/src/Illuminate/Container/BoundMethod.php(96): Illuminate/Container/Util::unwrapIfClosure(Object(Closure))
#25 D:/KULIAH/BERAU COAL INTERN/logbook/vendor/laravel/framework/src/Illuminate/Container/BoundMethod.php(35): Illuminate/Container/BoundMethod::callBoundMethod(Object(Illuminate/Foundation/Application), Array, Object(Closure))
#26 D:/KULIAH/BERAU COAL INTERN/logbook/vendor/laravel/framework/src/Illuminate/Container/Container.php(799): Illuminate/Container/BoundMethod::call(Object(Illuminate/Foundation/Application), Array, Array, NULL)
#27 D:/KULIAH/BERAU COAL INTERN/logbook/vendor/laravel/framework/src/Illuminate/Console/Command.php(211): Illuminate/Container/Container->call(Array)
#28 D:/KULIAH/BERAU COAL INTERN/logbook/vendor/symfony/console/Command/Command.php(341): Illuminate/Console/Command->execute(Object(Symfony/Component/Console/Input/ArgvInput), Object(Illuminate/Console/OutputStyle))
#29 D:/KULIAH/BERAU COAL INTERN/logbook/vendor/laravel/framework/src/Illuminate/Console/Command.php(180): Symfony/Component/Console/Command/Command->run(Object(Symfony/Component/Console/Input/ArgvInput), Object(Illuminate/Console/OutputStyle))
#30 D:/KULIAH/BERAU COAL INTERN/logbook/vendor/symfony/console/Application.php(1117): Illuminate/Console/Command->run(Object(Symfony/Component/Console/Input/ArgvInput), Object(Symfony/Component/Console/Output/ConsoleOutput))
#31 D:/KULIAH/BERAU COAL INTERN/logbook/vendor/symfony/console/Application.php(356): Symfony/Component/Console/Application->doRunCommand(Object(Illuminate/Database/Console/Migrations/MigrateCommand), Object(Symfony/Component/Console/Input/ArgvInput), Object(Symfony/Component/Console/Output/ConsoleOutput))
#32 D:/KULIAH/BERAU COAL INTERN/logbook/vendor/symfony/console/Application.php(195): Symfony/Component/Console/Application->doRun(Object(Symfony/Component/Console/Input/ArgvInput), Object(Symfony/Component/Console/Output/ConsoleOutput))
#33 D:/KULIAH/BERAU COAL INTERN/logbook/vendor/laravel/framework/src/Illuminate/Foundation/Console/Kernel.php(198): Symfony/Component/Console/Application->run(Object(Symfony/Component/Console/Input/ArgvInput), Object(Symfony/Component/Console/Output/ConsoleOutput))
#34 D:/KULIAH/BERAU COAL INTERN/logbook/vendor/laravel/framework/src/Illuminate/Foundation/Application.php(1235): Illuminate/Foundation/Console/Kernel->handle(Object(Symfony/Component/Console/Input/ArgvInput), Object(Symfony/Component/Console/Output/ConsoleOutput))
#35 D:/KULIAH/BERAU COAL INTERN/logbook/artisan(16): Illuminate/Foundation/Application->handleCommand(Object(Symfony/Component/Console/Input/ArgvInput))
#36 {main}
"} 
